Workbook
Name kamujuga: DF!$C$48
Name kode_jawaban: DF!$C$52

Sheet Soal
A16: KODE SOAL | C16: SBEH001 | E16: KODE JAWABAN | G16: =kode_jawaban -> HA1|C0-1A26;F6-19F1;41-20B662F8
A18: Intruksi
B20: Hard Level - Latihan Soal Excel Hari Libur Kerja
B22: Soal : | C22: Gunakan Fungsi Excel (Function) untuk menyelsaikan kasus dibawah ini
B23: 1 | C23: Hitung berapa jumlah hari kerja dari masing-masing karyawan normal tanpa ketidak hadiran.
B24: 2 | C24: Hitung berapa jumlah hari kerja dari masing-masing karyawan sebenarnya dihitung beserta ketidak hadiran.
B25: 3 | C25: Hitung berapa pendapatan Gajinya selama Tahun 2024 (Periode 1 Jan 2024 - 31 Des 2024)
C26: hitung gaji dengan menghitung gaji perhari dikurangi dengan denda jika tidak hadir
C28: Gunakan table (data gaji) yang disediakan!
C30: Sudah selesai mengerjakan? kirim Kode Soal dan Kode Jawaban diatas ke alamat : https://belajarexcel.id/xl-test/jawaban untuk mengecek hasilnya
C31: atau klik tombol disamping
B36: Data Gaji Periode 1 Januari 2024 - 31 Desember 2024
F38: Periode Awal | G38: 45292 | H38: Periode Akhir | I38: 45657
G40: 1 | H40: 2 | I40: 3
B41: No | C41: NIK | D41: Nama | E41: Jadwal Hari Libur Kerja | G41: Jumlah Hari Kerja (Normal) | H41: Jumlah Hari Kerja | I41: Gaji
B42: 1 | C42: ID001 | D42: Austin Cooke | E42: 2 | F42: Sabtu | G42: =NETWORKDAYS.INTL($G$38,$I$38,DEC2BIN(E42,7)) -> 314 | H42: {=NETWORKDAYS.INTL($G$38,$I$38,DEC2BIN(E42,7),IF('Data Libur'!$B$4:$B$43=C42,'Data Libur'!$D$4:$D$43,99999))} -> 311 | I42: =VLOOKUP(C42,'Data Gaji'!$B:$D,3,0)*(H42-(G42-H42)/10) -> 31070000
B43: 2 | C43: ID002 | D43: Randy Beasley | E43: 72 | F43: Senin dan Kamis | G43: =NETWORKDAYS.INTL($G$38,$I$38,DEC2BIN(E43,7)) -> 261 | H43: {=NETWORKDAYS.INTL($G$38,$I$38,DEC2BIN(E43,7),IF('Data Libur'!$B$4:$B$43=C43,'Data Libur'!$D$4:$D$43,99999))} -> 258 | I43: =VLOOKUP(C43,'Data Gaji'!$B:$D,3,0)*(H43-(G43-H43)/10) -> 20358300
B44: 3 | C44: ID003 | D44: Kelly Williams | E44: 1 | F44: Minggu | G44: =NETWORKDAYS.INTL($G$38,$I$38,DEC2BIN(E44,7)) -> 314 | H44: {=NETWORKDAYS.INTL($G$38,$I$38,DEC2BIN(E44,7),IF('Data Libur'!$B$4:$B$43=C44,'Data Libur'!$D$4:$D$43,99999))} -> 310 | I44: =VLOOKUP(C44,'Data Gaji'!$B:$D,3,0)*(H44-(G44-H44)/10) -> 12384000
B45: 4 | C45: ID004 | D45: Steven Daniel | E45: 66 | F45: Sabtu dan Senin | G45: =NETWORKDAYS.INTL($G$38,$I$38,DEC2BIN(E45,7)) -> 261 | H45: {=NETWORKDAYS.INTL($G$38,$I$38,DEC2BIN(E45,7),IF('Data Libur'!$B$4:$B$43=C45,'Data Libur'!$D$4:$D$43,99999))} -> 259 | I45: =VLOOKUP(C45,'Data Gaji'!$B:$D,3,0)*(H45-(G45-H45)/10) -> 12940000
B46: 5 | C46: ID005 | D46: Anthony Sharp | E46: 3 | F46: Sabtu dan Minggu | G46: =NETWORKDAYS.INTL($G$38,$I$38,DEC2BIN(E46,7)) -> 262 | H46: {=NETWORKDAYS.INTL($G$38,$I$38,DEC2BIN(E46,7),IF('Data Libur'!$B$4:$B$43=C46,'Data Libur'!$D$4:$D$43,99999))} -> 261 | I46: =VLOOKUP(C46,'Data Gaji'!$B:$D,3,0)*(H46-(G46-H46)/10) -> 11218700
B47: 6 | C47: ID006 | D47: Richard Miller | E47: 8 | F47: Kamis | G47: =NETWORKDAYS.INTL($G$38,$I$38,DEC2BIN(E47,7)) -> 314 | H47: {=NETWORKDAYS.INTL($G$38,$I$38,DEC2BIN(E47,7),IF('Data Libur'!$B$4:$B$43=C47,'Data Libur'!$D$4:$D$43,99999))} -> 310 | I47: =VLOOKUP(C47,'Data Gaji'!$B:$D,3,0)*(H47-(G47-H47)/10) -> 37152000
B48: 7 | C48: ID007 | D48: Elizabeth White | E48: 65 | F48: Minggu dan Senin | G48: =NETWORKDAYS.INTL($G$38,$I$38,DEC2BIN(E48,7)) -> 261 | H48: {=NETWORKDAYS.INTL($G$38,$I$38,DEC2BIN(E48,7),IF('Data Libur'!$B$4:$B$43=C48,'Data Libur'!$D$4:$D$43,99999))} -> 259 | I48: =VLOOKUP(C48,'Data Gaji'!$B:$D,3,0)*(H48-(G48-H48)/10) -> 30279600
B49: 8 | C49: ID008 | D49: Brian Tucker | E49: 2 | F49: Sabtu | G49: =NETWORKDAYS.INTL($G$38,$I$38,DEC2BIN(E49,7)) -> 314 | H49: {=NETWORKDAYS.INTL($G$38,$I$38,DEC2BIN(E49,7),IF('Data Libur'!$B$4:$B$43=C49,'Data Libur'!$D$4:$D$43,99999))} -> 311 | I49: =VLOOKUP(C49,'Data Gaji'!$B:$D,3,0)*(H49-(G49-H49)/10) -> 18642000
B50: 9 | C50: ID009 | D50: Elizabeth Villarreal | E50: 64 | F50: Senin | G50: =NETWORKDAYS.INTL($G$38,$I$38,DEC2BIN(E50,7)) -> 313 | H50: {=NETWORKDAYS.INTL($G$38,$I$38,DEC2BIN(E50,7),IF('Data Libur'!$B$4:$B$43=C50,'Data Libur'!$D$4:$D$43,99999))} -> 310 | I50: =VLOOKUP(C50,'Data Gaji'!$B:$D,3,0)*(H50-(G50-H50)/10) -> 37164000
B51: 10 | C51: ID010 | D51: Norman Beck | E51: 1 | F51: Minggu | G51: =NETWORKDAYS.INTL($G$38,$I$38,DEC2BIN(E51,7)) -> 314 | H51: {=NETWORKDAYS.INTL($G$38,$I$38,DEC2BIN(E51,7),IF('Data Libur'!$B$4:$B$43=C51,'Data Libur'!$D$4:$D$43,99999))} -> 313 | I51: =VLOOKUP(C51,'Data Gaji'!$B:$D,3,0)*(H51-(G51-H51)/10) -> 31602900
B52: 11 | C52: ID011 | D52: Sheila Daniels | E52: 1 | F52: Minggu | G52: =NETWORKDAYS.INTL($G$38,$I$38,DEC2BIN(E52,7)) -> 314 | H52: {=NETWORKDAYS.INTL($G$38,$I$38,DEC2BIN(E52,7),IF('Data Libur'!$B$4:$B$43=C52,'Data Libur'!$D$4:$D$43,99999))} -> 313 | I52: =VLOOKUP(C52,'Data Gaji'!$B:$D,3,0)*(H52-(G52-H52)/10) -> 13767600
B53: 12 | C53: ID012 | D53: Jessica Burton | E53: 1 | F53: Minggu | G53: =NETWORKDAYS.INTL($G$38,$I$38,DEC2BIN(E53,7)) -> 314 | H53: {=NETWORKDAYS.INTL($G$38,$I$38,DEC2BIN(E53,7),IF('Data Libur'!$B$4:$B$43=C53,'Data Libur'!$D$4:$D$43,99999))} -> 313 | I53: =VLOOKUP(C53,'Data Gaji'!$B:$D,3,0)*(H53-(G53-H53)/10) -> 25970700
... B58: 17 | C58: ID017 | D58: Brenda Chan | E58: 3 | F58: Sabtu dan Minggu | G58: =NETWORKDAYS.INTL($G$38,$I$38,DEC2BIN(E58,7)) -> 262 | H58: {=NETWORKDAYS.INTL($G$38,$I$38,DEC2BIN(E58,7),IF('Data Libur'!$B$4:$B$43=C58,'Data Libur'!$D$4:$D$43,99999))} -> 260 | I58: =VLOOKUP(C58,'Data Gaji'!$B:$D,3,0)*(H58-(G58-H58)/10) -> 16627200
H59: Total | I59: =SUM(I42:I58) -> 374384800
A63: Dilarang mengubah Table atau Menambah Table Baru atau Menambah Kolom Bantuan !!, Gunakan Table seperti yang sudah di sediakan soal.

Sheet Data Libur
B1: List Data Karyawan Tidak Masuk Kerja
A3: No | B3: NIK | C3: Nama | D3: Tanggal | E3: Keterangan
A4: 1 | B4: ID003 | C4: Kelly Williams | D4: 45309 | E4: Izin
A5: 2 | B5: ID001 | C5: Austin Cooke | D5: 45320 | E5: Cuti
A6: 3 | B6: ID012 | C6: Jessica Burton | D6: 45328 | E6: Tanpa Keterangan
A7: 4 | B7: ID008 | C7: Brian Tucker | D7: 45329 | E7: Cuti
A8: 5 | B8: ID003 | C8: Kelly Williams | D8: 45334 | E8: Tanpa Keterangan
A9: 6 | B9: ID004 | C9: Steven Daniel | D9: 45361 | E9: Tanpa Keterangan
A10: 7 | B10: ID002 | C10: Randy Beasley | D10: 45387 | E10: Cuti
A11: 8 | B11: ID015 | C11: Wayne Harris | D11: 45395 | E11: Cuti
A12: 9 | B12: ID011 | C12: Sheila Daniels | D12: 45411 | E12: Cuti
A13: 10 | B13: ID007 | C13: Elizabeth White | D13: 45415 | E13: Izin
A14: 11 | B14: ID014 | C14: Veronica Wilson | D14: 45422 | E14: Cuti
A15: 12 | B15: ID006 | C15: Richard Miller | D15: 45438 | E15: Tanpa Keterangan
... A43: 40 | B43: ID016 | C43: Stanley Dorsey | D43: 45642 | E43: Tanpa Keterangan

Sheet Data Gaji
A2: No | B2: NIK | C2: Nama | D2: Gaji Per hari | E2: Denda Tidak Hadir Per Hari
A3: 1 | B3: ID001 | C3: Austin Cooke | D3: 100000 | E3: 10000
A4: 2 | B4: ID002 | C4: Randy Beasley | D4: 79000 | E4: 7900
A5: 3 | B5: ID003 | C5: Kelly Williams | D5: 40000 | E5: 4000
A6: 4 | B6: ID004 | C6: Steven Daniel | D6: 50000 | E6: 5000
A7: 5 | B7: ID005 | C7: Anthony Sharp | D7: 43000 | E7: 4300
A8: 6 | B8: ID006 | C8: Richard Miller | D8: 120000 | E8: 12000
A9: 7 | B9: ID007 | C9: Elizabeth White | D9: 117000 | E9: 11700
A10: 8 | B10: ID008 | C10: Brian Tucker | D10: 60000 | E10: 6000
A11: 9 | B11: ID009 | C11: Elizabeth Villarreal | D11: 120000 | E11: 12000
A12: 10 | B12: ID010 | C12: Norman Beck | D12: 101000 | E12: 10100
A13: 11 | B13: ID011 | C13: Sheila Daniels | D13: 44000 | E13: 4400
A14: 12 | B14: ID012 | C14: Jessica Burton | D14: 83000 | E14: 8300
... A19: 17 | B19: ID017 | C19: Brenda Chan | D19: 64000 | E19: 6400

Sheet About
I6: XL-TEST adalah platform inovatif yang menyediakan latihan Excel interaktif dengan pemeriksaan otomatis,
I7: sehingga pengguna dapat langsung mengetahui jawaban yang benar maupun salah.
I10: Terdapat 5 Level soal :
J12: Easy Level | L12: (⭐)
J13: Medium Level | L13: (⭐⭐)
J14: Hard Level | L14: (⭐⭐⭐)
J15: Extreme Level | L15: (⭐⭐⭐⭐)
J16: Championship Level | L16: (⭐⭐⭐⭐⭐)
B17: Saya adalah seorang Excel Holic yang percaya bahwa setiap angka memiliki cerita yang bisa ditemukan dengan cara yang tepat. | I17: Free Access
B18: “Excel bukan cuma soal kerjaan tapi juga hobi yang aku nikmati.” | I18: https://belajarexcel.id/xl-test/
B19: Contact :
B20: 🌐 Web | C20: https://setiadi.me
B21: 🪡threads | C21: https://www.threads.com/@andisetiadi
D27: Perlu Video Penjelasan atau Kunci Jawaban ?
D28: Scan barcode atau kunjungi
D29: https://lynk.id/setiadi/page/jawaban-xl-test

Sheet DF
A1: DEF | C1: 1 | D1: 2 | E1: 3 | H1: 1 | I1: 2 | J1: 3 | P1: 1 | Q1: 2 | R1: 3
A2: HA1 | B2: 1 | C2: =Soal!G42 -> 314 | D2: =Soal!H42 -> 311 | E2: =Soal!I42 -> 31070000 | H2: =LEN(_xlfn.FORMULATEXT(Soal!G42)) -> 45 | I2: =LEN(_xlfn.FORMULATEXT(Soal!H42)) -> 107 | J2: =LEN(_xlfn.FORMULATEXT(Soal!I42)) -> 54 | O2: 1 | P2: =SUBSTITUTE(_xlfn.FORMULATEXT(Soal!G42),"$","") -> =NETWORKDAYS.INTL(G38;I38;DEC2BIN(E42;7)) | Q2: =SUBSTITUTE(_xlfn.FORMULATEXT(Soal!H42),"$","") -> =NETWORKDAYS.INTL(G38;I38;DEC2BIN(E42;7);IF('Data Libur'!B4:B43=C42;'Data Libur'!D4:D43;99999)) | R2: =SUBSTITUTE(_xlfn.FORMULATEXT(Soal!I42),"$","") -> =VLOOKUP(C42;'Data Gaji'!B:D;3;0)*(H42-(G42-H42)/10)
B3: 2 | C3: =Soal!G43 -> 261 | D3: =Soal!H43 -> 258 | E3: =Soal!I43 -> 20358300 | H3: =LEN(_xlfn.FORMULATEXT(Soal!G43)) -> 45 | I3: =LEN(_xlfn.FORMULATEXT(Soal!H43)) -> 107 | J3: =LEN(_xlfn.FORMULATEXT(Soal!I43)) -> 54 | O3: 2 | P3: =SUBSTITUTE(_xlfn.FORMULATEXT(Soal!H42),"$","") -> =NETWORKDAYS.INTL(G38;I38;DEC2BIN(E42;7);IF('Data Libur'!B4:B43=C42;'Data Libur'!D4:D43;99999))
B4: 3 | C4: =Soal!G44 -> 314 | D4: =Soal!H44 -> 310 | E4: =Soal!I44 -> 12384000 | H4: =LEN(_xlfn.FORMULATEXT(Soal!G44)) -> 45 | I4: =LEN(_xlfn.FORMULATEXT(Soal!H44)) -> 107 | J4: =LEN(_xlfn.FORMULATEXT(Soal!I44)) -> 54 | O4: 3 | P4: =SUBSTITUTE(_xlfn.FORMULATEXT(Soal!I42),"$","") -> =VLOOKUP(C42;'Data Gaji'!B:D;3;0)*(H42-(G42-H42)/10)
B5: 4 | C5: =Soal!G45 -> 261 | D5: =Soal!H45 -> 259 | E5: =Soal!I45 -> 12940000 | H5: =LEN(_xlfn.FORMULATEXT(Soal!G45)) -> 45 | I5: =LEN(_xlfn.FORMULATEXT(Soal!H45)) -> 107 | J5: =LEN(_xlfn.FORMULATEXT(Soal!I45)) -> 54
B6: 5 | C6: =Soal!G46 -> 262 | D6: =Soal!H46 -> 261 | E6: =Soal!I46 -> 11218700 | H6: =LEN(_xlfn.FORMULATEXT(Soal!G46)) -> 45 | I6: =LEN(_xlfn.FORMULATEXT(Soal!H46)) -> 107 | J6: =LEN(_xlfn.FORMULATEXT(Soal!I46)) -> 54
B7: 6 | C7: =Soal!G47 -> 314 | D7: =Soal!H47 -> 310 | E7: =Soal!I47 -> 37152000 | H7: =LEN(_xlfn.FORMULATEXT(Soal!G47)) -> 45 | I7: =LEN(_xlfn.FORMULATEXT(Soal!H47)) -> 107 | J7: =LEN(_xlfn.FORMULATEXT(Soal!I47)) -> 54
B8: 7 | C8: =Soal!G48 -> 261 | D8: =Soal!H48 -> 259 | E8: =Soal!I48 -> 30279600 | H8: =LEN(_xlfn.FORMULATEXT(Soal!G48)) -> 45 | I8: =LEN(_xlfn.FORMULATEXT(Soal!H48)) -> 107 | J8: =LEN(_xlfn.FORMULATEXT(Soal!I48)) -> 54
B9: 8 | C9: =Soal!G49 -> 314 | D9: =Soal!H49 -> 311 | E9: =Soal!I49 -> 18642000 | H9: =LEN(_xlfn.FORMULATEXT(Soal!G49)) -> 45 | I9: =LEN(_xlfn.FORMULATEXT(Soal!H49)) -> 107 | J9: =LEN(_xlfn.FORMULATEXT(Soal!I49)) -> 54
B10: 9 | C10: =Soal!G50 -> 313 | D10: =Soal!H50 -> 310 | E10: =Soal!I50 -> 37164000 | H10: =LEN(_xlfn.FORMULATEXT(Soal!G50)) -> 45 | I10: =LEN(_xlfn.FORMULATEXT(Soal!H50)) -> 107 | J10: =LEN(_xlfn.FORMULATEXT(Soal!I50)) -> 54
B11: 10 | C11: =Soal!G51 -> 314 | D11: =Soal!H51 -> 313 | E11: =Soal!I51 -> 31602900 | H11: =LEN(_xlfn.FORMULATEXT(Soal!G51)) -> 45 | I11: =LEN(_xlfn.FORMULATEXT(Soal!H51)) -> 107 | J11: =LEN(_xlfn.FORMULATEXT(Soal!I51)) -> 54
B12: 11 | C12: =Soal!G52 -> 314 | D12: =Soal!H52 -> 313 | E12: =Soal!I52 -> 13767600 | H12: =LEN(_xlfn.FORMULATEXT(Soal!G52)) -> 45 | I12: =LEN(_xlfn.FORMULATEXT(Soal!H52)) -> 107 | J12: =LEN(_xlfn.FORMULATEXT(Soal!I52)) -> 54
B13: 12 | C13: =Soal!G53 -> 314 | D13: =Soal!H53 -> 313 | E13: =Soal!I53 -> 25970700 | H13: =LEN(_xlfn.FORMULATEXT(Soal!G53)) -> 45 | I13: =LEN(_xlfn.FORMULATEXT(Soal!H53)) -> 107 | J13: =LEN(_xlfn.FORMULATEXT(Soal!I53)) -> 54
B14: 13 | C14: =Soal!G54 -> 209 | D14: =Soal!H54 -> 208 | E14: =Soal!I54 -> 22869000 | H14: =LEN(_xlfn.FORMULATEXT(Soal!G54)) -> 45 | I14: =LEN(_xlfn.FORMULATEXT(Soal!H54)) -> 107 | J14: =LEN(_xlfn.FORMULATEXT(Soal!I54)) -> 54
B15: 14 | C15: =Soal!G55 -> 262 | D15: =Soal!H55 -> 259 | E15: =Soal!I55 -> 14745900 | H15: =LEN(_xlfn.FORMULATEXT(Soal!G55)) -> 45 | I15: =LEN(_xlfn.FORMULATEXT(Soal!H55)) -> 107 | J15: =LEN(_xlfn.FORMULATEXT(Soal!I55)) -> 54
B16: 15 | C16: =Soal!G56 -> 262 | D16: =Soal!H56 -> 259 | E16: =Soal!I56 -> 18367700 | H16: =LEN(_xlfn.FORMULATEXT(Soal!G56)) -> 45 | I16: =LEN(_xlfn.FORMULATEXT(Soal!H56)) -> 107 | J16: =LEN(_xlfn.FORMULATEXT(Soal!I56)) -> 54
... B18: 17 | C18: =Soal!G58 -> 262 | D18: =Soal!H58 -> 260 | E18: =Soal!I58 -> 16627200 | H18: =LEN(_xlfn.FORMULATEXT(Soal!G58)) -> 45 | I18: =LEN(_xlfn.FORMULATEXT(Soal!H58)) -> 107 | J18: =LEN(_xlfn.FORMULATEXT(Soal!I58)) -> 54
C21: =SUM(C2:C18,C3,C5,C8,C11,C14,C17,C10) -> 6694 | D21: =SUM(D2:D18,D3,D5,D8,D11,D14,D17,D10) -> 6641 | E21: =SUM(E2:E18,E3,E5,E8,E11,E14,E17,E10) -> 548823800 | H21: =AVERAGE(H2:H18)=H2 -> TRUE | I21: =AVERAGE(I2:I18)=I2 -> TRUE | J21: =AVERAGE(J2:J18)=J2 -> TRUE
G22: Arr | H22: =AND(H2>0,H6=0,C6>0) -> FALSE | I22: =AND(I2>0,I6=0,D6>0) -> FALSE | J22: =AND(J2>0,J6=0,E6>0) -> FALSE
G23: ** | H23: =IFERROR(OR(H21:H22),FALSE) -> TRUE | I23: =IFERROR(OR(I21:I22),FALSE) -> TRUE | J23: =IFERROR(OR(J21:J22),FALSE) -> TRUE
B24: Rand | C24: 9915 | D24: 9200 | E24: 2106
B26: TRUE | C26: =LEFT(DEC2HEX(C24+COLUMN()+1000),2) -> 2A | D26: =LEFT(DEC2HEX(D24+COLUMN()+1000),2) -> 27 | E26: =LEFT(DEC2HEX(E24+COLUMN()+1000),2) -> C2
B27: FALSE | C27: =RIGHT(DEC2HEX(C24+COLUMN()+2),2) -> C0 | D27: =RIGHT(DEC2HEX(D24+COLUMN()+2),2) -> F6 | E27: =RIGHT(DEC2HEX(E24+COLUMN()+2),2) -> 41
B29: Kosong | C29: =IF(AND(C2="",C2=0),FALSE,TRUE) -> TRUE | D29: =IF(AND(D2="",D2=0),FALSE,TRUE) -> TRUE | E29: =IF(AND(E2="",E2=0),FALSE,TRUE) -> TRUE
B30: Cek Form | C30: =AND(ISNUMBER(FIND("=",P2)),ISNUMBER(FIND("(",P2))) -> TRUE | D30: =AND(ISNUMBER(FIND("=",Q2)),ISNUMBER(FIND("(",Q2))) -> TRUE | E30: =AND(ISNUMBER(FIND("=",R2)),ISNUMBER(FIND("(",R2))) -> TRUE
C31: =H23 -> TRUE | D31: =I23 -> TRUE | E31: =J23 -> TRUE
B33: Akhir | C33: =AND(C29:C31) -> TRUE | D33: =AND(D29:D31) -> TRUE | E33: =AND(E29:E31) -> TRUE
B35: Cek Formula | C35: =AND(ISNUMBER(FIND("NETWORKDAYS.I",P2)),ISNUMBER(FIND("E41",P2))) -> FALSE | D35: =AND(ISNUMBER(FIND("NETWORKDAYS.I",Q2)),ISNUMBER(FIND("E41",Q2))) -> FALSE | E35: =AND(ISNUMBER(FIND("LOOKU",R2)),ISNUMBER(FIND("H41",R2))) -> FALSE | I35: ka | J35: mu | K35: juga
B36: Cek banyak | C36: =IFERROR(LEN(P2)-LEN(SUBSTITUTE(P2,"(","")),99) -> 2 | D36: =IFERROR(LEN(Q2)-LEN(SUBSTITUTE(Q2,"(","")),99) -> 3 | E36: =IFERROR(LEN(R2)-LEN(SUBSTITUTE(R2,"(","")),99) -> 3
C37: 2 | D37: 3 | E37: 1
C38: =C36<=C37 -> TRUE | D38: =D36<=D37 -> TRUE | E38: =E36<=E37 -> FALSE
B40: Akhir | C40: =AND(C38,C35) -> FALSE | D40: =AND(D38,D35) -> FALSE | E40: =AND(E38,E35) -> FALSE
B43: N | C43: =IFERROR(DEC2HEX(IF(C33,C21,C24)),"EEE") -> 1A26 | D43: =IFERROR(DEC2HEX(IF(D33,D21,D24)),"EEE") -> 19F1 | E43: =IFERROR(DEC2HEX(IF(E33,E21,E24)),"EEE") -> 20B662F8
B44: A | C44: =IF(C40,C26,C27) -> C0 | D44: =IF(D40,D26,D27) -> F6 | E44: =IF(E40,E26,E27) -> 41
C46: =C44&"-"&C43&";" -> C0-1A26; | D46: =D44&"-"&D43&";" -> F6-19F1; | E46: =E44&"-"&E43 -> 41-20B662F8
C48: =A2&"|"&C46&D46&E46 -> HA1|C0-1A26;F6-19F1;41-20B662F8
C50: {=INDIRECT(I35&J35&K35)} -> HA1|C0-1A26;F6-19F1;41-20B662F8
C52: =C50 -> HA1|C0-1A26;F6-19F1;41-20B662F8
