Workbook
Name Holiday: Soal!$K$26:$K$31
Name kamujuga: DF!$C$48
Name kode_jawaban: DF!$C$52

Sheet Soal
A18: KODE SOAL | C18: SBEH012 | E18: KODE JAWABAN | G18: =kode_jawaban -> HL2|25-A15;2A-10C;18-10340F;16-59;22-B06;12-C5;16-A89
A20: Intruksi
B22: Hard Level - Latihan Soal Excel Service Level Agreement Monitoring VISA
B24: Soal : | C24: Gunakan Fungsi Excel (Function) untuk menjawab soal-soal dibawah ini :
B25: 1 | C25: Nama VFS ditentukan berdasarkan kode VFS jika CB001 Maka Jakarta, CB002 Surabaya , CB003 Bali, CB004 Bandung | K25: Hari libur Nas
B26: 2 | C26: SLA ditentukan berdasarkan kode VFS jika CB001 Maka SLA 7 Hari kerja , CB002=SLA 14 Hari Kerja , CB003 =SLA 12 Hari kerja, CB004 SLA 14 Hari kerja (Isi Number saja) | K26: 46115
B27: 3 | C27: Hitung berapa lama Estimasi Selesai dari Tanggal Apply, dengan ketentuan berikut : | K27: 46117
C28: cabang Jakarta hanya buka di hari senin, selasa dan kamis sisanya libur termasuk hari libur nasional | K28: 46143
C29: cabang Bandung dan Surabaya buka senin sampai jum'at, sabtu dan minggu libur termasuk hari libur nasional | K29: 46156
C30: cabang Bali hanya buka di hari selasa, kamis dan sabtu, sisanya libur termasuk hari libur nasional | K30: 46157
B31: 4 | C31: Berapa sisa hari dari Estimasi Selesai sampai hari ini, jika hari ini adalah 21 Mei 2026 (Gunakan C47), hitung dalam hari kerja dan perhitungkan juga hari libur nasional | K31: 46169
B32: 5 | C32: Isi kolom status jika sisa hari sudah melewati hari ini (minus) isi dengan "Expired" | K32: 46170
C33: jika sisa hari dibawah 5 isi dengan "Urgent" | K33: 46173
C34: selain kondisi diatas isi dengan "Proses"
B35: 6 | C35: Tentukan urutan prioritas dari mulai yang expired sampai ke proses, atau dari estimasi selesainya terlewat sampai yang masih proses lama. (No tie)
C36: Urutan Prioritas ke 1 adalah VISA yang Expired paling lama (Termasuk Contoh)
B37: 7 | C37: Isi kolom Validasi jika Tangal Apply dilakukan sesuai jadwal cabang buka, isi "Valid" jika sesuai ( Saat Cabang Buka) dan "Invalid" jika tidak sesuai (Saat Cabang Tutup).
C39: Sudah selesai mengerjakan? kirim Kode Soal dan Kode Jawaban diatas ke alamat : https://belajarexcel.id/xl-test/jawaban untuk mengecek hasil jawaban
C40: atau klik tombol disamping
A45: SLA VISA MONITORING
B47: Hari ini | C47: 46163
F48: 1 | G48: 2 | H48: 3 | I48: 4 | J48: 5 | K48: 6 | L48: 7
A49: No | B49: Kode VFS | C49: Nama Pemohon | D49: Tanggal Apply | E49: Jenis VISA | F49: Visa Facilitation Services (VFS) | G49: Service Level Agreement (SLA) | H49: Estimasi Selesai | I49: Sisa Hari (Hari Kerja) | J49: Status | K49: Prioritas VISA | L49: Validasi
A50: Contoh | B50: CB001 | C50: Austin Cooke | D50: 46153 | E50: Kerja | F50: Jakarta | G50: 7 | H50: 46174 | I50: 4 | J50: Urgent | K50: =RANK(I50,$I$50:$I$66,1) -> 8 | L50: Valid
A51: 1 | B51: CB003 | C51: Randy Beasley | D51: 46161 | E51: Pelajar | F51: {=_xlfn.SWITCH(RIGHT(B51,1),"1","Jakarta","2","Surabaya","3","Bali","4","Bandung")} -> Bali | G51: {=_xlfn.SWITCH(RIGHT(B51,1),"1",7,"2",14,"3",12,"4",14)} -> 12 | H51: {=WORKDAY.INTL(D51, G51, _xlfn.SWITCH(F51,"Jakarta","0010111","Bali","1010101","0000011"), $K$26:$K$33)} -> 46191 | I51: {=NETWORKDAYS.INTL($C$47,H51,_xlfn.SWITCH(F51,"Jakarta","0010111","Bali","1010101","0000011"),$K$26:$K$33)} -> 12 | J51: {=_xlfn.SWITCH(TRUE,I51>=5,"Proses",I51>0,"Urgent",I51<0,"Expired")} -> Proses | K51: =RANK(I51,$I$50:$I$66,1) -> 16 | L51: {=IF(WORKDAY.INTL(D51:D66-1,1,_xlfn.SWITCH(F51:F66,"Jakarta","0010111","Bali","1010101","0000011"),K26:K33)=D51:D66,"Valid","Invalid")} -> Valid
A52: 2 | B52: CB002 | C52: Kelly Williams | D52: 46154 | E52: Kerja | F52: {=_xlfn.SWITCH(RIGHT(B52,1),"1","Jakarta","2","Surabaya","3","Bali","4","Bandung")} -> Surabaya | G52: {=_xlfn.SWITCH(RIGHT(B52,1),"1",7,"2",14,"3",12,"4",14)} -> 14 | H52: {=WORKDAY.INTL(D52, G52, _xlfn.SWITCH(F52,"Jakarta","0010111","Bali","1010101","0000011"), $K$26:$K$33)} -> 46178 | I52: {=NETWORKDAYS.INTL($C$47,H52,_xlfn.SWITCH(F52,"Jakarta","0010111","Bali","1010101","0000011"),$K$26:$K$33)} -> 10 | J52: {=_xlfn.SWITCH(TRUE,I52>=5,"Proses",I52>0,"Urgent",I52<0,"Expired")} -> Proses | K52: =RANK(I52,$I$50:$I$66,1) -> 14 | L52: Valid
A53: 3 | B53: CB003 | C53: Steven Daniel | D53: 46149 | E53: Pelajar | F53: {=_xlfn.SWITCH(RIGHT(B53,1),"1","Jakarta","2","Surabaya","3","Bali","4","Bandung")} -> Bali | G53: {=_xlfn.SWITCH(RIGHT(B53,1),"1",7,"2",14,"3",12,"4",14)} -> 12 | H53: {=WORKDAY.INTL(D53, G53, _xlfn.SWITCH(F53,"Jakarta","0010111","Bali","1010101","0000011"), $K$26:$K$33)} -> 46182 | I53: {=NETWORKDAYS.INTL($C$47,H53,_xlfn.SWITCH(F53,"Jakarta","0010111","Bali","1010101","0000011"),$K$26:$K$33)} -> 8 | J53: {=_xlfn.SWITCH(TRUE,I53>=5,"Proses",I53>0,"Urgent",I53<0,"Expired")} -> Proses | K53: =RANK(I53,$I$50:$I$66,1) -> 12 | L53: Valid
A54: 4 | B54: CB001 | C54: Anthony Sharp | D54: 46134 | E54: Pelajar | F54: {=_xlfn.SWITCH(RIGHT(B54,1),"1","Jakarta","2","Surabaya","3","Bali","4","Bandung")} -> Jakarta | G54: {=_xlfn.SWITCH(RIGHT(B54,1),"1",7,"2",14,"3",12,"4",14)} -> 7 | H54: {=WORKDAY.INTL(D54, G54, _xlfn.SWITCH(F54,"Jakarta","0010111","Bali","1010101","0000011"), $K$26:$K$33)} -> 46149 | I54: {=NETWORKDAYS.INTL($C$47,H54,_xlfn.SWITCH(F54,"Jakarta","0010111","Bali","1010101","0000011"),$K$26:$K$33)} -> -6 | J54: {=_xlfn.SWITCH(TRUE,I54>=5,"Proses",I54>0,"Urgent",I54<0,"Expired")} -> Expired | K54: =RANK(I54,$I$50:$I$66,1) -> 1 | L54: Invalid
A55: 5 | B55: CB002 | C55: Richard Miller | D55: 46148 | E55: Pelajar | F55: {=_xlfn.SWITCH(RIGHT(B55,1),"1","Jakarta","2","Surabaya","3","Bali","4","Bandung")} -> Surabaya | G55: {=_xlfn.SWITCH(RIGHT(B55,1),"1",7,"2",14,"3",12,"4",14)} -> 14 | H55: {=WORKDAY.INTL(D55, G55, _xlfn.SWITCH(F55,"Jakarta","0010111","Bali","1010101","0000011"), $K$26:$K$33)} -> 46174 | I55: {=NETWORKDAYS.INTL($C$47,H55,_xlfn.SWITCH(F55,"Jakarta","0010111","Bali","1010101","0000011"),$K$26:$K$33)} -> 6 | J55: {=_xlfn.SWITCH(TRUE,I55>=5,"Proses",I55>0,"Urgent",I55<0,"Expired")} -> Proses | K55: =RANK(I55,$I$50:$I$66,1) -> 10 | L55: Valid
A56: 6 | B56: CB002 | C56: Elizabeth White | D56: 46145 | E56: Kerja | F56: {=_xlfn.SWITCH(RIGHT(B56,1),"1","Jakarta","2","Surabaya","3","Bali","4","Bandung")} -> Surabaya | G56: {=_xlfn.SWITCH(RIGHT(B56,1),"1",7,"2",14,"3",12,"4",14)} -> 14 | H56: {=WORKDAY.INTL(D56, G56, _xlfn.SWITCH(F56,"Jakarta","0010111","Bali","1010101","0000011"), $K$26:$K$33)} -> 46167 | I56: {=NETWORKDAYS.INTL($C$47,H56,_xlfn.SWITCH(F56,"Jakarta","0010111","Bali","1010101","0000011"),$K$26:$K$33)} -> 3 | J56: {=_xlfn.SWITCH(TRUE,I56>=5,"Proses",I56>0,"Urgent",I56<0,"Expired")} -> Urgent | K56: =RANK(I56,$I$50:$I$66,1) -> 7 | L56: Invalid
A57: 7 | B57: CB004 | C57: Brian Tucker | D57: 46140 | E57: Kerja | F57: {=_xlfn.SWITCH(RIGHT(B57,1),"1","Jakarta","2","Surabaya","3","Bali","4","Bandung")} -> Bandung | G57: {=_xlfn.SWITCH(RIGHT(B57,1),"1",7,"2",14,"3",12,"4",14)} -> 14 | H57: {=WORKDAY.INTL(D57, G57, _xlfn.SWITCH(F57,"Jakarta","0010111","Bali","1010101","0000011"), $K$26:$K$33)} -> 46163 | I57: {=NETWORKDAYS.INTL($C$47,H57,_xlfn.SWITCH(F57,"Jakarta","0010111","Bali","1010101","0000011"),$K$26:$K$33)} -> 1 | J57: {=_xlfn.SWITCH(TRUE,I57>=5,"Proses",I57>0,"Urgent",I57<0,"Expired")} -> Urgent | K57: =RANK(I57,$I$50:$I$66,1) -> 5 | L57: Valid
A58: 8 | B58: CB002 | C58: Elizabeth Villarreal | D58: 46163 | E58: Kerja | F58: {=_xlfn.SWITCH(RIGHT(B58,1),"1","Jakarta","2","Surabaya","3","Bali","4","Bandung")} -> Surabaya | G58: {=_xlfn.SWITCH(RIGHT(B58,1),"1",7,"2",14,"3",12,"4",14)} -> 14 | H58: {=WORKDAY.INTL(D58, G58, _xlfn.SWITCH(F58,"Jakarta","0010111","Bali","1010101","0000011"), $K$26:$K$33)} -> 46185 | I58: {=NETWORKDAYS.INTL($C$47,H58,_xlfn.SWITCH(F58,"Jakarta","0010111","Bali","1010101","0000011"),$K$26:$K$33)} -> 15 | J58: {=_xlfn.SWITCH(TRUE,I58>=5,"Proses",I58>0,"Urgent",I58<0,"Expired")} -> Proses | K58: =RANK(I58,$I$50:$I$66,1) -> 17 | L58: Valid
A59: 9 | B59: CB003 | C59: Norman Beck | D59: 46132 | E59: Pelajar | F59: {=_xlfn.SWITCH(RIGHT(B59,1),"1","Jakarta","2","Surabaya","3","Bali","4","Bandung")} -> Bali | G59: {=_xlfn.SWITCH(RIGHT(B59,1),"1",7,"2",14,"3",12,"4",14)} -> 12 | H59: {=WORKDAY.INTL(D59, G59, _xlfn.SWITCH(F59,"Jakarta","0010111","Bali","1010101","0000011"), $K$26:$K$33)} -> 46161 | I59: {=NETWORKDAYS.INTL($C$47,H59,_xlfn.SWITCH(F59,"Jakarta","0010111","Bali","1010101","0000011"),$K$26:$K$33)} -> -2 | J59: {=_xlfn.SWITCH(TRUE,I59>=5,"Proses",I59>0,"Urgent",I59<0,"Expired")} -> Expired | K59: =RANK(I59,$I$50:$I$66,1) -> 4 | L59: Invalid
A60: 10 | B60: CB002 | C60: Sheila Daniels | D60: 46159 | E60: Pelajar | F60: {=_xlfn.SWITCH(RIGHT(B60,1),"1","Jakarta","2","Surabaya","3","Bali","4","Bandung")} -> Surabaya | G60: {=_xlfn.SWITCH(RIGHT(B60,1),"1",7,"2",14,"3",12,"4",14)} -> 14 | H60: {=WORKDAY.INTL(D60, G60, _xlfn.SWITCH(F60,"Jakarta","0010111","Bali","1010101","0000011"), $K$26:$K$33)} -> 46181 | I60: {=NETWORKDAYS.INTL($C$47,H60,_xlfn.SWITCH(F60,"Jakarta","0010111","Bali","1010101","0000011"),$K$26:$K$33)} -> 11 | J60: {=_xlfn.SWITCH(TRUE,I60>=5,"Proses",I60>0,"Urgent",I60<0,"Expired")} -> Proses | K60: =RANK(I60,$I$50:$I$66,1) -> 15 | L60: Invalid
A61: 11 | B61: CB001 | C61: Jessica Burton | D61: 46141 | E61: Kerja | F61: {=_xlfn.SWITCH(RIGHT(B61,1),"1","Jakarta","2","Surabaya","3","Bali","4","Bandung")} -> Jakarta | G61: {=_xlfn.SWITCH(RIGHT(B61,1),"1",7,"2",14,"3",12,"4",14)} -> 7 | H61: {=WORKDAY.INTL(D61, G61, _xlfn.SWITCH(F61,"Jakarta","0010111","Bali","1010101","0000011"), $K$26:$K$33)} -> 46160 | I61: {=NETWORKDAYS.INTL($C$47,H61,_xlfn.SWITCH(F61,"Jakarta","0010111","Bali","1010101","0000011"),$K$26:$K$33)} -> -3 | J61: {=_xlfn.SWITCH(TRUE,I61>=5,"Proses",I61>0,"Urgent",I61<0,"Expired")} -> Expired | K61: =RANK(I61,$I$50:$I$66,1) -> 3 | L61: Invalid
A62: 12 | B62: CB004 | C62: Melissa Garcia | D62: 46153 | E62: Pelajar | F62: {=_xlfn.SWITCH(RIGHT(B62,1),"1","Jakarta","2","Surabaya","3","Bali","4","Bandung")} -> Bandung | G62: {=_xlfn.SWITCH(RIGHT(B62,1),"1",7,"2",14,"3",12,"4",14)} -> 14 | H62: {=WORKDAY.INTL(D62, G62, _xlfn.SWITCH(F62,"Jakarta","0010111","Bali","1010101","0000011"), $K$26:$K$33)} -> 46177 | I62: {=NETWORKDAYS.INTL($C$47,H62,_xlfn.SWITCH(F62,"Jakarta","0010111","Bali","1010101","0000011"),$K$26:$K$33)} -> 9 | J62: {=_xlfn.SWITCH(TRUE,I62>=5,"Proses",I62>0,"Urgent",I62<0,"Expired")} -> Proses | K62: =RANK(I62,$I$50:$I$66,1) -> 13 | L62: Valid
A63: 13 | B63: CB003 | C63: Veronica Wilson | D63: 46147 | E63: Pelajar | F63: {=_xlfn.SWITCH(RIGHT(B63,1),"1","Jakarta","2","Surabaya","3","Bali","4","Bandung")} -> Bali | G63: {=_xlfn.SWITCH(RIGHT(B63,1),"1",7,"2",14,"3",12,"4",14)} -> 12 | H63: {=WORKDAY.INTL(D63, G63, _xlfn.SWITCH(F63,"Jakarta","0010111","Bali","1010101","0000011"), $K$26:$K$33)} -> 46179 | I63: {=NETWORKDAYS.INTL($C$47,H63,_xlfn.SWITCH(F63,"Jakarta","0010111","Bali","1010101","0000011"),$K$26:$K$33)} -> 7 | J63: {=_xlfn.SWITCH(TRUE,I63>=5,"Proses",I63>0,"Urgent",I63<0,"Expired")} -> Proses | K63: =RANK(I63,$I$50:$I$66,1) -> 11 | L63: Valid
... A66: 16 | B66: CB001 | C66: Brenda Chan | D66: 46138 | E66: Pelajar | F66: {=_xlfn.SWITCH(RIGHT(B66,1),"1","Jakarta","2","Surabaya","3","Bali","4","Bandung")} -> Jakarta | G66: {=_xlfn.SWITCH(RIGHT(B66,1),"1",7,"2",14,"3",12,"4",14)} -> 7 | H66: {=WORKDAY.INTL(D66, G66, _xlfn.SWITCH(F66,"Jakarta","0010111","Bali","1010101","0000011"), $K$26:$K$33)} -> 46153 | I66: {=NETWORKDAYS.INTL($C$47,H66,_xlfn.SWITCH(F66,"Jakarta","0010111","Bali","1010101","0000011"),$K$26:$K$33)} -> -5 | J66: {=_xlfn.SWITCH(TRUE,I66>=5,"Proses",I66>0,"Urgent",I66<0,"Expired")} -> Expired | K66: =RANK(I66,$I$50:$I$66,1) -> 2 | L66: Invalid
A71: Dilarang mengubah Table, Menambah Table Baru atau Menambah Kolom Bantuan !!, Gunakan Table seperti yang sudah di sediakan soal.

Sheet About
I6: XL-TEST adalah platform inovatif yang menyediakan latihan Excel interaktif dengan pemeriksaan otomatis,
I7: sehingga pengguna dapat langsung mengetahui jawaban yang benar maupun salah.
I10: Terdapat 5 Level soal :
J12: Easy Level | L12: (⭐)
J13: Medium Level | L13: (⭐⭐)
J14: Hard Level | L14: (⭐⭐⭐)
J15: Extreme Level | L15: (⭐⭐⭐⭐)
J16: Championship Level | L16: (⭐⭐⭐⭐⭐)
B17: Saya adalah seorang Excel Holic yang percaya bahwa setiap angka memiliki cerita yang bisa ditemukan dengan cara yang tepat. | I17: Free Access
B18: “Excel bukan cuma soal kerjaan tapi juga hobi yang aku nikmati.” | I18: https://belajarexcel.id/xl-test/
B19: Contact :
B20: 🌐 Web | C20: https://setiadi.me
B21: 🪡threads | C21: https://www.threads.com/@andisetiadi
D27: Perlu Video Penjelasan atau Kunci Jawaban ?
D28: Scan barcode atau kunjungi
D29: https://lynk.id/setiadi/page/jawaban-xl-test

Sheet DF
A1: DEF | D1: 1 | E1: 2 | F1: 3 | G1: 4 | H1: 5 | I1: 6 | J1: 7 | M1: 1 | N1: 2 | O1: 3 | P1: 4 | Q1: 5 | R1: 6 | S1: 7 | W1: 1 | X1: 2 | Y1: 3 | Z1: 4 | AA1: 5 | AB1: 6 | AC1: 7 | AD1: 8
A2: HL2 | B2: 1 | C2: =Soal!E51 -> Pelajar | D2: =UPPER(Soal!F51) -> BALI | E2: =Soal!G51 -> 12 | F2: =Soal!H51 -> 46191 | G2: =Soal!I51 -> 12 | H2: =UPPER(Soal!J51) -> PROSES | I2: =Soal!K51 -> 16 | J2: =UPPER(Soal!L51) -> VALID | M2: =IFERROR(LEN(_xlfn.FORMULATEXT(Soal!F51)),0) -> 75 | N2: =IFERROR(LEN(_xlfn.FORMULATEXT(Soal!G51)),0) -> 48 | O2: =IFERROR(LEN(_xlfn.FORMULATEXT(Soal!H51)),0) -> 96 | P2: =IFERROR(LEN(_xlfn.FORMULATEXT(Soal!I51)),0) -> 99 | Q2: =IFERROR(LEN(_xlfn.FORMULATEXT(Soal!J51)),0) -> 60 | R2: =IFERROR(LEN(_xlfn.FORMULATEXT(Soal!K51)),0) -> 24 | S2: =IFERROR(LEN(_xlfn.FORMULATEXT(Soal!L51)),0) -> 127 | X2: =SUBSTITUTE(_xlfn.FORMULATEXT(Soal!F51),"$","") -> =SWITCH(RIGHT(B51;1);"1";"Jakarta";"2";"Surabaya";"3";"Bali";"4";"Bandung") | Y2: =SUBSTITUTE(_xlfn.FORMULATEXT(Soal!G51),"$","") -> =SWITCH(RIGHT(B51;1);"1";7;"2";14;"3";12;"4";14) | Z2: =SUBSTITUTE(_xlfn.FORMULATEXT(Soal!H51),"$","") -> =WORKDAY.INTL(D51; G51; SWITCH(F51;"Jakarta";"0010111";"Bali";"1010101";"0000011"); K26:K33) | AA2: =SUBSTITUTE(_xlfn.FORMULATEXT(Soal!I51),"$","") -> =NETWORKDAYS.INTL(C47;H51;SWITCH(F51;"Jakarta";"0010111";"Bali";"1010101";"0000011");K26:K33) | AB2: =SUBSTITUTE(_xlfn.FORMULATEXT(Soal!J51),"$","") -> =SWITCH(TRUE;I51>=5;"Proses";I51>0;"Urgent";I51<0;"Expired") | AC2: =SUBSTITUTE(_xlfn.FORMULATEXT(Soal!K51),"$","") -> =RANK(I51;I50:I66;1) | AD2: =SUBSTITUTE(_xlfn.FORMULATEXT(Soal!L51),"$","") -> =IF(WORKDAY.INTL(D51:D66-1;1;SWITCH(F51:F66;"Jakarta";"0010111";"Bali";"1010101";"0000011");K26:K33)=D51:D66;"Valid";"Invalid")
B3: 2 | C3: =Soal!E52 -> Kerja | D3: =UPPER(Soal!F52) -> SURABAYA | E3: =Soal!G52 -> 14 | F3: =Soal!H52 -> 46178 | G3: =Soal!I52 -> 10 | H3: =UPPER(Soal!J52) -> PROSES | I3: =Soal!K52 -> 14 | J3: =UPPER(Soal!L52) -> VALID | M3: =IFERROR(LEN(_xlfn.FORMULATEXT(Soal!F52)),0) -> 75 | N3: =IFERROR(LEN(_xlfn.FORMULATEXT(Soal!G52)),0) -> 48 | O3: =IFERROR(LEN(_xlfn.FORMULATEXT(Soal!H52)),0) -> 96 | P3: =IFERROR(LEN(_xlfn.FORMULATEXT(Soal!I52)),0) -> 99 | Q3: =IFERROR(LEN(_xlfn.FORMULATEXT(Soal!J52)),0) -> 60 | R3: =IFERROR(LEN(_xlfn.FORMULATEXT(Soal!K52)),0) -> 24 | S3: =IFERROR(LEN(_xlfn.FORMULATEXT(Soal!L52)),0) -> 0 | V3: 2 | W3: =SUBSTITUTE(_xlfn.FORMULATEXT(Soal!F51),"$","") -> =SWITCH(RIGHT(B51;1);"1";"Jakarta";"2";"Surabaya";"3";"Bali";"4";"Bandung")
B4: 3 | C4: =Soal!E53 -> Pelajar | D4: =UPPER(Soal!F53) -> BALI | E4: =Soal!G53 -> 12 | F4: =Soal!H53 -> 46182 | G4: =Soal!I53 -> 8 | H4: =UPPER(Soal!J53) -> PROSES | I4: =Soal!K53 -> 12 | J4: =UPPER(Soal!L53) -> VALID | M4: =IFERROR(LEN(_xlfn.FORMULATEXT(Soal!F53)),0) -> 75 | N4: =IFERROR(LEN(_xlfn.FORMULATEXT(Soal!G53)),0) -> 48 | O4: =IFERROR(LEN(_xlfn.FORMULATEXT(Soal!H53)),0) -> 96 | P4: =IFERROR(LEN(_xlfn.FORMULATEXT(Soal!I53)),0) -> 99 | Q4: =IFERROR(LEN(_xlfn.FORMULATEXT(Soal!J53)),0) -> 60 | R4: =IFERROR(LEN(_xlfn.FORMULATEXT(Soal!K53)),0) -> 24 | S4: =IFERROR(LEN(_xlfn.FORMULATEXT(Soal!L53)),0) -> 0 | V4: 3 | W4: =SUBSTITUTE(_xlfn.FORMULATEXT(Soal!G51),"$","") -> =SWITCH(RIGHT(B51;1);"1";7;"2";14;"3";12;"4";14)
B5: 4 | C5: =Soal!E54 -> Pelajar | D5: =UPPER(Soal!F54) -> JAKARTA | E5: =Soal!G54 -> 7 | F5: =Soal!H54 -> 46149 | G5: =Soal!I54 -> -6 | H5: =UPPER(Soal!J54) -> EXPIRED | I5: =Soal!K54 -> 1 | J5: =UPPER(Soal!L54) -> INVALID | M5: =IFERROR(LEN(_xlfn.FORMULATEXT(Soal!F54)),0) -> 75 | N5: =IFERROR(LEN(_xlfn.FORMULATEXT(Soal!G54)),0) -> 48 | O5: =IFERROR(LEN(_xlfn.FORMULATEXT(Soal!H54)),0) -> 96 | P5: =IFERROR(LEN(_xlfn.FORMULATEXT(Soal!I54)),0) -> 99 | Q5: =IFERROR(LEN(_xlfn.FORMULATEXT(Soal!J54)),0) -> 60 | R5: =IFERROR(LEN(_xlfn.FORMULATEXT(Soal!K54)),0) -> 24 | S5: =IFERROR(LEN(_xlfn.FORMULATEXT(Soal!L54)),0) -> 0 | V5: 4 | W5: =SUBSTITUTE(_xlfn.FORMULATEXT(Soal!H51),"$","") -> =WORKDAY.INTL(D51; G51; SWITCH(F51;"Jakarta";"0010111";"Bali";"1010101";"0000011"); K26:K33)
B6: 5 | C6: =Soal!E55 -> Pelajar | D6: =UPPER(Soal!F55) -> SURABAYA | E6: =Soal!G55 -> 14 | F6: =Soal!H55 -> 46174 | G6: =Soal!I55 -> 6 | H6: =UPPER(Soal!J55) -> PROSES | I6: =Soal!K55 -> 10 | J6: =UPPER(Soal!L55) -> VALID | M6: =IFERROR(LEN(_xlfn.FORMULATEXT(Soal!F55)),0) -> 75 | N6: =IFERROR(LEN(_xlfn.FORMULATEXT(Soal!G55)),0) -> 48 | O6: =IFERROR(LEN(_xlfn.FORMULATEXT(Soal!H55)),0) -> 96 | P6: =IFERROR(LEN(_xlfn.FORMULATEXT(Soal!I55)),0) -> 99 | Q6: =IFERROR(LEN(_xlfn.FORMULATEXT(Soal!J55)),0) -> 60 | R6: =IFERROR(LEN(_xlfn.FORMULATEXT(Soal!K55)),0) -> 24 | S6: =IFERROR(LEN(_xlfn.FORMULATEXT(Soal!L55)),0) -> 0 | V6: 5 | W6: =SUBSTITUTE(_xlfn.FORMULATEXT(Soal!I51),"$","") -> =NETWORKDAYS.INTL(C47;H51;SWITCH(F51;"Jakarta";"0010111";"Bali";"1010101";"0000011");K26:K33)
B7: 6 | C7: =Soal!E56 -> Kerja | D7: =UPPER(Soal!F56) -> SURABAYA | E7: =Soal!G56 -> 14 | F7: =Soal!H56 -> 46167 | G7: =Soal!I56 -> 3 | H7: =UPPER(Soal!J56) -> URGENT | I7: =Soal!K56 -> 7 | J7: =UPPER(Soal!L56) -> INVALID | M7: =IFERROR(LEN(_xlfn.FORMULATEXT(Soal!F56)),0) -> 75 | N7: =IFERROR(LEN(_xlfn.FORMULATEXT(Soal!G56)),0) -> 48 | O7: =IFERROR(LEN(_xlfn.FORMULATEXT(Soal!H56)),0) -> 96 | P7: =IFERROR(LEN(_xlfn.FORMULATEXT(Soal!I56)),0) -> 99 | Q7: =IFERROR(LEN(_xlfn.FORMULATEXT(Soal!J56)),0) -> 60 | R7: =IFERROR(LEN(_xlfn.FORMULATEXT(Soal!K56)),0) -> 24 | S7: =IFERROR(LEN(_xlfn.FORMULATEXT(Soal!L56)),0) -> 0 | V7: 6 | W7: =SUBSTITUTE(_xlfn.FORMULATEXT(Soal!J51),"$","") -> =SWITCH(TRUE;I51>=5;"Proses";I51>0;"Urgent";I51<0;"Expired")
B8: 7 | C8: =Soal!E57 -> Kerja | D8: =UPPER(Soal!F57) -> BANDUNG | E8: =Soal!G57 -> 14 | F8: =Soal!H57 -> 46163 | G8: =Soal!I57 -> 1 | H8: =UPPER(Soal!J57) -> URGENT | I8: =Soal!K57 -> 5 | J8: =UPPER(Soal!L57) -> VALID | M8: =IFERROR(LEN(_xlfn.FORMULATEXT(Soal!F57)),0) -> 75 | N8: =IFERROR(LEN(_xlfn.FORMULATEXT(Soal!G57)),0) -> 48 | O8: =IFERROR(LEN(_xlfn.FORMULATEXT(Soal!H57)),0) -> 96 | P8: =IFERROR(LEN(_xlfn.FORMULATEXT(Soal!I57)),0) -> 99 | Q8: =IFERROR(LEN(_xlfn.FORMULATEXT(Soal!J57)),0) -> 60 | R8: =IFERROR(LEN(_xlfn.FORMULATEXT(Soal!K57)),0) -> 24 | S8: =IFERROR(LEN(_xlfn.FORMULATEXT(Soal!L57)),0) -> 0 | V8: 7 | W8: =SUBSTITUTE(_xlfn.FORMULATEXT(Soal!K51),"$","") -> =RANK(I51;I50:I66;1)
B9: 8 | C9: =Soal!E58 -> Kerja | D9: =UPPER(Soal!F58) -> SURABAYA | E9: =Soal!G58 -> 14 | F9: =Soal!H58 -> 46185 | G9: =Soal!I58 -> 15 | H9: =UPPER(Soal!J58) -> PROSES | I9: =Soal!K58 -> 17 | J9: =UPPER(Soal!L58) -> VALID | M9: =IFERROR(LEN(_xlfn.FORMULATEXT(Soal!F58)),0) -> 75 | N9: =IFERROR(LEN(_xlfn.FORMULATEXT(Soal!G58)),0) -> 48 | O9: =IFERROR(LEN(_xlfn.FORMULATEXT(Soal!H58)),0) -> 96 | P9: =IFERROR(LEN(_xlfn.FORMULATEXT(Soal!I58)),0) -> 99 | Q9: =IFERROR(LEN(_xlfn.FORMULATEXT(Soal!J58)),0) -> 60 | R9: =IFERROR(LEN(_xlfn.FORMULATEXT(Soal!K58)),0) -> 24 | S9: =IFERROR(LEN(_xlfn.FORMULATEXT(Soal!L58)),0) -> 0 | V9: 8 | W9: =AD2 -> =IF(WORKDAY.INTL(D51:D66-1;1;SWITCH(F51:F66;"Jakarta";"0010111";"Bali";"1010101";"0000011");K26:K33)=D51:D66;"Valid";"Invalid")
B10: 9 | C10: =Soal!E59 -> Pelajar | D10: =UPPER(Soal!F59) -> BALI | E10: =Soal!G59 -> 12 | F10: =Soal!H59 -> 46161 | G10: =Soal!I59 -> -2 | H10: =UPPER(Soal!J59) -> EXPIRED | I10: =Soal!K59 -> 4 | J10: =UPPER(Soal!L59) -> INVALID | M10: =IFERROR(LEN(_xlfn.FORMULATEXT(Soal!F59)),0) -> 75 | N10: =IFERROR(LEN(_xlfn.FORMULATEXT(Soal!G59)),0) -> 48 | O10: =IFERROR(LEN(_xlfn.FORMULATEXT(Soal!H59)),0) -> 96 | P10: =IFERROR(LEN(_xlfn.FORMULATEXT(Soal!I59)),0) -> 99 | Q10: =IFERROR(LEN(_xlfn.FORMULATEXT(Soal!J59)),0) -> 60 | R10: =IFERROR(LEN(_xlfn.FORMULATEXT(Soal!K59)),0) -> 24 | S10: =IFERROR(LEN(_xlfn.FORMULATEXT(Soal!L59)),0) -> 0
B11: 10 | C11: =Soal!E60 -> Pelajar | D11: =UPPER(Soal!F60) -> SURABAYA | E11: =Soal!G60 -> 14 | F11: =Soal!H60 -> 46181 | G11: =Soal!I60 -> 11 | H11: =UPPER(Soal!J60) -> PROSES | I11: =Soal!K60 -> 15 | J11: =UPPER(Soal!L60) -> INVALID | M11: =IFERROR(LEN(_xlfn.FORMULATEXT(Soal!F60)),0) -> 75 | N11: =IFERROR(LEN(_xlfn.FORMULATEXT(Soal!G60)),0) -> 48 | O11: =IFERROR(LEN(_xlfn.FORMULATEXT(Soal!H60)),0) -> 96 | P11: =IFERROR(LEN(_xlfn.FORMULATEXT(Soal!I60)),0) -> 99 | Q11: =IFERROR(LEN(_xlfn.FORMULATEXT(Soal!J60)),0) -> 60 | R11: =IFERROR(LEN(_xlfn.FORMULATEXT(Soal!K60)),0) -> 24 | S11: =IFERROR(LEN(_xlfn.FORMULATEXT(Soal!L60)),0) -> 0
B12: 11 | C12: =Soal!E61 -> Kerja | D12: =UPPER(Soal!F61) -> JAKARTA | E12: =Soal!G61 -> 7 | F12: =Soal!H61 -> 46160 | G12: =Soal!I61 -> -3 | H12: =UPPER(Soal!J61) -> EXPIRED | I12: =Soal!K61 -> 3 | J12: =UPPER(Soal!L61) -> INVALID | M12: =IFERROR(LEN(_xlfn.FORMULATEXT(Soal!F61)),0) -> 75 | N12: =IFERROR(LEN(_xlfn.FORMULATEXT(Soal!G61)),0) -> 48 | O12: =IFERROR(LEN(_xlfn.FORMULATEXT(Soal!H61)),0) -> 96 | P12: =IFERROR(LEN(_xlfn.FORMULATEXT(Soal!I61)),0) -> 99 | Q12: =IFERROR(LEN(_xlfn.FORMULATEXT(Soal!J61)),0) -> 60 | R12: =IFERROR(LEN(_xlfn.FORMULATEXT(Soal!K61)),0) -> 24 | S12: =IFERROR(LEN(_xlfn.FORMULATEXT(Soal!L61)),0) -> 0
B13: 12 | C13: =Soal!E62 -> Pelajar | D13: =UPPER(Soal!F62) -> BANDUNG | E13: =Soal!G62 -> 14 | F13: =Soal!H62 -> 46177 | G13: =Soal!I62 -> 9 | H13: =UPPER(Soal!J62) -> PROSES | I13: =Soal!K62 -> 13 | J13: =UPPER(Soal!L62) -> VALID | M13: =IFERROR(LEN(_xlfn.FORMULATEXT(Soal!F62)),0) -> 75 | N13: =IFERROR(LEN(_xlfn.FORMULATEXT(Soal!G62)),0) -> 48 | O13: =IFERROR(LEN(_xlfn.FORMULATEXT(Soal!H62)),0) -> 96 | P13: =IFERROR(LEN(_xlfn.FORMULATEXT(Soal!I62)),0) -> 99 | Q13: =IFERROR(LEN(_xlfn.FORMULATEXT(Soal!J62)),0) -> 60 | R13: =IFERROR(LEN(_xlfn.FORMULATEXT(Soal!K62)),0) -> 24 | S13: =IFERROR(LEN(_xlfn.FORMULATEXT(Soal!L62)),0) -> 0
B14: 13 | C14: =Soal!E63 -> Pelajar | D14: =UPPER(Soal!F63) -> BALI | E14: =Soal!G63 -> 12 | F14: =Soal!H63 -> 46179 | G14: =Soal!I63 -> 7 | H14: =UPPER(Soal!J63) -> PROSES | I14: =Soal!K63 -> 11 | J14: =UPPER(Soal!L63) -> VALID | M14: =IFERROR(LEN(_xlfn.FORMULATEXT(Soal!F63)),0) -> 75 | N14: =IFERROR(LEN(_xlfn.FORMULATEXT(Soal!G63)),0) -> 48 | O14: =IFERROR(LEN(_xlfn.FORMULATEXT(Soal!H63)),0) -> 96 | P14: =IFERROR(LEN(_xlfn.FORMULATEXT(Soal!I63)),0) -> 99 | Q14: =IFERROR(LEN(_xlfn.FORMULATEXT(Soal!J63)),0) -> 60 | R14: =IFERROR(LEN(_xlfn.FORMULATEXT(Soal!K63)),0) -> 24 | S14: =IFERROR(LEN(_xlfn.FORMULATEXT(Soal!L63)),0) -> 0
B15: 14 | C15: =Soal!E64 -> Kerja | D15: =UPPER(Soal!F64) -> JAKARTA | E15: =Soal!G64 -> 7 | F15: =Soal!H64 -> 46175 | G15: =Soal!I64 -> 5 | H15: =UPPER(Soal!J64) -> PROSES | I15: =Soal!K64 -> 9 | J15: =UPPER(Soal!L64) -> INVALID | M15: =IFERROR(LEN(_xlfn.FORMULATEXT(Soal!F64)),0) -> 75 | N15: =IFERROR(LEN(_xlfn.FORMULATEXT(Soal!G64)),0) -> 48 | O15: =IFERROR(LEN(_xlfn.FORMULATEXT(Soal!H64)),0) -> 96 | P15: =IFERROR(LEN(_xlfn.FORMULATEXT(Soal!I64)),0) -> 99 | Q15: =IFERROR(LEN(_xlfn.FORMULATEXT(Soal!J64)),0) -> 60 | R15: =IFERROR(LEN(_xlfn.FORMULATEXT(Soal!K64)),0) -> 24 | S15: =IFERROR(LEN(_xlfn.FORMULATEXT(Soal!L64)),0) -> 0
B16: 15 | C16: =Soal!E65 -> Kerja | D16: =UPPER(Soal!F65) -> BANDUNG | E16: =Soal!G65 -> 14 | F16: =Soal!H65 -> 46164 | G16: =Soal!I65 -> 2 | H16: =UPPER(Soal!J65) -> URGENT | I16: =Soal!K65 -> 6 | J16: =UPPER(Soal!L65) -> VALID | M16: =IFERROR(LEN(_xlfn.FORMULATEXT(Soal!F65)),0) -> 75 | N16: =IFERROR(LEN(_xlfn.FORMULATEXT(Soal!G65)),0) -> 48 | O16: =IFERROR(LEN(_xlfn.FORMULATEXT(Soal!H65)),0) -> 96 | P16: =IFERROR(LEN(_xlfn.FORMULATEXT(Soal!I65)),0) -> 99 | Q16: =IFERROR(LEN(_xlfn.FORMULATEXT(Soal!J65)),0) -> 60 | R16: =IFERROR(LEN(_xlfn.FORMULATEXT(Soal!K65)),0) -> 24 | S16: =IFERROR(LEN(_xlfn.FORMULATEXT(Soal!L65)),0) -> 0
B17: 16 | C17: =Soal!E66 -> Pelajar | D17: =UPPER(Soal!F66) -> JAKARTA | E17: =Soal!G66 -> 7 | F17: =Soal!H66 -> 46153 | G17: =Soal!I66 -> -5 | H17: =UPPER(Soal!J66) -> EXPIRED | I17: =Soal!K66 -> 2 | J17: =UPPER(Soal!L66) -> INVALID | M17: =IFERROR(LEN(_xlfn.FORMULATEXT(Soal!F66)),0) -> 75 | N17: =IFERROR(LEN(_xlfn.FORMULATEXT(Soal!G66)),0) -> 48 | O17: =IFERROR(LEN(_xlfn.FORMULATEXT(Soal!H66)),0) -> 96 | P17: =IFERROR(LEN(_xlfn.FORMULATEXT(Soal!I66)),0) -> 99 | Q17: =IFERROR(LEN(_xlfn.FORMULATEXT(Soal!J66)),0) -> 60 | R17: =IFERROR(LEN(_xlfn.FORMULATEXT(Soal!K66)),0) -> 24 | S17: =IFERROR(LEN(_xlfn.FORMULATEXT(Soal!L66)),0) -> 0
D21: =IFERROR(CODE(LEFT(D2))+CODE(LEFT(D3))+CODE(LEFT(D4))+CODE(LEFT(D5))+CODE(LEFT(D6))+CODE(LEFT(D7))+CODE(LEFT(D8))+CODE(LEFT(D9))+CODE(LEFT(D10))+CODE(LEFT(D11))+CODE(LEFT(D12))+CODE(LEFT(D13))+CODE(LEFT(D14))+CODE(LEFT(D15))+CODE(LEFT(D16))+CODE(LEFT(D17))+ CODE(RIGHT(D2))+CODE(RIGHT(D3))+CODE(RIGHT(D4))+CODE(RIGHT(D5))+CODE(RIGHT(D6))+CODE(RIGHT(D7))+CODE(RIGHT(D8))+CODE(RIGHT(D9))+CODE(RIGHT(D10))+CODE(RIGHT(D11))+CODE(RIGHT(D12))+CODE(RIGHT(D13))+CODE(RIGHT(D14))+CODE(RIGHT(D15))+CODE(RIGHT(D16))+CODE(RIGHT(D17))+CODE(MID(D4,3,1))+CODE(MID(D7,3,1))+CODE(MID(D11,3,1))+CODE(MID(D16,3,1)),0) -> 2581 | E21: =SUM(E2:E17,E3,E5,E8,E11,E14,E17,E10) -> 268 | F21: =SUM(F2:F17,F3,F5,F8,F11,F14,F17,F10) -> 1061903 | G21: =SUM(G2:G17,G3,G5,G8,G11,G14,G17,G10) -> 89 | H21: =IFERROR(CODE(LEFT(H2))+CODE(LEFT(H3))+CODE(LEFT(H4))+CODE(LEFT(H5))+CODE(LEFT(H6))+CODE(LEFT(H7))+CODE(LEFT(H8))+CODE(LEFT(H9))+CODE(LEFT(H10))+CODE(LEFT(H11))+CODE(LEFT(H12))+CODE(LEFT(H13))+CODE(LEFT(H14))+CODE(LEFT(H15))+CODE(LEFT(H16))+CODE(LEFT(H17))+ CODE(RIGHT(H2))+CODE(RIGHT(H3))+CODE(RIGHT(H4))+CODE(RIGHT(H5))+CODE(RIGHT(H6))+CODE(RIGHT(H7))+CODE(RIGHT(H8))+CODE(RIGHT(H9))+CODE(RIGHT(H10))+CODE(RIGHT(H11))+CODE(RIGHT(H12))+CODE(RIGHT(H13))+CODE(RIGHT(H14))+CODE(RIGHT(H15))+CODE(RIGHT(H16))+CODE(RIGHT(H17))+CODE(MID(H4,3,1))+CODE(MID(H7,3,1))+CODE(MID(H11,3,1))+CODE(MID(H16,3,1)),0) -> 2822 | I21: =SUM(I2:I17,I3,I5,I8,I11,I14,I17,I10) -> 197 | J21: =IFERROR(CODE(LEFT(J2))+CODE(LEFT(J3))+CODE(LEFT(J4))+CODE(LEFT(J5))+CODE(LEFT(J6))+CODE(LEFT(J7))+CODE(LEFT(J8))+CODE(LEFT(J9))+CODE(LEFT(J10))+CODE(LEFT(J11))+CODE(LEFT(J12))+CODE(LEFT(J13))+CODE(LEFT(J14))+CODE(LEFT(J15))+CODE(LEFT(J16))+CODE(LEFT(J17))+ CODE(RIGHT(J2))+CODE(RIGHT(J3))+CODE(RIGHT(J4))+CODE(RIGHT(J5))+CODE(RIGHT(J6))+CODE(RIGHT(J7))+CODE(RIGHT(J8))+CODE(RIGHT(J9))+CODE(RIGHT(J10))+CODE(RIGHT(J11))+CODE(RIGHT(J12))+CODE(RIGHT(J13))+CODE(RIGHT(J14))+CODE(RIGHT(J15))+CODE(RIGHT(J16))+CODE(RIGHT(J17))+CODE(MID(J4,3,1))+CODE(MID(J7,3,1))+CODE(MID(J11,3,1))+CODE(MID(J16,3,1)),0) -> 2697 | M21: =AVERAGE(M2:M18)=M2 -> TRUE | N21: =AVERAGE(N2:N18)=N2 -> TRUE | O21: =AVERAGE(O2:O18)=O2 -> TRUE | P21: =AVERAGE(P2:P18)=P2 -> TRUE | Q21: =AVERAGE(Q2:Q18)=Q2 -> TRUE | R21: =AVERAGE(R2:R18)=R2 -> TRUE | S21: =AVERAGE(S2:S18)=S2 -> FALSE
K22: Arr | M22: =AND(M2>0,M6=0,D6>0) -> FALSE | N22: =AND(N2>0,N6=0,E6>0) -> FALSE | O22: =AND(O2>0,O6=0,F6>0) -> FALSE | P22: =AND(P2>0,P6=0,G6>0) -> FALSE | Q22: =AND(Q2>0,Q6=0,H6>0) -> FALSE | R22: =AND(R2>0,R6=0,I6>0) -> FALSE | S22: =AND(S2>0,S6=0,J6>0) -> TRUE
K23: ** | M23: =IFERROR(OR(M21:M22),FALSE) -> TRUE | N23: =IFERROR(OR(N21:N22),FALSE) -> TRUE | O23: =IFERROR(OR(O21:O22),FALSE) -> TRUE | P23: =IFERROR(OR(P21:P22),FALSE) -> TRUE | Q23: =IFERROR(OR(Q21:Q22),FALSE) -> TRUE | R23: =IFERROR(OR(R21:R22),FALSE) -> TRUE | S23: =IFERROR(OR(S21:S22),FALSE) -> TRUE
B24: Rand | D24: 8683 | E24: 9973 | F24: 5366 | G24: 2573 | H24: 7931 | I24: 3832 | J24: 4871
B26: TRUE | D26: =LEFT(DEC2HEX(D24+COLUMN()+1000),2) -> 25 | E26: =LEFT(DEC2HEX(E24+COLUMN()+1000),2) -> 2A | F26: =LEFT(DEC2HEX(F24+COLUMN()+1000),2) -> 18 | G26: =LEFT(DEC2HEX(G24+COLUMN()+1000),2) -> DF | H26: =LEFT(DEC2HEX(H24+COLUMN()+1000),2) -> 22 | I26: =LEFT(DEC2HEX(I24+COLUMN()+1000),2) -> 12 | J26: =LEFT(DEC2HEX(J24+COLUMN()+1000),2) -> 16
B27: FALSE | D27: =RIGHT(DEC2HEX(D24+COLUMN()+2),2) -> F1 | E27: =RIGHT(DEC2HEX(E24+COLUMN()+2),2) -> FC | F27: =RIGHT(DEC2HEX(F24+COLUMN()+2),2) -> FE | G27: =RIGHT(DEC2HEX(G24+COLUMN()+2),2) -> 16 | H27: =RIGHT(DEC2HEX(H24+COLUMN()+2),2) -> 05 | I27: =RIGHT(DEC2HEX(I24+COLUMN()+2),2) -> 03 | J27: =RIGHT(DEC2HEX(J24+COLUMN()+2),2) -> 13
B29: Kosong | D29: =IF(AND(D2="",D2=0),FALSE,TRUE) -> TRUE | E29: =IF(AND(E2="",E2=0),FALSE,TRUE) -> TRUE | F29: =IF(AND(F2="",F2=0),FALSE,TRUE) -> TRUE | G29: =IF(AND(G2="",G2=0),FALSE,TRUE) -> TRUE | H29: =IF(AND(H2="",H2=0),FALSE,TRUE) -> TRUE | I29: =IF(AND(I2="",I2=0),FALSE,TRUE) -> TRUE | J29: =IF(AND(J2="",J2=0),FALSE,TRUE) -> TRUE
B30: Cek Form | D30: =AND(ISNUMBER(FIND("=",X2)),OR(ISNUMBER(FIND("(",X2)),ISNUMBER(FIND("-",X2)))) -> TRUE | E30: =AND(ISNUMBER(FIND("=",Y2)),OR(ISNUMBER(FIND("(",Y2)),ISNUMBER(FIND("-",Y2)))) -> TRUE | F30: =AND(ISNUMBER(FIND("=",Z2)),OR(ISNUMBER(FIND("(",Z2)),ISNUMBER(FIND("-",Z2)))) -> TRUE | G30: =AND(ISNUMBER(FIND("=",AA2)),OR(ISNUMBER(FIND("(",AA2)),ISNUMBER(FIND("-",AA2)))) -> TRUE | H30: =AND(ISNUMBER(FIND("=",AB2)),OR(ISNUMBER(FIND("(",AB2)),ISNUMBER(FIND("-",AB2)))) -> TRUE | I30: =AND(ISNUMBER(FIND("=",AC2)),OR(ISNUMBER(FIND("(",AC2)),ISNUMBER(FIND("-",AC2)))) -> TRUE | J30: =AND(ISNUMBER(FIND("=",AD2)),OR(ISNUMBER(FIND("(",AD2)),ISNUMBER(FIND("-",AD2)))) -> TRUE
D31: =M23 -> TRUE | E31: =N23 -> TRUE | F31: =O23 -> TRUE | G31: =P23 -> TRUE | H31: =Q23 -> TRUE | I31: =R23 -> TRUE | J31: =S23 -> TRUE
B33: Akhir | D33: =AND(D29:D31) -> TRUE | E33: =AND(E29:E31) -> TRUE | F33: =AND(F29:F31) -> TRUE | G33: =AND(G29:G31) -> TRUE | H33: =AND(H29:H31) -> TRUE | I33: =AND(I29:I31) -> TRUE | J33: =AND(J29:J31) -> TRUE
B35: Cek Formula | D35: =OR(ISNUMBER(FIND("SWI",X2)),ISNUMBER(FIND("IF",X2))) -> TRUE | E35: =OR(ISNUMBER(FIND("SWI",Y2)),ISNUMBER(FIND("IF",Y2))) -> TRUE | F35: =OR(ISNUMBER(FIND("RKD",Z2)),ISNUMBER(FIND("NTL",Z2))) -> TRUE | G35: =OR(ISNUMBER(FIND("-",AA2)),ISNUMBER(FIND("DAY",AA2))) -> TRUE | H35: =OR(ISNUMBER(FIND("SWI",AB2)),ISNUMBER(FIND("IF",AB2))) -> TRUE | I35: =AND(ISNUMBER(FIND("ANK",AC2))) -> TRUE | J35: =AND(ISNUMBER(FIND("IF",AD2)),ISNUMBER(FIND("RKD",AD2))) -> TRUE | M35: ka | N35: mu | R35: juga
B36: Cek banyak | D36: =IFERROR(LEN(X2)-LEN(SUBSTITUTE(X2,"(","")),99) -> 2 | E36: =IFERROR(LEN(Y2)-LEN(SUBSTITUTE(Y2,"(","")),99) -> 2 | F36: =IFERROR(LEN(Z2)-LEN(SUBSTITUTE(Z2,"(","")),99) -> 2 | G36: =IFERROR(LEN(AA2)-LEN(SUBSTITUTE(AA2,"(","")),99) -> 2 | H36: =IFERROR(LEN(AB2)-LEN(SUBSTITUTE(AB2,"(","")),99) -> 1 | I36: =IFERROR(LEN(AC2)-LEN(SUBSTITUTE(AC2,"(","")),99) -> 1 | J36: =IFERROR(LEN(AD2)-LEN(SUBSTITUTE(AD2,"(","")),99) -> 3
D37: 3 | E37: 3 | F37: 4 | G37: 1 | H37: 2 | I37: 1 | J37: 5
D38: =D36<=D37 -> TRUE | E38: =E36<=E37 -> TRUE | F38: =F36<=F37 -> TRUE | G38: =G36<=G37 -> FALSE | H38: =H36<=H37 -> TRUE | I38: =I36<=I37 -> TRUE | J38: =J36<=J37 -> TRUE
B40: Akhir | D40: =AND(D38,D35,D59) -> TRUE | E40: =AND(E38,E35,E59) -> TRUE | F40: =AND(F38,F35,F59) -> TRUE | G40: =AND(G38,G35,G59) -> FALSE | H40: =AND(H38,H35,H59) -> TRUE | I40: =AND(I38,I35,I59) -> TRUE | J40: =AND(J38,J35,J59) -> TRUE
B43: N | D43: =IFERROR(DEC2HEX(IF(D33,D21,D24)),"EEE") -> A15 | E43: =IFERROR(DEC2HEX(IF(E33,E21,E24)),"EEE") -> 10C | F43: =IFERROR(DEC2HEX(IF(F33,F21,F24)),"EEE") -> 10340F | G43: =IFERROR(DEC2HEX(IF(G33,G21,G24)),"EEE") -> 59 | H43: =IFERROR(DEC2HEX(IF(H33,H21,H24)),"EEE") -> B06 | I43: =IFERROR(DEC2HEX(IF(I33,I21,I24)),"EEE") -> C5 | J43: =IFERROR(DEC2HEX(IF(J33,J21,J24)),"EEE") -> A89
B44: A | D44: =IF(D40,D26,D27) -> 25 | E44: =IF(E40,E26,E27) -> 2A | F44: =IF(F40,F26,F27) -> 18 | G44: =IF(G40,G26,G27) -> 16 | H44: =IF(H40,H26,H27) -> 22 | I44: =IF(I40,I26,I27) -> 12 | J44: =IF(J40,J26,J27) -> 16
D46: =D44&"-"&D43&";" -> 25-A15; | E46: =E44&"-"&E43&";" -> 2A-10C; | F46: =F44&"-"&F43&";" -> 18-10340F; | G46: =G44&"-"&G43&";" -> 16-59; | H46: =H44&"-"&H43&";" -> 22-B06; | I46: =I44&"-"&I43&";" -> 12-C5; | J46: =J44&"-"&J43 -> 16-A89
C48: =A2&"|"&D46&E46&F46&G46&H46&I46&J46 -> HL2|25-A15;2A-10C;18-10340F;16-59;22-B06;12-C5;16-A89
C50: {=INDIRECT(M35&N35&R35)} -> HL2|25-A15;2A-10C;18-10340F;16-59;22-B06;12-C5;16-A89
C52: =C50 -> HL2|25-A15;2A-10C;18-10340F;16-59;22-B06;12-C5;16-A89
