Workbook
Name kode_jawaban: [1]DF!$D$37
Name kode_jawaban: DF!$C$31

Sheet XL-Test
B1: Hard Level (⭐⭐⭐)
B2: KODE SOAL | D2: SBEH002 | F2: KODE JAWABAN | G2: =kode_jawaban -> HB1|4E1-4BC1;101-2C7F41;211-2CB41;151-C8785E1
B4: Table Harga
B5: No | C5: ID Barang | D5: Nama Barang | E5: QTY 1 Min | F5: QTY 2 Min | G5: QTY 3 Min | H5: Harga 1 | I5: Harga 2 | J5: Harga 3 | K5: Diskon 1 | L5: Diskon 2 | M5: Diskon 3
B6: 1 | C6: ID0001 | D6: Apel | E6: 1 | F6: 44 | G6: 102 | H6: 24068 | I6: 20589 | J6: 17314 | K6: 0.05 | L6: 0.07 | M6: 0.1
B7: 2 | C7: ID0002 | D7: Semangka | E7: 1 | F7: 59 | G7: 106 | H7: 19466 | I7: 16295 | J7: 13065 | K7: 0.05 | L7: 0.07 | M7: 0.09
B8: 3 | C8: ID0003 | D8: Jeruk | E8: 1 | F8: 33 | G8: 101 | H8: 21192 | I8: 18099 | J8: 15352 | K8: 0.03 | L8: 0.04 | M8: 0.06
B9: 4 | C9: ID0004 | D9: Durian | E9: 1 | F9: 67 | G9: 117 | H9: 20782 | I9: 17056 | J9: 13800 | K9: 0.04 | L9: 0.05 | M9: 0.07
B10: 5 | C10: ID0005 | D10: Dukuh | E10: 1 | F10: 53 | G10: 106 | H10: 19306 | I10: 16343 | J10: 13449 | K10: 0.04 | L10: 0.05 | M10: 0.06
B11: 6 | C11: ID0006 | D11: Rambutan | E11: 1 | F11: 60 | G11: 119 | H11: 23521 | I11: 20987 | J11: 17815 | K11: 0.03 | L11: 0.05 | M11: 0.07
B12: 7 | C12: ID0007 | D12: Manggis | E12: 1 | F12: 69 | G12: 107 | H12: 24154 | I12: 20212 | J12: 17408 | K12: 0.04 | L12: 0.05 | M12: 0.07
B13: 8 | C13: ID0008 | D13: Mangga | E13: 1 | F13: 58 | G13: 114 | H13: 23220 | I13: 19271 | J13: 16645 | K13: 0.06 | L13: 0.08 | M13: 0.09
B14: 9 | C14: ID0009 | D14: Jambu | E14: 1 | F14: 74 | G14: 121 | H14: 17457 | I14: 14797 | J14: 11716 | K14: 0.04 | L14: 0.06 | M14: 0.09
B15: 10 | C15: ID0010 | D15: Wrotel | E15: 1 | F15: 68 | G15: 103 | H15: 18573 | I15: 15649 | J15: 12574 | K15: 0.06 | L15: 0.08 | M15: 0.1
B16: 11 | C16: ID0011 | D16: Tomat | E16: 1 | F16: 59 | G16: 106 | H16: 24540 | I16: 20769 | J16: 17951 | K16: 0.06 | L16: 0.08 | M16: 0.09
B17: 12 | C17: ID0012 | D17: Bayam | E17: 1 | F17: 65 | G17: 109 | H17: 20176 | I17: 17003 | J17: 14386 | K17: 0.06 | L17: 0.07 | M17: 0.08
... B20: 15 | C20: ID0015 | D20: Kelapa | E20: 1 | F20: 79 | G20: 114 | H20: 18476 | I20: 15197 | J20: 12590 | K20: 0.03 | L20: 0.05 | M20: 0.08
B23: Table Transaksi
B24: No | C24: ID Barang | D24: Nama Barang (Tx) 1 | E24: QTY Penjualan | F24: Harga (Rp) 2 | G24: Diskon (Rp) 3 | H24: Total Harga (Rp) 4 | J24: SOAL : Lengkapi Table Transaksi
B25: 1 | C25: ID0006 | D25: =VLOOKUP(C25,$C$6:$D$20,2,FALSE) -> Rambutan | E25: 20 | F25: {=VLOOKUP(C25,$C$6:$J$20,MATCH(E25,VLOOKUP(C25,$C$6:$G$20,{3,4,5},0),1)+5,0)} -> 23521 | G25: {=VLOOKUP(C25,$C$6:$M$20,MATCH(E25,VLOOKUP(C25,$C$6:$G$20,{3,4,5},0),1)+8,0)*F25} -> 705.63 | H25: =(F25-G25)*E25 -> 456307.4 | I25: * | J25: 1. Isi Nama Barang Berdasarkan ID Barang pada Table Harga
B26: 2 | C26: ID0005 | D26: =VLOOKUP(C26,$C$6:$D$20,2,FALSE) -> Dukuh | E26: 149 | F26: {=VLOOKUP(C26,$C$6:$J$20,MATCH(E26,VLOOKUP(C26,$C$6:$G$20,{3,4,5},0),1)+5,0)} -> 13449 | G26: {=VLOOKUP(C26,$C$6:$M$20,MATCH(E26,VLOOKUP(C26,$C$6:$G$20,{3,4,5},0),1)+8,0)*F26} -> 806.94 | H26: =(F26-G26)*E26 -> 1883666.9 | I26: * | J26: 2. Isi Harga Barang Sesuai dengan ketentuan Min QTY pada Table Harga, misalnya jika Apel Pembelian 50 maka Harga yang dipakai adalah Harga 2 (Lihat contoh table dibawah)
B27: 3 | C27: ID0013 | D27: =VLOOKUP(C27,$C$6:$D$20,2,FALSE) -> Sirsak | E27: 60 | F27: {=VLOOKUP(C27,$C$6:$J$20,MATCH(E27,VLOOKUP(C27,$C$6:$G$20,{3,4,5},0),1)+5,0)} -> 20356 | G27: {=VLOOKUP(C27,$C$6:$M$20,MATCH(E27,VLOOKUP(C27,$C$6:$G$20,{3,4,5},0),1)+8,0)*F27} -> 1221.36 | H27: =(F27-G27)*E27 -> 1148078.4 | I27: * | J27: 3. Isi Harga Barang Diskon Sesuai dengan ketentuan Table Harga, (Ketentuan sama seperti soal 2, diskon mengikuti minimal pembelian)
B28: 4 | C28: ID0009 | D28: =VLOOKUP(C28,$C$6:$D$20,2,FALSE) -> Jambu | E28: 81 | F28: {=VLOOKUP(C28,$C$6:$J$20,MATCH(E28,VLOOKUP(C28,$C$6:$G$20,{3,4,5},0),1)+5,0)} -> 14797 | G28: {=VLOOKUP(C28,$C$6:$M$20,MATCH(E28,VLOOKUP(C28,$C$6:$G$20,{3,4,5},0),1)+8,0)*F28} -> 887.82 | H28: =(F28-G28)*E28 -> 1126643.6 | I28: * | J28: 4. Isi Total Harga dari Harga dikurangi diskon dikali dengan jumlah QTY Penjualan
B29: 5 | C29: ID0011 | D29: =VLOOKUP(C29,$C$6:$D$20,2,FALSE) -> Tomat | E29: 42 | F29: {=VLOOKUP(C29,$C$6:$J$20,MATCH(E29,VLOOKUP(C29,$C$6:$G$20,{3,4,5},0),1)+5,0)} -> 24540 | G29: {=VLOOKUP(C29,$C$6:$M$20,MATCH(E29,VLOOKUP(C29,$C$6:$G$20,{3,4,5},0),1)+8,0)*F29} -> 1472.4 | H29: =(F29-G29)*E29 -> 968839.2
B30: 6 | C30: ID0014 | D30: =VLOOKUP(C30,$C$6:$D$20,2,FALSE) -> Pisang | E30: 120 | F30: {=VLOOKUP(C30,$C$6:$J$20,MATCH(E30,VLOOKUP(C30,$C$6:$G$20,{3,4,5},0),1)+5,0)} -> 16198 | G30: {=VLOOKUP(C30,$C$6:$M$20,MATCH(E30,VLOOKUP(C30,$C$6:$G$20,{3,4,5},0),1)+8,0)*F30} -> 1457.82 | H30: =(F30-G30)*E30 -> 1768821.6 | J30: Nama Barang | K30: QTY 1 Min | L30: QTY 2 Min | M30: QTY 3 Min
B31: 7 | C31: ID0012 | D31: =VLOOKUP(C31,$C$6:$D$20,2,FALSE) -> Bayam | E31: 71 | F31: {=VLOOKUP(C31,$C$6:$J$20,MATCH(E31,VLOOKUP(C31,$C$6:$G$20,{3,4,5},0),1)+5,0)} -> 17003 | G31: {=VLOOKUP(C31,$C$6:$M$20,MATCH(E31,VLOOKUP(C31,$C$6:$G$20,{3,4,5},0),1)+8,0)*F31} -> 1190.21 | H31: =(F31-G31)*E31 -> 1122708.1 | J31: Apel | K31: 1-33 | L31: 44-101 | M31: 102->
B32: 8 | C32: ID0009 | D32: =VLOOKUP(C32,$C$6:$D$20,2,FALSE) -> Jambu | E32: 130 | F32: {=VLOOKUP(C32,$C$6:$J$20,MATCH(E32,VLOOKUP(C32,$C$6:$G$20,{3,4,5},0),1)+5,0)} -> 11716 | G32: {=VLOOKUP(C32,$C$6:$M$20,MATCH(E32,VLOOKUP(C32,$C$6:$G$20,{3,4,5},0),1)+8,0)*F32} -> 1054.44 | H32: =(F32-G32)*E32 -> 1386002.8
B33: 9 | C33: ID0008 | D33: =VLOOKUP(C33,$C$6:$D$20,2,FALSE) -> Mangga | E33: 50 | F33: {=VLOOKUP(C33,$C$6:$J$20,MATCH(E33,VLOOKUP(C33,$C$6:$G$20,{3,4,5},0),1)+5,0)} -> 23220 | G33: {=VLOOKUP(C33,$C$6:$M$20,MATCH(E33,VLOOKUP(C33,$C$6:$G$20,{3,4,5},0),1)+8,0)*F33} -> 1393.2 | H33: =(F33-G33)*E33 -> 1091340 | J33: * Selesaikan dengan menggunakan Formula atau Rumus Excel
B34: 10 | C34: ID0007 | D34: =VLOOKUP(C34,$C$6:$D$20,2,FALSE) -> Manggis | E34: 135 | F34: {=VLOOKUP(C34,$C$6:$J$20,MATCH(E34,VLOOKUP(C34,$C$6:$G$20,{3,4,5},0),1)+5,0)} -> 17408 | G34: {=VLOOKUP(C34,$C$6:$M$20,MATCH(E34,VLOOKUP(C34,$C$6:$G$20,{3,4,5},0),1)+8,0)*F34} -> 1218.56 | H34: =(F34-G34)*E34 -> 2185574.4 | J34: ** Selsaikan tanpa menambahkan atau menggunakan kolom bantuan atau Table bantu.
J36: Sudah selesai mengerjakan?
J37: Cek hasil pengerjakan dengan mengirimkan Kode Soal dan Kode Jawaban diatas ke alamat : https://belajarexcel.id/xl-test/jawaban untuk mengecek hasil benar/salah

Sheet About
C6: XL-TEST adalah platform inovatif yang menyediakan latihan Excel interaktif dengan pemeriksaan otomatis,
C7: sehingga pengguna dapat langsung mengetahui jawaban yang benar maupun salah.
C10: Terdapat 5 Level soal :
D12: Easy Level | F12: (⭐)
D13: Medium Level | F13: (⭐⭐)
D14: Hard Level | F14: (⭐⭐⭐)
D15: Extreme Level | F15: (⭐⭐⭐⭐)
D16: Championship Level | F16: (⭐⭐⭐⭐⭐)
C19: Free Access
C20: https://belajarexcel.id/xl-test/

Sheet DF
C1: 1 | D1: 2 | E1: 3 | F1: 4
A2: DEF | B2: 1 | C2: ='XL-Test'!D25 -> Rambutan | D2: ='XL-Test'!F25 -> 23521 | E2: ='XL-Test'!G25 -> 705.63 | F2: ='XL-Test'!H25 -> 456307.4 | S2: =_xlfn.FORMULATEXT('XL-Test'!D25) -> =VLOOKUP(C25;$C$6:$D$20;2;FALSE) | T2: =_xlfn.FORMULATEXT('XL-Test'!F25) -> =VLOOKUP(C25;$C$6:$J$20;MATCH(E25;VLOOKUP(C25;$C$6:$G$20;{3\4\5};0);1)+5;0) | U2: =_xlfn.FORMULATEXT('XL-Test'!G25) -> =VLOOKUP(C25;$C$6:$M$20;MATCH(E25;VLOOKUP(C25;$C$6:$G$20;{3\4\5};0);1)+8;0)*F25 | V2: =_xlfn.FORMULATEXT('XL-Test'!H25) -> =(F25-G25)*E25
A3: HB1 | B3: 2 | C3: ='XL-Test'!D26 -> Dukuh | D3: ='XL-Test'!F26 -> 13449 | E3: ='XL-Test'!G26 -> 806.94 | F3: ='XL-Test'!H26 -> 1883666.9 | S3: =_xlfn.FORMULATEXT('XL-Test'!F25) -> =VLOOKUP(C25;$C$6:$J$20;MATCH(E25;VLOOKUP(C25;$C$6:$G$20;{3\4\5};0);1)+5;0)
B4: 3 | C4: ='XL-Test'!D27 -> Sirsak | D4: ='XL-Test'!F27 -> 20356 | E4: ='XL-Test'!G27 -> 1221.36 | F4: ='XL-Test'!H27 -> 1148078.4 | S4: =_xlfn.FORMULATEXT('XL-Test'!G25) -> =VLOOKUP(C25;$C$6:$M$20;MATCH(E25;VLOOKUP(C25;$C$6:$G$20;{3\4\5};0);1)+8;0)*F25
B5: 4 | C5: ='XL-Test'!D28 -> Jambu | D5: ='XL-Test'!F28 -> 14797 | E5: ='XL-Test'!G28 -> 887.82 | F5: ='XL-Test'!H28 -> 1126643.6 | S5: =_xlfn.FORMULATEXT('XL-Test'!H25) -> =(F25-G25)*E25
B6: 5 | C6: ='XL-Test'!D29 -> Tomat | D6: ='XL-Test'!F29 -> 24540 | E6: ='XL-Test'!G29 -> 1472.4 | F6: ='XL-Test'!H29 -> 968839.2
B7: 6 | C7: ='XL-Test'!D30 -> Pisang | D7: ='XL-Test'!F30 -> 16198 | E7: ='XL-Test'!G30 -> 1457.82 | F7: ='XL-Test'!H30 -> 1768821.6
B8: 7 | C8: ='XL-Test'!D31 -> Bayam | D8: ='XL-Test'!F31 -> 17003 | E8: ='XL-Test'!G31 -> 1190.21 | F8: ='XL-Test'!H31 -> 1122708.1
B9: 8 | C9: ='XL-Test'!D32 -> Jambu | D9: ='XL-Test'!F32 -> 11716 | E9: ='XL-Test'!G32 -> 1054.44 | F9: ='XL-Test'!H32 -> 1386002.8
B10: 9 | C10: ='XL-Test'!D33 -> Mangga | D10: ='XL-Test'!F33 -> 23220 | E10: ='XL-Test'!G33 -> 1393.2 | F10: ='XL-Test'!H33 -> 1091340
B11: 10 | C11: ='XL-Test'!D34 -> Manggis | D11: ='XL-Test'!F34 -> 17408 | E11: ='XL-Test'!G34 -> 1218.56 | F11: ='XL-Test'!H34 -> 2185574.4
C13: =CODE(LEFT(C2))+CODE(LEFT(C3))+CODE(LEFT(C4))+CODE(LEFT(C5))+CODE(LEFT(C6))+CODE(LEFT(C7))+CODE(LEFT(C8))+CODE(LEFT(C9))+CODE(LEFT(C10))+CODE(LEFT(C11))+CODE(RIGHT(C2))+CODE(RIGHT(C5))+CODE(RIGHT(C7))+CODE(RIGHT(C9)) -> 1212 | D13: =SUM(D2:D11)+LEFT(D3,2)+LEFT(D7,2)+LEFT(D10,2) -> 182260 | E13: =SUM(E2:E11)+LEFT(E4,2)+LEFT(E8,2)+LEFT(E10,2) -> 11444.38 | F13: =SUM(F2:F11)+LEFT(F4,2)+LEFT(F8,2)+LEFT(F10,2) -> 13138014
A14: ** | B14: Value | C14: =IFERROR(DEC2HEX(IF(OR(C2=0,C2=""),C17,C13)),"EEE")&AND(C22,C50)+0 -> 4BC1 | D14: =IFERROR(DEC2HEX(IF(OR(D2=0,D2=""),D17,D13)),"EEE")&AND(D22,D50)+0 -> 2C7F41 | E14: =IFERROR(DEC2HEX(IF(OR(E2=0,E2=""),E17,E13)),"EEE")&AND(E22,E50)+0 -> 2CB41 | F14: =IFERROR(DEC2HEX(IF(OR(F2=0,F2=""),F17,F13)),"EEE")&AND(F22,F50)+0 -> C8785E1
B15: Value F
B17: rand | C17: 20131 | D17: 4229 | E17: 8695 | F17: 87912
B19: TRUE | C19: =LEFT(DEC2HEX(C17),2) -> 4E | D19: =LEFT(DEC2HEX(D17),2) -> 10 | E19: =LEFT(DEC2HEX(E17),2) -> 21 | F19: =LEFT(DEC2HEX(F17),2) -> 15
B20: FALSE | C20: =RIGHT(DEC2HEX(C17),2) -> A3 | D20: =RIGHT(DEC2HEX(D17),2) -> 85 | E20: =RIGHT(DEC2HEX(E17),2) -> F7 | F20: =RIGHT(DEC2HEX(F17),2) -> 68
B22: Cek Manual | C22: =AND(ISNUMBER(FIND("C",S2)),ISNUMBER(FIND("=",S2))) -> TRUE | D22: =AND(ISNUMBER(FIND("C",S3)),ISNUMBER(FIND("=",S3))) -> TRUE | E22: =AND(ISNUMBER(FIND("C",S4)),ISNUMBER(FIND("=",S4))) -> TRUE | F22: =AND(ISNUMBER(FIND("E",S5)),ISNUMBER(FIND("=",S5))) -> TRUE
B24: Cek Formula | C24: =ISNUMBER(FIND("LOOKUP",S2)) -> TRUE | D24: =OR(AND(ISNUMBER(FIND("MIN",S3)),ISNUMBER(FIND("IF",S3))),AND(ISNUMBER(FIND("VLOOKUP",S3)),ISNUMBER(FIND("MATCH",S3))),AND(ISNUMBER(FIND("INDEX",S3)),ISNUMBER(FIND("MATCH",S3)))) -> TRUE | E24: =OR(AND(ISNUMBER(FIND("MAX",S4)),ISNUMBER(FIND("IF",S4))),AND(ISNUMBER(FIND("VLOOKUP",S4)),ISNUMBER(FIND("MATCH",S4))),AND(ISNUMBER(FIND("INDEX",S4)),ISNUMBER(FIND("MATCH",S4)))) -> TRUE | F24: =OR(ISNUMBER(FIND("*",S5)),ISNUMBER(FIND("PRODUCT",S5))) -> TRUE
A25: ** | C25: =IF(C24,C19,C20)&(C29+0) -> 4E1 | D25: =IF(D24,D19,D20)&(D29+0) -> 101 | E25: =IF(E24,E19,E20)&(E29+0) -> 211 | F25: =IF(F24,F19,F20)&(F29+0) -> 151
B26: cek banyak | C26: =IFERROR(LEN(S2)-LEN(SUBSTITUTE(S2,"(","")),99) -> 1 | D26: =IFERROR(LEN(T2)-LEN(SUBSTITUTE(T2,"(","")),99) -> 3 | E26: =IFERROR(LEN(U2)-LEN(SUBSTITUTE(U2,"(","")),99) -> 3 | F26: =IFERROR(LEN(V2)-LEN(SUBSTITUTE(V2,"(","")),99) -> 1
C27: 1 | D27: 4 | E27: 4 | F27: 1
A28: XX
B29: Cek Kurung | C29: =C26<=C27 -> TRUE | D29: =D26<=D27 -> TRUE | E29: =E26<=E27 -> TRUE | F29: =F26<=F27 -> TRUE
C30: =C25&"-"&C14&";" -> 4E1-4BC1; | D30: =D25&"-"&D14&";" -> 101-2C7F41; | E30: =E25&"-"&E14&";" -> 211-2CB41; | F30: =F25&"-"&F14 -> 151-C8785E1
C31: =A3&"|"&C30&D30&E30&F30 -> HB1|4E1-4BC1;101-2C7F41;211-2CB41;151-C8785E1
B34: 1 | C34: =IFERROR(LEN(_xlfn.FORMULATEXT('XL-Test'!D25)),0) -> 32 | D34: =IFERROR(LEN(_xlfn.FORMULATEXT('XL-Test'!F25)),0) -> 75 | E34: =IFERROR(LEN(_xlfn.FORMULATEXT('XL-Test'!G25)),0) -> 79 | F34: =IFERROR(LEN(_xlfn.FORMULATEXT('XL-Test'!H25)),0) -> 14
B35: 2 | C35: =IFERROR(LEN(_xlfn.FORMULATEXT('XL-Test'!D26)),0) -> 32 | D35: =IFERROR(LEN(_xlfn.FORMULATEXT('XL-Test'!F26)),0) -> 75 | E35: =IFERROR(LEN(_xlfn.FORMULATEXT('XL-Test'!G26)),0) -> 79 | F35: =IFERROR(LEN(_xlfn.FORMULATEXT('XL-Test'!H26)),0) -> 14
B36: 3 | C36: =IFERROR(LEN(_xlfn.FORMULATEXT('XL-Test'!D27)),0) -> 32 | D36: =IFERROR(LEN(_xlfn.FORMULATEXT('XL-Test'!F27)),0) -> 75 | E36: =IFERROR(LEN(_xlfn.FORMULATEXT('XL-Test'!G27)),0) -> 79 | F36: =IFERROR(LEN(_xlfn.FORMULATEXT('XL-Test'!H27)),0) -> 14
B37: 4 | C37: =IFERROR(LEN(_xlfn.FORMULATEXT('XL-Test'!D28)),0) -> 32 | D37: =IFERROR(LEN(_xlfn.FORMULATEXT('XL-Test'!F28)),0) -> 75 | E37: =IFERROR(LEN(_xlfn.FORMULATEXT('XL-Test'!G28)),0) -> 79 | F37: =IFERROR(LEN(_xlfn.FORMULATEXT('XL-Test'!H28)),0) -> 14
B38: 5 | C38: =IFERROR(LEN(_xlfn.FORMULATEXT('XL-Test'!D29)),0) -> 32 | D38: =IFERROR(LEN(_xlfn.FORMULATEXT('XL-Test'!F29)),0) -> 75 | E38: =IFERROR(LEN(_xlfn.FORMULATEXT('XL-Test'!G29)),0) -> 79 | F38: =IFERROR(LEN(_xlfn.FORMULATEXT('XL-Test'!H29)),0) -> 14
B39: 6 | C39: =IFERROR(LEN(_xlfn.FORMULATEXT('XL-Test'!D30)),0) -> 32 | D39: =IFERROR(LEN(_xlfn.FORMULATEXT('XL-Test'!F30)),0) -> 75 | E39: =IFERROR(LEN(_xlfn.FORMULATEXT('XL-Test'!G30)),0) -> 79 | F39: =IFERROR(LEN(_xlfn.FORMULATEXT('XL-Test'!H30)),0) -> 14
B40: 7 | C40: =IFERROR(LEN(_xlfn.FORMULATEXT('XL-Test'!D31)),0) -> 32 | D40: =IFERROR(LEN(_xlfn.FORMULATEXT('XL-Test'!F31)),0) -> 75 | E40: =IFERROR(LEN(_xlfn.FORMULATEXT('XL-Test'!G31)),0) -> 79 | F40: =IFERROR(LEN(_xlfn.FORMULATEXT('XL-Test'!H31)),0) -> 14
B41: 8 | C41: =IFERROR(LEN(_xlfn.FORMULATEXT('XL-Test'!D32)),0) -> 32 | D41: =IFERROR(LEN(_xlfn.FORMULATEXT('XL-Test'!F32)),0) -> 75 | E41: =IFERROR(LEN(_xlfn.FORMULATEXT('XL-Test'!G32)),0) -> 79 | F41: =IFERROR(LEN(_xlfn.FORMULATEXT('XL-Test'!H32)),0) -> 14
B42: 9 | C42: =IFERROR(LEN(_xlfn.FORMULATEXT('XL-Test'!D33)),0) -> 32 | D42: =IFERROR(LEN(_xlfn.FORMULATEXT('XL-Test'!F33)),0) -> 75 | E42: =IFERROR(LEN(_xlfn.FORMULATEXT('XL-Test'!G33)),0) -> 79 | F42: =IFERROR(LEN(_xlfn.FORMULATEXT('XL-Test'!H33)),0) -> 14
B43: 10 | C43: =IFERROR(LEN(_xlfn.FORMULATEXT('XL-Test'!D34)),0) -> 32 | D43: =IFERROR(LEN(_xlfn.FORMULATEXT('XL-Test'!F34)),0) -> 75 | E43: =IFERROR(LEN(_xlfn.FORMULATEXT('XL-Test'!G34)),0) -> 79 | F43: =IFERROR(LEN(_xlfn.FORMULATEXT('XL-Test'!H34)),0) -> 14
C45: =AVERAGE(C34:C43) -> 32 | D45: =AVERAGE(D34:D43) -> 75 | E45: =AVERAGE(E34:E43) -> 79 | F45: =AVERAGE(F34:F43) -> 14
B46: Manual | C46: =C45=C34 -> TRUE | D46: =D45=D34 -> TRUE | E46: =E45=E34 -> TRUE | F46: =F45=F34 -> TRUE
B48: Array | C48: =AND(C34>0,C36=0,C4>0) -> FALSE | D48: =AND(D34>0,D36=0,D4>0) -> FALSE | E48: =AND(E34>0,E36=0,E4>0) -> FALSE | F48: =AND(F34>0,F36=0,F4>0) -> FALSE
B50: Hasil | C50: =OR(C46,C48) -> TRUE | D50: =OR(D46,D48) -> TRUE | E50: =OR(E46,E48) -> TRUE | F50: =OR(F46,F48) -> TRUE
