Workbook
Name kode_jawaban: DF!$C$22

Sheet Start
C4: Kode Soal | D4: SBEH006
C6: Kode Jawaban | D6: =kode_jawaban -> DEF1|BCB-USEMAHBCB1;EAE-AISAPEAE1;AEE-62AEE1;MEM-NESESMEM1;MEE-NESESMEE1;23A-CA6B23A1;BCB-USEMAHBCB1;B90-62B901;464-1324641
C10: kirimkan Kode Soal dan Kode Jawaban diatas ke alamat : https://belajarexcel.id/xl-test/jawaban untuk mengecek hasil benar/salah

Sheet VLOOKUP
F2: VLOOKUP (lookup_value, table_array, col_index_num, [range_lookup])
H4: 1 | J4: 2 | K4: 3 | M4: 4
A5: VLOOKUP | F5: No | G5: Kode Pelanggan | H5: Nama Pelanggan | I5: Kode Produk | J5: Nama Produk | K5: Harga | L5: Penjualan | M5: Bonus
F6: 1 | G6: P-002 | H6: =VLOOKUP(G6,$L$33:$M$35,2,0) -> Toko Bagus | I6: B003 | J6: =VLOOKUP(I6,$K$25:$M$29,2,FALSE) -> Pembersih Lantai | K6: =VLOOKUP(I6,$K$25:$M$29,3,FALSE) -> 30200 | L6: 68 | M6: =VLOOKUP(L6,$G$33:$I$36,3,TRUE) -> Smartphone
F7: 2 | G7: P-001 | H7: =VLOOKUP(G7,$L$33:$M$35,2,0) -> Toko Cemerlang | I7: B004 | J7: =VLOOKUP(I7,$K$25:$M$29,2,FALSE) -> Pewangi Pakaian | K7: =VLOOKUP(I7,$K$25:$M$29,3,FALSE) -> 32500 | L7: 39 | M7: =VLOOKUP(L7,$G$33:$I$36,3,TRUE) -> Televisi
F8: 3 | G8: P-003 | H8: =VLOOKUP(G8,$L$33:$M$35,2,0) -> Toko Bahagia | I8: B002 | J8: =VLOOKUP(I8,$K$25:$M$29,2,FALSE) -> Sabun Cuci Piring | K8: =VLOOKUP(I8,$K$25:$M$29,3,FALSE) -> 19900 | L8: 31 | M8: =VLOOKUP(L8,$G$33:$I$36,3,TRUE) -> Televisi
F9: 4 | G9: P-002 | H9: =VLOOKUP(G9,$L$33:$M$35,2,0) -> Toko Bagus | I9: B001 | J9: =VLOOKUP(I9,$K$25:$M$29,2,FALSE) -> Detergen | K9: =VLOOKUP(I9,$K$25:$M$29,3,FALSE) -> 28000 | L9: 7 | M9: =VLOOKUP(L9,$G$33:$I$36,3,TRUE) -> Setrika
B10: MATERI 1 | F10: 5 | G10: P-001 | H10: =VLOOKUP(G10,$L$33:$M$35,2,0) -> Toko Cemerlang | I10: B003 | J10: =VLOOKUP(I10,$K$25:$M$29,2,FALSE) -> Pembersih Lantai | K10: =VLOOKUP(I10,$K$25:$M$29,3,FALSE) -> 30200 | L10: 53 | M10: =VLOOKUP(L10,$G$33:$I$36,3,TRUE) -> Smartphone
F11: 6 | G11: P-002 | H11: =VLOOKUP(G11,$L$33:$M$35,2,0) -> Toko Bagus | I11: B002 | J11: =VLOOKUP(I11,$K$25:$M$29,2,FALSE) -> Sabun Cuci Piring | K11: =VLOOKUP(I11,$K$25:$M$29,3,FALSE) -> 19900 | L11: 58 | M11: =VLOOKUP(L11,$G$33:$I$36,3,TRUE) -> Smartphone
A12: 1 | B12: Pengenalan VLOOKUP | F12: 7 | G12: P-001 | H12: =VLOOKUP(G12,$L$33:$M$35,2,0) -> Toko Cemerlang | I12: B002 | J12: =VLOOKUP(I12,$K$25:$M$29,2,FALSE) -> Sabun Cuci Piring | K12: =VLOOKUP(I12,$K$25:$M$29,3,FALSE) -> 19900 | L12: 27 | M12: =VLOOKUP(L12,$G$33:$I$36,3,TRUE) -> Setrika
A13: 2 | B13: VLOOKUP TRUE vs FALSE | F13: 8 | G13: P-001 | H13: =VLOOKUP(G13,$L$33:$M$35,2,0) -> Toko Cemerlang | I13: B001 | J13: =VLOOKUP(I13,$K$25:$M$29,2,FALSE) -> Detergen | K13: =VLOOKUP(I13,$K$25:$M$29,3,FALSE) -> 28000 | L13: 57 | M13: =VLOOKUP(L13,$G$33:$I$36,3,TRUE) -> Smartphone
F14: 9 | G14: P-001 | H14: =VLOOKUP(G14,$L$33:$M$35,2,0) -> Toko Cemerlang | I14: B005 | J14: =VLOOKUP(I14,$K$25:$M$29,2,FALSE) -> Minyak Goreng | K14: =VLOOKUP(I14,$K$25:$M$29,3,FALSE) -> 23600 | L14: 15 | M14: =VLOOKUP(L14,$G$33:$I$36,3,TRUE) -> Setrika
F15: 10 | G15: P-003 | H15: =VLOOKUP(G15,$L$33:$M$35,2,0) -> Toko Bahagia | I15: B001 | J15: =VLOOKUP(I15,$K$25:$M$29,2,FALSE) -> Detergen | K15: =VLOOKUP(I15,$K$25:$M$29,3,FALSE) -> 28000 | L15: 56 | M15: =VLOOKUP(L15,$G$33:$I$36,3,TRUE) -> Smartphone
F16: 11 | G16: P-003 | H16: =VLOOKUP(G16,$L$33:$M$35,2,0) -> Toko Bahagia | I16: B004 | J16: =VLOOKUP(I16,$K$25:$M$29,2,FALSE) -> Pewangi Pakaian | K16: =VLOOKUP(I16,$K$25:$M$29,3,FALSE) -> 32500 | L16: 63 | M16: =VLOOKUP(L16,$G$33:$I$36,3,TRUE) -> Smartphone
F17: 12 | G17: P-002 | H17: =VLOOKUP(G17,$L$33:$M$35,2,0) -> Toko Bagus | I17: B004 | J17: =VLOOKUP(I17,$K$25:$M$29,2,FALSE) -> Pewangi Pakaian | K17: =VLOOKUP(I17,$K$25:$M$29,3,FALSE) -> 32500 | L17: 19 | M17: =VLOOKUP(L17,$G$33:$I$36,3,TRUE) -> Setrika
F18: 13 | G18: P-003 | H18: =VLOOKUP(G18,$L$33:$M$35,2,0) -> Toko Bahagia | I18: B005 | J18: =VLOOKUP(I18,$K$25:$M$29,2,FALSE) -> Minyak Goreng | K18: =VLOOKUP(I18,$K$25:$M$29,3,FALSE) -> 23600 | L18: 95 | M18: =VLOOKUP(L18,$G$33:$I$36,3,TRUE) -> Sepeda Motor
F19: 14 | G19: P-002 | H19: =VLOOKUP(G19,$L$33:$M$35,2,0) -> Toko Bagus | I19: B005 | J19: =VLOOKUP(I19,$K$25:$M$29,2,FALSE) -> Minyak Goreng | K19: =VLOOKUP(I19,$K$25:$M$29,3,FALSE) -> 23600 | L19: 66 | M19: =VLOOKUP(L19,$G$33:$I$36,3,TRUE) -> Smartphone
F20: 15 | G20: P-003 | H20: =VLOOKUP(G20,$L$33:$M$35,2,0) -> Toko Bahagia | I20: B003 | J20: =VLOOKUP(I20,$K$25:$M$29,2,FALSE) -> Pembersih Lantai | K20: =VLOOKUP(I20,$K$25:$M$29,3,FALSE) -> 30200 | L20: 62 | M20: =VLOOKUP(L20,$G$33:$I$36,3,TRUE) -> Smartphone
K23: Daftar Produk
F24: Soal | K24: Kode | L24: Nama Barang | M24: Harga Satuan
F25: 1 | G25: Isi nama pelanggan berdasarkan kode pelangan dari table Daftar Pelanggan menggunakan VLOOKUP | K25: B001 | L25: Detergen | M25: 28000
F26: 2 | G26: isi nama produk berdasarkan kode produk dari table Daftar Produk menggunakan VLOOKUP | K26: B002 | L26: Sabun Cuci Piring | M26: 19900
F27: 3 | G27: isi harga berdasarkan kode produk dari table Daftar Produk menggunakan VLOOKUP | K27: B003 | L27: Pembersih Lantai | M27: 30200
F28: 4 | G28: isi bonus berdasarkan jumlah penjualan dari table Daftar Bonus menggunakan VLOOKUP | K28: B004 | L28: Pewangi Pakaian | M28: 32500
K29: B005 | L29: Minyak Goreng | M29: 23600
G31: Daftar Bonus | K31: Daftar Pelaggan
G32: Min | H32: Max | I32: Bonus | K32: No | L32: Kode | M32: Nama
G33: 1 | H33: 29 | I33: Setrika | K33: 1 | L33: P-001 | M33: Toko Cemerlang
G34: 30 | H34: 49 | I34: Televisi | K34: 2 | L34: P-002 | M34: Toko Bagus
G35: 50 | H35: 79 | I35: Smartphone | K35: 3 | L35: P-003 | M35: Toko Bahagia
G36: 80 | H36: 100 | I36: Sepeda Motor

Sheet VLOOKUP Multi Value
F2: VLOOKUP (lookup_value, table_array, col_index_num, [range_lookup])
I4: 5
A5: VLOOKUP | F5: No | G5: Kode Pelanggan | H5: Kode Produk | I5: Bonus
F6: 1 | G6: P-002 | H6: B003 | I6: {=VLOOKUP(G6&H6,CHOOSE({1,2},VLOOKUP!$G$6:$G$20&VLOOKUP!$I$6:$I$20,VLOOKUP!$M$6:$M$20),2,0)} -> Smartphone
F7: 2 | G7: P-001 | H7: B004 | I7: {=VLOOKUP(G7&H7,CHOOSE({1,2},VLOOKUP!$G$6:$G$20&VLOOKUP!$I$6:$I$20,VLOOKUP!$M$6:$M$20),2,0)} -> Televisi
F8: 3 | G8: P-003 | H8: B002 | I8: {=VLOOKUP(G8&H8,CHOOSE({1,2},VLOOKUP!$G$6:$G$20&VLOOKUP!$I$6:$I$20,VLOOKUP!$M$6:$M$20),2,0)} -> Televisi
F9: 4 | G9: P-002 | H9: B001 | I9: {=VLOOKUP(G9&H9,CHOOSE({1,2},VLOOKUP!$G$6:$G$20&VLOOKUP!$I$6:$I$20,VLOOKUP!$M$6:$M$20),2,0)} -> Setrika
B10: MATERI 2 | F10: 5 | G10: P-001 | H10: B003 | I10: {=VLOOKUP(G10&H10,CHOOSE({1,2},VLOOKUP!$G$6:$G$20&VLOOKUP!$I$6:$I$20,VLOOKUP!$M$6:$M$20),2,0)} -> Smartphone
F11: 6 | G11: P-002 | H11: B002 | I11: {=VLOOKUP(G11&H11,CHOOSE({1,2},VLOOKUP!$G$6:$G$20&VLOOKUP!$I$6:$I$20,VLOOKUP!$M$6:$M$20),2,0)} -> Smartphone
A12: 3 | B12: VLOOKUP Multi Kriteria | F12: 7 | G12: P-001 | H12: B002 | I12: {=VLOOKUP(G12&H12,CHOOSE({1,2},VLOOKUP!$G$6:$G$20&VLOOKUP!$I$6:$I$20,VLOOKUP!$M$6:$M$20),2,0)} -> Setrika
F13: 8 | G13: P-001 | H13: B001 | I13: {=VLOOKUP(G13&H13,CHOOSE({1,2},VLOOKUP!$G$6:$G$20&VLOOKUP!$I$6:$I$20,VLOOKUP!$M$6:$M$20),2,0)} -> Smartphone
F14: 9 | G14: P-001 | H14: B005 | I14: {=VLOOKUP(G14&H14,CHOOSE({1,2},VLOOKUP!$G$6:$G$20&VLOOKUP!$I$6:$I$20,VLOOKUP!$M$6:$M$20),2,0)} -> Setrika
F15: 10 | G15: P-003 | H15: B001 | I15: {=VLOOKUP(G15&H15,CHOOSE({1,2},VLOOKUP!$G$6:$G$20&VLOOKUP!$I$6:$I$20,VLOOKUP!$M$6:$M$20),2,0)} -> Smartphone
F16: 11 | G16: P-003 | H16: B004 | I16: {=VLOOKUP(G16&H16,CHOOSE({1,2},VLOOKUP!$G$6:$G$20&VLOOKUP!$I$6:$I$20,VLOOKUP!$M$6:$M$20),2,0)} -> Smartphone
F17: 12 | G17: P-002 | H17: B004 | I17: {=VLOOKUP(G17&H17,CHOOSE({1,2},VLOOKUP!$G$6:$G$20&VLOOKUP!$I$6:$I$20,VLOOKUP!$M$6:$M$20),2,0)} -> Setrika
F18: 13 | G18: P-003 | H18: B005 | I18: {=VLOOKUP(G18&H18,CHOOSE({1,2},VLOOKUP!$G$6:$G$20&VLOOKUP!$I$6:$I$20,VLOOKUP!$M$6:$M$20),2,0)} -> Sepeda Motor
F19: 14 | G19: P-002 | H19: B005 | I19: {=VLOOKUP(G19&H19,CHOOSE({1,2},VLOOKUP!$G$6:$G$20&VLOOKUP!$I$6:$I$20,VLOOKUP!$M$6:$M$20),2,0)} -> Smartphone
F20: 15 | G20: P-003 | H20: B003 | I20: {=VLOOKUP(G20&H20,CHOOSE({1,2},VLOOKUP!$G$6:$G$20&VLOOKUP!$I$6:$I$20,VLOOKUP!$M$6:$M$20),2,0)} -> Smartphone
F23: Soal
F24: 5 | G24: isi bonus berdasarkan kode pelanggan dan kode produk dari dari table Materi 1 menggunakan VLOOKUP

Sheet VLOOKUP Advanced
F2: VLOOKUP (lookup_value, table_array, col_index_num, [range_lookup])
H4: 6 | J4: 7 | L4: 8 | M4: 9
A5: VLOOKUP | F5: No | G5: Nama Produk | H5: Kode Produk | I5: Kode Pelanggan | J5: Nama Pelanggan | K5: Penjualan | L5: Harga Barang | M5: Bonus
F6: 1 | G6: Pembersih Lantai | H6: =VLOOKUP(G6,CHOOSE({1,2},$M$28:$M$32,$L$28:$L$32),2,FALSE) -> B003 | I6: P-002 | J6: {=VLOOKUP(I6,CHOOSE({1,2},TRANSPOSE($L$23:$N$23),TRANSPOSE($L$24:$N$24)),2,0)} -> Toko Bagus | K6: 68 | L6: =IFERROR(VLOOKUP("*"&H6,$O$28:$Q$32,2,0),INDEX($Q$28:$Q$32,MATCH("*"&H6&"*",$O$28:$O$32,0))) -> 30200 | M6: =VLOOKUP(K6,{1,25000;30,50000;50,100000;80,250000},2,1) -> 100000
F7: 2 | G7: Pewangi Pakaian | H7: =VLOOKUP(G7,CHOOSE({1,2},$M$28:$M$32,$L$28:$L$32),2,FALSE) -> B004 | I7: P-001 | J7: {=VLOOKUP(I7,CHOOSE({1,2},TRANSPOSE($L$23:$N$23),TRANSPOSE($L$24:$N$24)),2,0)} -> Toko Cemerlang | K7: 39 | L7: =IFERROR(VLOOKUP("*"&H7,$O$28:$Q$32,2,0),INDEX($Q$28:$Q$32,MATCH("*"&H7&"*",$O$28:$O$32,0))) -> 32500 | M7: =VLOOKUP(K7,{1,25000;30,50000;50,100000;80,250000},2,1) -> 50000
F8: 3 | G8: Sabun Cuci Piring | H8: =VLOOKUP(G8,CHOOSE({1,2},$M$28:$M$32,$L$28:$L$32),2,FALSE) -> B002 | I8: P-003 | J8: {=VLOOKUP(I8,CHOOSE({1,2},TRANSPOSE($L$23:$N$23),TRANSPOSE($L$24:$N$24)),2,0)} -> Toko Bahagia | K8: 31 | L8: =IFERROR(VLOOKUP("*"&H8,$O$28:$Q$32,2,0),INDEX($Q$28:$Q$32,MATCH("*"&H8&"*",$O$28:$O$32,0))) -> 19900 | M8: =VLOOKUP(K8,{1,25000;30,50000;50,100000;80,250000},2,1) -> 50000
F9: 4 | G9: Detergen | H9: =VLOOKUP(G9,CHOOSE({1,2},$M$28:$M$32,$L$28:$L$32),2,FALSE) -> B001 | I9: P-002 | J9: {=VLOOKUP(I9,CHOOSE({1,2},TRANSPOSE($L$23:$N$23),TRANSPOSE($L$24:$N$24)),2,0)} -> Toko Bagus | K9: 7 | L9: =IFERROR(VLOOKUP("*"&H9,$O$28:$Q$32,2,0),INDEX($Q$28:$Q$32,MATCH("*"&H9&"*",$O$28:$O$32,0))) -> 28000 | M9: =VLOOKUP(K9,{1,25000;30,50000;50,100000;80,250000},2,1) -> 25000
B10: MATERI 3 | F10: 5 | G10: Pembersih Lantai | H10: =VLOOKUP(G10,CHOOSE({1,2},$M$28:$M$32,$L$28:$L$32),2,FALSE) -> B003 | I10: P-001 | J10: {=VLOOKUP(I10,CHOOSE({1,2},TRANSPOSE($L$23:$N$23),TRANSPOSE($L$24:$N$24)),2,0)} -> Toko Cemerlang | K10: 53 | L10: =IFERROR(VLOOKUP("*"&H10,$O$28:$Q$32,2,0),INDEX($Q$28:$Q$32,MATCH("*"&H10&"*",$O$28:$O$32,0))) -> 30200 | M10: =VLOOKUP(K10,{1,25000;30,50000;50,100000;80,250000},2,1) -> 100000
F11: 6 | G11: Sabun Cuci Piring | H11: =VLOOKUP(G11,CHOOSE({1,2},$M$28:$M$32,$L$28:$L$32),2,FALSE) -> B002 | I11: P-002 | J11: {=VLOOKUP(I11,CHOOSE({1,2},TRANSPOSE($L$23:$N$23),TRANSPOSE($L$24:$N$24)),2,0)} -> Toko Bagus | K11: 58 | L11: =IFERROR(VLOOKUP("*"&H11,$O$28:$Q$32,2,0),INDEX($Q$28:$Q$32,MATCH("*"&H11&"*",$O$28:$O$32,0))) -> 19900 | M11: =VLOOKUP(K11,{1,25000;30,50000;50,100000;80,250000},2,1) -> 100000
A12: 4 | B12: VLOOKUP Ke Kanan | F12: 7 | G12: Sabun Cuci Piring | H12: =VLOOKUP(G12,CHOOSE({1,2},$M$28:$M$32,$L$28:$L$32),2,FALSE) -> B002 | I12: P-001 | J12: {=VLOOKUP(I12,CHOOSE({1,2},TRANSPOSE($L$23:$N$23),TRANSPOSE($L$24:$N$24)),2,0)} -> Toko Cemerlang | K12: 27 | L12: =IFERROR(VLOOKUP("*"&H12,$O$28:$Q$32,2,0),INDEX($Q$28:$Q$32,MATCH("*"&H12&"*",$O$28:$O$32,0))) -> 19900 | M12: =VLOOKUP(K12,{1,25000;30,50000;50,100000;80,250000},2,1) -> 25000
A13: 5 | B13: VLOOKUP Table Horizontal | F13: 8 | G13: Detergen | H13: =VLOOKUP(G13,CHOOSE({1,2},$M$28:$M$32,$L$28:$L$32),2,FALSE) -> B001 | I13: P-001 | J13: {=VLOOKUP(I13,CHOOSE({1,2},TRANSPOSE($L$23:$N$23),TRANSPOSE($L$24:$N$24)),2,0)} -> Toko Cemerlang | K13: 57 | L13: =IFERROR(VLOOKUP("*"&H13,$O$28:$Q$32,2,0),INDEX($Q$28:$Q$32,MATCH("*"&H13&"*",$O$28:$O$32,0))) -> 28000 | M13: =VLOOKUP(K13,{1,25000;30,50000;50,100000;80,250000},2,1) -> 100000
F14: 9 | G14: Minyak Goreng | H14: =VLOOKUP(G14,CHOOSE({1,2},$M$28:$M$32,$L$28:$L$32),2,FALSE) -> B005 | I14: P-001 | J14: {=VLOOKUP(I14,CHOOSE({1,2},TRANSPOSE($L$23:$N$23),TRANSPOSE($L$24:$N$24)),2,0)} -> Toko Cemerlang | K14: 15 | L14: =IFERROR(VLOOKUP("*"&H14,$O$28:$Q$32,2,0),INDEX($Q$28:$Q$32,MATCH("*"&H14&"*",$O$28:$O$32,0))) -> 23600 | M14: =VLOOKUP(K14,{1,25000;30,50000;50,100000;80,250000},2,1) -> 25000
A15: 6 | B15: VLOOKUP Wildcard | F15: 10 | G15: Detergen | H15: =VLOOKUP(G15,CHOOSE({1,2},$M$28:$M$32,$L$28:$L$32),2,FALSE) -> B001 | I15: P-003 | J15: {=VLOOKUP(I15,CHOOSE({1,2},TRANSPOSE($L$23:$N$23),TRANSPOSE($L$24:$N$24)),2,0)} -> Toko Bahagia | K15: 56 | L15: =IFERROR(VLOOKUP("*"&H15,$O$28:$Q$32,2,0),INDEX($Q$28:$Q$32,MATCH("*"&H15&"*",$O$28:$O$32,0))) -> 28000 | M15: =VLOOKUP(K15,{1,25000;30,50000;50,100000;80,250000},2,1) -> 100000
A16: 7 | B16: VLOOKUP Tanpa Table | F16: 11 | G16: Pewangi Pakaian | H16: =VLOOKUP(G16,CHOOSE({1,2},$M$28:$M$32,$L$28:$L$32),2,FALSE) -> B004 | I16: P-003 | J16: {=VLOOKUP(I16,CHOOSE({1,2},TRANSPOSE($L$23:$N$23),TRANSPOSE($L$24:$N$24)),2,0)} -> Toko Bahagia | K16: 63 | L16: =IFERROR(VLOOKUP("*"&H16,$O$28:$Q$32,2,0),INDEX($Q$28:$Q$32,MATCH("*"&H16&"*",$O$28:$O$32,0))) -> 32500 | M16: =VLOOKUP(K16,{1,25000;30,50000;50,100000;80,250000},2,1) -> 100000
F17: 12 | G17: Pewangi Pakaian | H17: =VLOOKUP(G17,CHOOSE({1,2},$M$28:$M$32,$L$28:$L$32),2,FALSE) -> B004 | I17: P-002 | J17: {=VLOOKUP(I17,CHOOSE({1,2},TRANSPOSE($L$23:$N$23),TRANSPOSE($L$24:$N$24)),2,0)} -> Toko Bagus | K17: 19 | L17: =IFERROR(VLOOKUP("*"&H17,$O$28:$Q$32,2,0),INDEX($Q$28:$Q$32,MATCH("*"&H17&"*",$O$28:$O$32,0))) -> 32500 | M17: =VLOOKUP(K17,{1,25000;30,50000;50,100000;80,250000},2,1) -> 25000
F18: 13 | G18: Minyak Goreng | H18: =VLOOKUP(G18,CHOOSE({1,2},$M$28:$M$32,$L$28:$L$32),2,FALSE) -> B005 | I18: P-003 | J18: {=VLOOKUP(I18,CHOOSE({1,2},TRANSPOSE($L$23:$N$23),TRANSPOSE($L$24:$N$24)),2,0)} -> Toko Bahagia | K18: 95 | L18: =IFERROR(VLOOKUP("*"&H18,$O$28:$Q$32,2,0),INDEX($Q$28:$Q$32,MATCH("*"&H18&"*",$O$28:$O$32,0))) -> 23600 | M18: =VLOOKUP(K18,{1,25000;30,50000;50,100000;80,250000},2,1) -> 250000
F19: 14 | G19: Minyak Goreng | H19: =VLOOKUP(G19,CHOOSE({1,2},$M$28:$M$32,$L$28:$L$32),2,FALSE) -> B005 | I19: P-002 | J19: {=VLOOKUP(I19,CHOOSE({1,2},TRANSPOSE($L$23:$N$23),TRANSPOSE($L$24:$N$24)),2,0)} -> Toko Bagus | K19: 66 | L19: =IFERROR(VLOOKUP("*"&H19,$O$28:$Q$32,2,0),INDEX($Q$28:$Q$32,MATCH("*"&H19&"*",$O$28:$O$32,0))) -> 23600 | M19: =VLOOKUP(K19,{1,25000;30,50000;50,100000;80,250000},2,1) -> 100000
F20: 15 | G20: Pembersih Lantai | H20: =VLOOKUP(G20,CHOOSE({1,2},$M$28:$M$32,$L$28:$L$32),2,FALSE) -> B003 | I20: P-003 | J20: {=VLOOKUP(I20,CHOOSE({1,2},TRANSPOSE($L$23:$N$23),TRANSPOSE($L$24:$N$24)),2,0)} -> Toko Bahagia | K20: 62 | L20: =IFERROR(VLOOKUP("*"&H20,$O$28:$Q$32,2,0),INDEX($Q$28:$Q$32,MATCH("*"&H20&"*",$O$28:$O$32,0))) -> 30200 | M20: =VLOOKUP(K20,{1,25000;30,50000;50,100000;80,250000},2,1) -> 100000
K22: Daftar Pelanggan
K23: Kode | L23: P-001 | M23: P-002 | N23: P-003
F24: Soal | K24: Nama | L24: Toko Cemerlang | M24: Toko Bagus | N24: Toko Bahagia
F25: 6 | G25: Isi kode produk berdasarkan nama barang dari table Daftar Produk 1 menggunakan VLOOKUP
F26: 7 | G26: isi nama pelanggan berdasarkan kode pelanggan dari table Daftar Pelanggan menggunakan VLOOKUP | K26: Daftar Produk 1 | O26: Daftar Produk 2
F27: 8 | G27: isi harga berdasarkan kode produk dari table Daftar Produk 2 menggunakan VLOOKUP | K27: No | L27: Kode | M27: Nama Barang | O27: Kode | Q27: Harga Satuan
F28: 9 | G28: isi bonus dengan ketentuan berikut menggunakan VLOOKUP tanpa menggunakan Table: | K28: 1 | L28: B001 | M28: Detergen | O28: B002SBNCCPRNG | Q28: 19900
G29: Penjualan 1-29 mendapatkan voucher Rp 25.000 | K29: 2 | L29: B002 | M29: Sabun Cuci Piring | O29: B005MNYKGRNG | Q29: 23600
G30: Penjualan 30-49 mendapatkan voucher Rp 50.000 | K30: 3 | L30: B003 | M30: Pembersih Lantai | O30: B001DTRGN | Q30: 28000
G31: Penjualan 50-79 mendapatkan voucher Rp 100.000 | K31: 4 | L31: B004 | M31: Pewangi Pakaian | O31: B003PMBRSHLNT | Q31: 30200
G32: penjualan 80-100 mendapatkan voucher Rp 250.000 | K32: 5 | L32: B005 | M32: Minyak Goreng | O32: B004PWNGPKN | Q32: 32500

Sheet BONUS
F2: VLOOKUP (lookup_value, table_array, col_index_num, [range_lookup])
H4: Bonus
A5: VLOOKUP | F5: No | G5: Kode Produk | H5: Nama Barang | I5: Harga Satuan | J5: Satuan
F6: 1 | G6: B003 | H6: {=VLOOKUP(G6,$L$8:$O$12,{2,3,4},FALSE)} -> Pembersih Lantai | I6: 30200 | J6: Botol | L6: Daftar Produk
F7: 2 | G7: B004 | H7: {=VLOOKUP(G7,$L$8:$O$12,{2,3,4},FALSE)} -> Pewangi Pakaian | I7: 32500 | J7: Pcs | L7: Kode | M7: Nama Barang | N7: Harga Satuan | O7: Satuan
F8: 3 | G8: B002 | H8: {=VLOOKUP(G8,$L$8:$O$12,{2,3,4},FALSE)} -> Sabun Cuci Piring | I8: 19900 | J8: Pcs | L8: B001 | M8: Detergen | N8: 28000 | O8: Pcs
F9: 4 | G9: B001 | H9: {=VLOOKUP(G9,$L$8:$O$12,{2,3,4},FALSE)} -> Detergen | I9: 28000 | J9: Pcs | L9: B002 | M9: Sabun Cuci Piring | N9: 19900 | O9: Pcs
B10: MATERI 4 | F10: 5 | G10: B003 | H10: {=VLOOKUP(G10,$L$8:$O$12,{2,3,4},FALSE)} -> Pembersih Lantai | I10: 30200 | J10: Botol | L10: B003 | M10: Pembersih Lantai | N10: 30200 | O10: Botol
F11: 6 | G11: B002 | H11: {=VLOOKUP(G11,$L$8:$O$12,{2,3,4},FALSE)} -> Sabun Cuci Piring | I11: 19900 | J11: Pcs | L11: B004 | M11: Pewangi Pakaian | N11: 32500 | O11: Pcs
A12: 8 | B12: VLOOKUP Muti Kolom | F12: 7 | G12: B002 | H12: {=VLOOKUP(G12,$L$8:$O$12,{2,3,4},FALSE)} -> Sabun Cuci Piring | I12: 19900 | J12: Pcs | L12: B005 | M12: Minyak Goreng | N12: 23600 | O12: Liter
F13: 8 | G13: B001 | H13: {=VLOOKUP(G13,$L$8:$O$12,{2,3,4},FALSE)} -> Detergen | I13: 28000 | J13: Pcs
F14: 9 | G14: B005 | H14: {=VLOOKUP(G14,$L$8:$O$12,{2,3,4},FALSE)} -> Minyak Goreng | I14: 23600 | J14: Liter
B15: Khsusus Excel 2021,2024,365 | F15: 10 | G15: B001 | H15: {=VLOOKUP(G15,$L$8:$O$12,{2,3,4},FALSE)} -> Detergen | I15: 28000 | J15: Pcs
F16: 11 | G16: B004 | H16: {=VLOOKUP(G16,$L$8:$O$12,{2,3,4},FALSE)} -> Pewangi Pakaian | I16: 32500 | J16: Pcs
F17: 12 | G17: B004 | H17: {=VLOOKUP(G17,$L$8:$O$12,{2,3,4},FALSE)} -> Pewangi Pakaian | I17: 32500 | J17: Pcs
F18: 13 | G18: B005 | H18: {=VLOOKUP(G18,$L$8:$O$12,{2,3,4},FALSE)} -> Minyak Goreng | I18: 23600 | J18: Liter
F19: 14 | G19: B005 | H19: {=VLOOKUP(G19,$L$8:$O$12,{2,3,4},FALSE)} -> Minyak Goreng | I19: 23600 | J19: Liter
F20: 15 | G20: B003 | H20: {=VLOOKUP(G20,$L$8:$O$12,{2,3,4},FALSE)} -> Pembersih Lantai | I20: 30200 | J20: Botol
F23: Soal
F24: 10 | G24: Isi nama barang, harga satuan dan satuan menggunakan VLOOKUP dalam 1x formula di kolom H

Sheet DF
A1: DEF | C1: Fvalue
A2: DEF1 | B2: 1 | C2: =VLOOKUP!H6 -> Toko Bagus | D2: =VLOOKUP!J6 -> Pembersih Lantai | E2: =VLOOKUP!K6 -> 30200 | F2: =VLOOKUP!M6 -> Smartphone | G2: ='VLOOKUP Multi Value'!I6 -> Smartphone | H2: ='VLOOKUP Advanced'!H6 -> B003 | I2: ='VLOOKUP Advanced'!J6 -> Toko Bagus | J2: ='VLOOKUP Advanced'!L6 -> 30200 | K2: ='VLOOKUP Advanced'!M6 -> 100000 | M2: 1 | N2: =_xlfn.FORMULATEXT(VLOOKUP!H6) -> =VLOOKUP(G6;$L$33:$M$35;2;0)
B3: 2 | C3: =VLOOKUP!H12 -> Toko Cemerlang | D3: =VLOOKUP!J12 -> Sabun Cuci Piring | E3: =VLOOKUP!K12 -> 19900 | F3: =VLOOKUP!M12 -> Setrika | G3: ='VLOOKUP Multi Value'!I12 -> Setrika | H3: ='VLOOKUP Advanced'!H12 -> B002 | I3: ='VLOOKUP Advanced'!J12 -> Toko Cemerlang | J3: ='VLOOKUP Advanced'!L13 -> 28000 | K3: ='VLOOKUP Advanced'!M12 -> 25000 | M3: 2 | N3: =_xlfn.FORMULATEXT(VLOOKUP!J6) -> =VLOOKUP(I6;$K$25:$M$29;2;FALSE)
B4: 3 | C4: =VLOOKUP!H20 -> Toko Bahagia | D4: =VLOOKUP!J20 -> Pembersih Lantai | E4: =VLOOKUP!K20 -> 30200 | F4: =VLOOKUP!M20 -> Smartphone | G4: ='VLOOKUP Multi Value'!I18 -> Sepeda Motor | H4: ='VLOOKUP Advanced'!H20 -> B003 | I4: ='VLOOKUP Advanced'!J20 -> Toko Bahagia | J4: ='VLOOKUP Advanced'!L20 -> 30200 | K4: ='VLOOKUP Advanced'!M20 -> 100000 | M4: 3 | N4: =_xlfn.FORMULATEXT(VLOOKUP!K6) -> =VLOOKUP(I6;$K$25:$M$29;3;FALSE)
B5: 4 | M5: 4 | N5: =_xlfn.FORMULATEXT(VLOOKUP!M6) -> =VLOOKUP(L6;$G$33:$I$36;3;TRUE)
C6: 1 | D6: 2 | E6: 3 | F6: 4 | G6: 5 | H6: 6 | I6: 7 | J6: 8 | K6: 9 | M6: 5 | N6: =_xlfn.FORMULATEXT('VLOOKUP Multi Value'!I6) -> =VLOOKUP(G6&H6;CHOOSE({1\2};VLOOKUP!$G$6:$G$20&VLOOKUP!$I$6:$I$20;VLOOKUP!$M$6:$M$20);2;0)
M7: 6 | N7: =_xlfn.FORMULATEXT('VLOOKUP Advanced'!H6) -> =VLOOKUP(G6;CHOOSE({1\2};$M$28:$M$32;$L$28:$L$32);2;FALSE)
B8: 1 | C8: =RIGHT(C2,2) -> us | D8: =RIGHT(D2,2) -> ai | E8: =E2/100 -> 302 | F8: =RIGHT(F2,2) -> ne | G8: =RIGHT(G2,2) -> ne | H8: =RIGHT(H2,3)+0 -> 3 | I8: =RIGHT(I2,2) -> us | J8: =J2/100 -> 302 | K8: =K2/100 -> 1000 | M8: 7 | N8: =_xlfn.FORMULATEXT('VLOOKUP Advanced'!J6) -> =VLOOKUP(I6;CHOOSE({1\2};TRANSPOSE($L$23:$N$23);TRANSPOSE($L$24:$N$24));2;0)
B9: 2 | C9: =MID(C3,7,2) -> em | D9: =LEFT(D3,2) -> Sa | E9: =E3/100 -> 199 | F9: =LEFT(F3,2) -> Se | G9: =LEFT(G3,2) -> Se | H9: =RIGHT(H3,3)+0 -> 2 | I9: =MID(I3,7,2) -> em | J9: =J3/100 -> 280 | K9: =K3/100 -> 250 | M9: 8 | N9: =_xlfn.FORMULATEXT('VLOOKUP Advanced'!L6) -> =IFERROR(VLOOKUP("*"&H6;$O$28:$Q$32;2;0);INDEX($Q$28:$Q$32;MATCH("*"&H6&"*";$O$28:$O$32;0)))
B10: 3 | C10: =MID(C4,7,2) -> ah | D10: =LEFT(D4) -> P | E10: =E4/100 -> 302 | F10: =LEFT(F4) -> S | G10: =LEFT(G4) -> S | H10: =RIGHT(H4,3)+0 -> 3 | I10: =MID(I4,7,2) -> ah | J10: =J4/100 -> 302 | K10: =K4/100 -> 1000 | M10: 9 | N10: =_xlfn.FORMULATEXT('VLOOKUP Advanced'!M6) -> =VLOOKUP(K6;{1\25000;30\50000;50\100000;80\250000};2;1)
B11: 4 | C11: =MID(C2,6,1)&MID(C3,6,1)&MID(C4,6,1) -> BCB | D11: =MID(D2,2,1)&MID(D3,2,1)&MID(D4,2,1) -> eae | E11: =SUM(E8:E10) -> 803 | F11: =MID(F2,2,1)&MID(F3,2,1)&MID(F4,2,1) -> mem | G11: =MID(G2,2,1)&MID(G3,2,1)&MID(G4,2,1) -> mee | H11: =SUM(H8:H10) -> 8 | I11: =MID(I2,6,1)&MID(I3,6,1)&MID(I4,6,1) -> BCB | J11: =SUM(J8:J10) -> 884 | K11: =SUM(K8:K10) -> 2250
B12: 5 | C12: =IF(C2=0,"AGEBSFGA",UPPER(C8&C9&C10&C11)) -> USEMAHBCB | D12: =IF(D2=0,"A231A2",UPPER(D8&D9&D10&D11)) -> AISAPEAE | E12: =IF(E2=0,"155AG1",DEC2HEX(SUM(E8:E11)+SUM(VLOOKUP!K6:K20))) -> 62AEE | F12: =IF(F2=0,"HAG12",UPPER(F8&F9&F10&F11)) -> NESESMEM | G12: =IF(G2=0,"65EF2",UPPER(G8&G9&G10&G11)) -> NESESMEE | H12: =IF(H2=0,"9CV42A",DEC2HEX(UPPER(H8&H9&H10&H11))&"B23A") -> CA6B23A | I12: =IF(I2=0,"12VA1",UPPER(I8&I9&I10&I11)) -> USEMAHBCB | J12: =IF(J2=0,"71BX2",DEC2HEX(SUM(J8:J11)+SUM('VLOOKUP Advanced'!L6:L20))) -> 62B90 | K12: =IF(K2=0,"RT12",DEC2HEX(SUM(K8:K11)+SUM('VLOOKUP Advanced'!M6:M20))) -> 132464
B14: Fcek | C14: =ISNUMBER(FIND("VL",N2))+0 -> 1 | D14: =ISNUMBER(FIND("VL",N3))+0 -> 1 | E14: =ISNUMBER(FIND("VL",N4))+0 -> 1 | F14: =ISNUMBER(FIND("VL",N5))+0 -> 1 | G14: =AND(ISNUMBER(FIND("VL",N6)),ISNUMBER(FIND(CHAR(123),N6)))+0 -> 1 | H14: =AND(ISNUMBER(FIND("VL",N7)),ISNUMBER(FIND(CHAR(123),N7)))+0 -> 1 | I14: =ISNUMBER(FIND("VL",N8))+0 -> 1 | J14: =AND(ISNUMBER(FIND("VL",N9)),ISNUMBER(FIND(CHAR(42),N9)))+0 -> 1 | K14: =AND(ISNUMBER(FIND("VL",N10)),ISNUMBER(FIND(CHAR(123),N10)))+0 -> 1
B16: TRUE | C16: =RIGHT(C12,3) -> BCB | D16: =RIGHT(D12,3) -> EAE | E16: =RIGHT(E12,3) -> AEE | F16: =RIGHT(F12,3) -> MEM | G16: =RIGHT(G12,3) -> MEE | H16: =RIGHT(H12,3) -> 23A | I16: =RIGHT(I12,3) -> BCB | J16: =RIGHT(J12,3) -> B90 | K16: =RIGHT(K12,3) -> 464
B17: FALSE | C17: =LEFT(C12,3) -> USE | D17: =LEFT(D12,3) -> AIS | E17: =LEFT(E12,3) -> 62A | F17: =LEFT(F12,3) -> NES | G17: =LEFT(G12,3) -> NES | H17: =LEFT(H12,3) -> CA6 | I17: =LEFT(I12,3) -> USE | J17: =LEFT(J12,3) -> 62B | K17: =LEFT(K12,3) -> 132
C19: =IF(ISNUMBER(FIND("VL",N2)),C16,C17) -> BCB | D19: =IF(ISNUMBER(FIND("VL",N3)),D16,D17) -> EAE | E19: =IF(ISNUMBER(FIND("VL",N4)),E16,E17) -> AEE | F19: =IF(ISNUMBER(FIND("VL",N5)),F16,F17) -> MEM | G19: =IF(ISNUMBER(FIND("VL",N6)),G16,G17) -> MEE | H19: =IF(ISNUMBER(FIND("VL",N7)),H16,H17) -> 23A | I19: =IF(ISNUMBER(FIND("VL",N7)),I16,I17) -> BCB | J19: =IF(ISNUMBER(FIND("VL",N9)),J16,J17) -> B90 | K19: =IF(ISNUMBER(FIND("VL",N10)),K16,K17) -> 464
C20: =C19&"-"&C12&C14&";" -> BCB-USEMAHBCB1; | D20: =D19&"-"&D12&D14&";" -> EAE-AISAPEAE1; | E20: =E19&"-"&E12&E14&";" -> AEE-62AEE1; | F20: =F19&"-"&F12&F14&";" -> MEM-NESESMEM1; | G20: =G19&"-"&G12&G14&";" -> MEE-NESESMEE1; | H20: =H19&"-"&H12&H14&";" -> 23A-CA6B23A1; | I20: =I19&"-"&I12&I14&";" -> BCB-USEMAHBCB1; | J20: =J19&"-"&J12&J14&";" -> B90-62B901; | K20: =K19&"-"&K12&K14 -> 464-1324641
C22: =A2&"|"&C20&D20&E20&F20&G20&H20&I20&J20&K20 -> DEF1|BCB-USEMAHBCB1;EAE-AISAPEAE1;AEE-62AEE1;MEM-NESESMEM1;MEE-NESESMEE1;23A-CA6B23A1;BCB-USEMAHBCB1;B90-62B901;464-1324641
