Workbook
Name kode_jawaban: DF!$D$10

Sheet XL-Test
B1: Hard Level (⭐⭐⭐)
B2: KODE SOAL | C2: SBEH005 | D2: KODE JAWABAN | E2: =kode_jawaban -> HE1|8D1-9C401;CD1-1C201;721-77241;CF1-75301;991-D4E41;151-A6041
B5: No | C5: Keterangan Transaksi | D5: Nilai Transaksi | E5: Kode Transaksi
B6: 1 | C6: nama andi jumlah 25000 | D6: 25000 | E6: *PKA* | G6: Soal | I6: Jawaban
B7: 2 | C7: atas nama yandi sebesar 12000 | D7: 12000 | E7: *PKA* | G7: 1 | H7: Berapa Banyak Transaksi yang dilakukan oleh andi | I7: {=SUMPRODUCT(ISNUMBER(FIND(" andi "," "&C6:C25&" "))*1)} -> 4
B8: 3 | C8: pengiriman untuk sandi | D8: 0 | E8: SUBPKA | G8: 2 | H8: Berapa Jumlah Nilai Transaksi yang dilakukan oleh andi | I8: {=SUMPRODUCT(ISNUMBER(FIND(" andi "," "&C6:C25&" "))*D6:D25)} -> 72000
B9: 4 | C9: andini mengirim sebesar 22500 | D9: 22500 | E9: *LSG* | G9: 3 | H9: Berapa Jumlah Nilai Transaksi yang dilakukan oleh wandi | I9: {=SUMPRODUCT(ISNUMBER(FIND(" wandi "," "&C6:C25&" "))*D6:D25)} -> 30500
B10: 5 | C10: dari handi jumlah 16000 | D10: 16000 | E10: SUBLSG | G10: 4 | H10: Berapa Banyak Transaksi dengan kode *PKA* | I10: =COUNTIF(E6:E25,"~*PKA*~") -> 3
B11: 6 | C11: randi bayar sebesar 20000 | D11: 20000 | E11: *LSG* | G11: 5 | H11: Berapa Jumlah Nilai Transaksi dengan kode *PKA* | I11: =SUMIF(E6:E25,"~*PKA*~",D6:D25) -> 54500
B12: 7 | C12: nama badu jumlah 14500 | D12: 14500 | E12: SUBLSG | G12: 6 | H12: Berapa Jumlah Nilai Transaksi yang dilakukan oleh andi dengan kode *PKA* | I12: {=SUMPRODUCT(ISNUMBER(FIND(" andi "," "&C6:C25&" "))*(E6:E25="*PKA*")*D6:D25)} -> 42500
B13: 8 | C13: atas nama wandiman sebesar 19000 | D13: 19000 | E13: *NIR*
B14: 9 | C14: andi bayar jumlah 17500 | D14: 17500 | E14: *PKA* | H14: * Selesaikan tanpa menggunakan Table/kolom bantu
B15: 10 | C15: atas nama dani sebesar 21000 | D15: 21000 | E15: SUBPKA
B16: 11 | C16: jumlah 13000 dibayar wandi | D16: 13000 | E16: *NIR* | H16: Sudah selesai mengerjakan?
B17: 12 | C17: sebesar 15500 atas nama andi | D17: 15500 | E17: SUB?NIR | H17: Kirimkan Kode Soal dan Kode Jawaban diatas ke alamat : https://belajarexcel.id/xl-test/jawaban untuk mengecek hasil benar/salah
B18: 13 | C18: nama nando jumlah 24000 | D18: 24000 | E18: *OID*
B19: 14 | C19: atas nama andini sebesar 11000 | D19: 11000 | E19: PKA?INDEX
B20: 15 | C20: nama mandika jumlah 23000 | D20: 23000 | E20: *OID*
B21: 16 | C21: atas nama ridwandi sebesar 10000 | D21: 10000 | E21: SUB?OID
B22: 17 | C22: pembayaran andi jumlah 14000 | D22: 14000 | E22: SUBPKA
B23: 18 | C23: atas nama andika sebesar 16500 | D23: 16500 | E23: *HGU*
B24: 19 | C24: pembelian oleh wandi 17500 | D24: 17500 | E24: SUBLSG | H24: Copyright © 2025 | BelajarExcel.id
B25: 20 | C25: atas nama riswandika 20000 lunas | D25: 20000 | E25: SUB?PKA

Sheet DF
A1: DEF | C1: No | G1: Randm | H1: TRUE | I1: FALSE | J1: Cek Manual | K1: Cek Range | L1: Hasil | M1: Cek Formula | N1: kurung | O1: Asli | P1: B
A2: HE1 | C2: 1 | D2: ='XL-Test'!I7 -> 4 | E2: =D2*10000 -> 40000 | F2: =IFERROR(DEC2HEX(IF(OR(D2=0,D2=""),G2,E2)),"EEEE") -> 9C40 | G2: 36190 | H2: =LEFT(DEC2HEX(G2),2) -> 8D | I2: =RIGHT(DEC2HEX(G2),2) -> 5E | J2: =AND(ISNUMBER(FIND("=",U2)),ISNUMBER(FIND("=",U2))) -> TRUE | K2: =ISNUMBER(FIND(":C",U2)) -> TRUE | L2: =AND(J2,K2)+0 -> 1 | M2: =OR(AND(ISNUMBER(FIND("SUM",U2)),OR(ISNUMBER(FIND("FIND",U2)),ISNUMBER(FIND("SEAR",U2)))),AND(ISNUMBER(FIND("REG",U2)),ISNUMBER(FIND("SUM",U2)))) -> TRUE | N2: =IFERROR(LEN(U2)-LEN(SUBSTITUTE(U2,"(","")),99) -> 3 | O2: 3 | P2: =(N2<=O2)+0 -> 1 | Q2: =IF(M2,H2,I2)&P2 -> 8D1 | R2: =F2&L2 -> 9C401 | S2: =Q2&"-"&R2&";" -> 8D1-9C401; | U2: =SUBSTITUTE(W2,"$","") -> =SUMPRODUCT(ISNUMBER(FIND(" andi ";" "&C6:C25&" "))*1) | V2: 1 | W2: =_xlfn.FORMULATEXT('XL-Test'!I7) -> =SUMPRODUCT(ISNUMBER(FIND(" andi ";" "&C6:C25&" "))*1)
A3: =A2&"|" -> HE1| | C3: 2 | D3: ='XL-Test'!I8 -> 72000 | E3: =D3/10 -> 7200 | F3: =IFERROR(DEC2HEX(IF(OR(D3=0,D3=""),G3,E3)),"EEEE") -> 1C20 | G3: 52489 | H3: =LEFT(DEC2HEX(G3),2) -> CD | I3: =RIGHT(DEC2HEX(G3),2) -> 09 | J3: =AND(ISNUMBER(FIND("=",U3)),ISNUMBER(FIND("=",U3))) -> TRUE | K3: =ISNUMBER(FIND(":C",U3)) -> TRUE | L3: =AND(J3,K3)+0 -> 1 | M3: =OR(AND(ISNUMBER(FIND("SUM",U3)),OR(ISNUMBER(FIND("FIND",U3)),ISNUMBER(FIND("SEAR",U3)))),AND(ISNUMBER(FIND("REG",U3)),ISNUMBER(FIND("SUM",U3)))) -> TRUE | N3: =IFERROR(LEN(U3)-LEN(SUBSTITUTE(U3,"(","")),99) -> 3 | O3: 3 | P3: =(N3<=O3)+0 -> 1 | Q3: =IF(M3,H3,I3)&P3 -> CD1 | R3: =F3&L3 -> 1C201 | S3: =Q3&"-"&R3&";" -> CD1-1C201; | U3: =SUBSTITUTE(W3,"$","") -> =SUMPRODUCT(ISNUMBER(FIND(" andi ";" "&C6:C25&" "))*D6:D25) | V3: 2 | W3: =_xlfn.FORMULATEXT('XL-Test'!I8) -> =SUMPRODUCT(ISNUMBER(FIND(" andi ";" "&C6:C25&" "))*D6:D25)
C4: 3 | D4: ='XL-Test'!I9 -> 30500 | E4: =D4 -> 30500 | F4: =IFERROR(DEC2HEX(IF(OR(D4=0,D4=""),G4,E4)),"EEEE") -> 7724 | G4: 29240 | H4: =LEFT(DEC2HEX(G4),2) -> 72 | I4: =RIGHT(DEC2HEX(G4),2) -> 38 | J4: =AND(ISNUMBER(FIND("=",U4)),ISNUMBER(FIND("=",U4))) -> TRUE | K4: =ISNUMBER(FIND(":C",U4)) -> TRUE | L4: =AND(J4,K4)+0 -> 1 | M4: =OR(AND(ISNUMBER(FIND("SUM",U4)),OR(ISNUMBER(FIND("FIND",U4)),ISNUMBER(FIND("SEAR",U4)))),AND(ISNUMBER(FIND("REG",U4)),ISNUMBER(FIND("SUM",U4)))) -> TRUE | N4: =IFERROR(LEN(U4)-LEN(SUBSTITUTE(U4,"(","")),99) -> 3 | O4: 3 | P4: =(N4<=O4)+0 -> 1 | Q4: =IF(M4,H4,I4)&P4 -> 721 | R4: =F4&L4 -> 77241 | S4: =Q4&"-"&R4&";" -> 721-77241; | U4: =SUBSTITUTE(W4,"$","") -> =SUMPRODUCT(ISNUMBER(FIND(" wandi ";" "&C6:C25&" "))*D6:D25) | V4: 3 | W4: =_xlfn.FORMULATEXT('XL-Test'!I9) -> =SUMPRODUCT(ISNUMBER(FIND(" wandi ";" "&C6:C25&" "))*D6:D25)
C5: 4 | D5: ='XL-Test'!I10 -> 3 | E5: =D5*10000 -> 30000 | F5: =IFERROR(DEC2HEX(IF(OR(D5=0,D5=""),G5,E5)),"EEEE") -> 7530 | G5: 53216 | H5: =LEFT(DEC2HEX(G5),2) -> CF | I5: =RIGHT(DEC2HEX(G5),2) -> E0 | J5: =AND(ISNUMBER(FIND("=",U5)),ISNUMBER(FIND("=",U5))) -> TRUE | K5: =ISNUMBER(FIND(":E",U5)) -> TRUE | L5: =AND(J5,K5)+0 -> 1 | M5: =AND(ISNUMBER(FIND("UNTI",U5)),ISNUMBER(FIND("~",U5))) -> TRUE | N5: =IFERROR(LEN(U5)-LEN(SUBSTITUTE(U5,"(","")),99) -> 1 | O5: 1 | P5: =(N5<=O5)+0 -> 1 | Q5: =IF(M5,H5,I5)&P5 -> CF1 | R5: =F5&L5 -> 75301 | S5: =Q5&"-"&R5&";" -> CF1-75301; | U5: =SUBSTITUTE(W5,"$","") -> =COUNTIF(E6:E25;"~*PKA*~") | V5: 4 | W5: =_xlfn.FORMULATEXT('XL-Test'!I10) -> =COUNTIF(E6:E25;"~*PKA*~")
C6: 5 | D6: ='XL-Test'!I11 -> 54500 | E6: =D6 -> 54500 | F6: =IFERROR(DEC2HEX(IF(OR(D6=0,D6=""),G6,E6)),"EEEE") -> D4E4 | G6: 39274 | H6: =LEFT(DEC2HEX(G6),2) -> 99 | I6: =RIGHT(DEC2HEX(G6),2) -> 6A | J6: =AND(ISNUMBER(FIND("=",U6)),ISNUMBER(FIND("=",U6))) -> TRUE | K6: =ISNUMBER(FIND(":E",U6)) -> TRUE | L6: =AND(J6,K6)+0 -> 1 | M6: =AND(ISNUMBER(FIND("UMI",U6)),ISNUMBER(FIND("~",U6))) -> TRUE | N6: =IFERROR(LEN(U6)-LEN(SUBSTITUTE(U6,"(","")),99) -> 1 | O6: 1 | P6: =(N6<=O6)+0 -> 1 | Q6: =IF(M6,H6,I6)&P6 -> 991 | R6: =F6&L6 -> D4E41 | S6: =Q6&"-"&R6&";" -> 991-D4E41; | U6: =SUBSTITUTE(W6,"$","") -> =SUMIF(E6:E25;"~*PKA*~";D6:D25) | V6: 5 | W6: =_xlfn.FORMULATEXT('XL-Test'!I11) -> =SUMIF(E6:E25;"~*PKA*~";D6:D25)
C7: 6 | D7: ='XL-Test'!I12 -> 42500 | E7: =D7 -> 42500 | F7: =IFERROR(DEC2HEX(IF(OR(D7=0,D7=""),G7,E7)),"EEEE") -> A604 | G7: 86436 | H7: =LEFT(DEC2HEX(G7),2) -> 15 | I7: =RIGHT(DEC2HEX(G7),2) -> A4 | J7: =AND(ISNUMBER(FIND("=",U7)),ISNUMBER(FIND("=",U7))) -> TRUE | K7: =ISNUMBER(FIND(":C",U7)) -> TRUE | L7: =AND(J7,K7)+0 -> 1 | M7: =OR(AND(ISNUMBER(FIND("SUM",U7)),OR(ISNUMBER(FIND("FIND",U7)),ISNUMBER(FIND("SEAR",U7)))),AND(ISNUMBER(FIND("REG",U7)),ISNUMBER(FIND("SUM",U7)))) -> TRUE | N7: =IFERROR(LEN(U7)-LEN(SUBSTITUTE(U7,"(","")),99) -> 4 | O7: 4 | P7: =(N7<=O7)+0 -> 1 | Q7: =IF(M7,H7,I7)&P7 -> 151 | R7: =F7&L7 -> A6041 | S7: =Q7&"-"&R7 -> 151-A6041 | U7: =SUBSTITUTE(W7,"$","") -> =SUMPRODUCT(ISNUMBER(FIND(" andi ";" "&C6:C25&" "))*(E6:E25="*PKA*")*D6:D25) | V7: 6 | W7: =_xlfn.FORMULATEXT('XL-Test'!I12) -> =SUMPRODUCT(ISNUMBER(FIND(" andi ";" "&C6:C25&" "))*(E6:E25="*PKA*")*D6:D25)
D10: =A3&S2&S3&S4&S5&S6&S7 -> HE1|8D1-9C401;CD1-1C201;721-77241;CF1-75301;991-D4E41;151-A6041
