Workbook
Name kode_jawaban: DF!$D$31
Name saya: DF!$D$35

Sheet XL-Test
A17: KODE SOAL | B17: SBEM010 | D17: KODE JAWABAN | E17: =kode_jawaban -> MJ2|51-AB7D5;3C-2ACA7;21-1E96;4A-15157;62-339D2;17-1685A;20-62D40;27-609;20-4B3;49-B1274
A19: Intruksi
B21: Medium Level - Latihan Soal Excel menghitung Revenue dan Profit
A23: Soal : | B23: Gunakan Fungsi Excel (Function) untuk menyelsaikan kasus dibawah ini, tidak disarankan menggunakan cara manual
B24: Selesaikan kasus tanpa menggunakan kolom bantuan, mengubah Table atau Menambah Table Baru!!, Gunakan Table seperti yang sudah di sediakan soal!!
B25: usahakan jawaban mengambil referensi dari table langsung
B27: Bantuan!
B28: Net Revenue adalah Pendapatan Total Penjualan dikurangi diskon
B29: Profit adalah Pendapatan Bersih Total Penjualan dikurangi Modal
B31: Sudah selesai mengerjakan? kirim Kode Soal dan Kode Jawaban diatas ke alamat : https://belajarexcel.id/xl-test/jawaban untuk mengecek hasilnya
B32: atau klik tombol disamping
A37: Data Penjualan Bulan Agustus 2025
A38: No | B38: Produk | C38: Harga per Unit (Rp) | D38: Biaya Modal (Rp) | E38: Diskon (%) | F38: Unit Terjual | G38: Target Penjualan | I38: Jawaban Pertanyaan dibawah ini dengan menggunakan Rumus Excel!
A39: 1 | B39: Laptop ASUS VivoBook | C39: 8500000 | D39: 6200000 | E39: 0.1 | F39: 120 | G39: 150 | I39: {=SUMPRODUCT(C39:C57*(1-E39:E57)*F39:F57)} -> 7024217500 | J39: 1 | K39: Hitung Berapa Total Pendapatan Bersih (Net Revenue) dibulan Agustus 2025 ?
A40: 2 | B40: Smartphone Samsung Galaxy | C40: 7200000 | D40: 5000000 | E40: 0.05 | F40: 220 | G40: 200
A41: 3 | B41: Headphone Sony WH-1000XM4 | C41: 3800000 | D41: 2500000 | E41: 0.15 | F41: 150 | G41: 180 | I41: {=SUMPRODUCT((C39:C57*(1-E39:E57)-D39:D57)*F39:F57)} -> 1752717500 | J41: 2 | K41: Hitung Berapa Total Profit Perusahaan dibulan Agustus 2025 ?
A42: 4 | B42: Smartwatch Apple Watch SE | C42: 5000000 | D42: 3200000 | E42: 0.1 | F42: 100 | G42: 130
A43: 5 | B43: Kamera Canon EOS 200D | C43: 6500000 | D43: 4200000 | E43: 0.12 | F43: 80 | G43: 100 | I43: {=SUMPRODUCT((F39:F57<G39:G57)*1)} -> 15 | J43: 3 | K43: Hitung Berapa Banyak Produk Yang Tidak Mencapai Target dibulan Agustus 2025 ?
A44: 6 | B44: Printer Epson L3150 | C44: 2000000 | D44: 1400000 | E44: 0.08 | F44: 140 | G44: 160
A45: 7 | B45: Router WiFi TP-Link | C45: 750000 | D45: 500000 | E45: 0.05 | F45: 300 | G45: 350 | I45: {=AVERAGE(F39:F57/G39:G57)} -> 0.86359515 | J45: 4 | K45: Hitung Berapa Rata-Rata Persentase Pencapaian Target Penjualan dibulan Agustus 2025 ?
A46: 8 | B46: Monitor LG 27 Inch | C46: 3200000 | D46: 2000000 | E46: 0.1 | F46: 90 | G46: 120
A47: 9 | B47: Keyboard Mechanical Logitech | C47: 1200000 | D47: 700000 | E47: 0.05 | F47: 180 | G47: 200 | I47: {=SUMPRODUCT((G39:G57>F39:F57)*(G39:G57-F39:F57))} -> 405 | J47: 5 | K47: Hitung Berapa Total Unit Yang Tidak Mencapai Target (Tidak Terjual) dibulan Agustus 2025 ?
A48: 10 | B48: Mouse Gaming Razer | C48: 950000 | D48: 600000 | E48: 0.1 | F48: 160 | G48: 140
A49: 11 | B49: Hard Disk External Seagate 2TB | C49: 1500000 | D49: 1000000 | E49: 0.12 | F49: 140 | G49: 160 | I49: {=SUMPRODUCT((G39:G57>F39:F57)*(G39:G57-F39:F57)*D39:D57)} -> 922500000 | J49: 6 | K49: Hitung Berapa Total Modal dari Total Unit Yang Tidak Mencapai Target (Tidak Terjual) dibulan Agustus 2025 ?
A50: 12 | B50: SSD Samsung 1TB | C50: 2500000 | D50: 1700000 | E50: 0.08 | F50: 120 | G50: 115
A51: 13 | B51: Flashdisk Kingston 64GB | C51: 150000 | D51: 80000 | E51: 0.05 | F51: 400 | G51: 450 | I51: {=MAX((C39:C57*(1-E39:E57)-D39:D57)*F39:F57*(1))} -> 404800000 | J51: 7 | K51: Hitung Berapa Profit Tertinggi Yang didapatkan Oleh Satu Produk dibulan Agustus 2025 ?
A52: 14 | B52: Speaker Bluetooth JBL | C52: 900000 | D52: 600000 | E52: 0.1 | F52: 200 | G52: 220
A53: 15 | B53: TV LED Samsung 43 Inch | C53: 5500000 | D53: 4000000 | E53: 0.1 | F53: 70 | G53: 100 | I53: {=_xlfn.LET(_xlpm.profit, (C39:C57*(1-E39:E57)-D39:D57)*F39:F57, INDEX(B39:B57, MATCH(MAX(_xlpm.profit), _xlpm.profit, 0)))} -> Smartphone Samsung Galaxy | J53: 8 | K53: Produk Apa yang Menghasilkan Profit Tertinggi di Agustus 2025 ?
A54: 16 | B54: Tablet iPad 10.2 Inch | C54: 6000000 | D54: 4000000 | E54: 0.12 | F54: 90 | G54: 90
A55: 17 | B55: Kamera GoPro HERO9 | C55: 4500000 | D55: 3000000 | E55: 0.15 | F55: 60 | G55: 80 | I55: {=_xlfn.LET(_xlpm.profit, (C39:C57*(1-E39:E57)-D39:D57)*F39:F57, INDEX(B39:B57, MATCH(MIN(_xlpm.profit), _xlpm.profit, 0)))} -> Flashdisk Kingston 64GB | J55: 9 | K55: Produk Apa yang Menghasilkan Profit Terkecil di Agustus 2025 ?
A56: 18 | B56: Projector Epson EB-X41 | C56: 4000000 | D56: 2800000 | E56: 0.1 | F56: 50 | G56: 70
A57: 19 | B57: Samsung A56 | C57: 6650000 | D57: 5500000 | E57: 0.03 | F57: 35 | G57: 50 | I57: {=SUMPRODUCT(C39:C57*(1-(E39:E57-0.03))*F39:F57)} -> 7256200000 | J57: 10 | K57: Jika Semua Diskon dikurangi 3%, Berapa Total Pendapatan (Net Revenue) dibulan Agustus 2025 (Analisa Baru) ?
A61: Selesaikan kasus tanpa menggunakan kolom bantuan, mengubah Table atau Menambah Table Baru!!, Gunakan Table seperti yang sudah di sediakan soal!!

Sheet About
I6: XL-TEST adalah platform inovatif yang menyediakan latihan Excel interaktif dengan pemeriksaan otomatis,
I7: sehingga pengguna dapat langsung mengetahui jawaban yang benar maupun salah.
I10: Terdapat 5 Level soal :
J12: Easy Level | L12: (⭐)
J13: Medium Level | L13: (⭐⭐)
J14: Hard Level | L14: (⭐⭐⭐)
J15: Extreme Level | L15: (⭐⭐⭐⭐)
J16: Championship Level | L16: (⭐⭐⭐⭐⭐)
B17: Saya adalah seorang Excel Holic yang percaya bahwa setiap angka memiliki cerita yang bisa ditemukan dengan cara yang tepat. | I17: Free Access
B18: “Excel bukan cuma soal kerjaan tapi juga hobi yang aku nikmati.” | I18: https://belajarexcel.id/xl-test/
B19: Contact :
B20: 🌐 Web | C20: https://setiadi.me
B21: 🪡threads | C21: https://www.threads.com/@andisetiadi
D27: Perlu Video Penjelasan atau Kunci Jawaban ?
D28: Scan barcode atau kunjungi
D29: https://lynk.id/setiadi/page/jawaban-xl-test

Sheet DF
A1: DEF | D1: 1 | E1: 2 | F1: 3 | G1: 4 | H1: 5 | I1: 6 | J1: 7 | K1: 8 | L1: 9 | M1: 10
A2: MJ2 | C2: Formula | D2: =SUBSTITUTE(_xlfn.FORMULATEXT('XL-Test'!$I39),"$","") -> =SUMPRODUCT(C39:C57*(1-E39:E57)*F39:F57) | E2: =SUBSTITUTE(_xlfn.FORMULATEXT('XL-Test'!$I41),"$","") -> =SUMPRODUCT((C39:C57*(1-E39:E57)-D39:D57)*F39:F57) | F2: =SUBSTITUTE(_xlfn.FORMULATEXT('XL-Test'!$I43),"$","") -> =SUMPRODUCT((F39:F57<G39:G57)*1) | G2: =SUBSTITUTE(_xlfn.FORMULATEXT('XL-Test'!$I45),"$","") -> =AVERAGE(F39:F57/G39:G57) | H2: =SUBSTITUTE(_xlfn.FORMULATEXT('XL-Test'!$I47),"$","") -> =SUMPRODUCT((G39:G57>F39:F57)*(G39:G57-F39:F57)) | I2: =SUBSTITUTE(_xlfn.FORMULATEXT('XL-Test'!$I49),"$","") -> =SUMPRODUCT((G39:G57>F39:F57)*(G39:G57-F39:F57)*D39:D57) | J2: =SUBSTITUTE(_xlfn.FORMULATEXT('XL-Test'!$I51),"$","") -> =MAX((C39:C57*(1-E39:E57)-D39:D57)*F39:F57*(1)) | K2: =SUBSTITUTE(_xlfn.FORMULATEXT('XL-Test'!$I53),"$","") -> =LET(profit; (C39:C57*(1-E39:E57)-D39:D57)*F39:F57; INDEX(B39:B57; MATCH(MAX(profit); profit; 0))) | L2: =SUBSTITUTE(_xlfn.FORMULATEXT('XL-Test'!$I55),"$","") -> =LET(profit; (C39:C57*(1-E39:E57)-D39:D57)*F39:F57; INDEX(B39:B57; MATCH(MIN(profit); profit; 0))) | M2: =SUBSTITUTE(_xlfn.FORMULATEXT('XL-Test'!$I57),"$","") -> =SUMPRODUCT(C39:C57*(1-(E39:E57-0,03))*F39:F57)
C4: Nilai | D4: ='XL-Test'!I39 -> 7024217500 | E4: ='XL-Test'!I41 -> 1752717500 | F4: ='XL-Test'!I43 -> 15 | G4: ='XL-Test'!I45 -> 0.86359515 | H4: ='XL-Test'!I47 -> 405 | I4: ='XL-Test'!I49 -> 922500000 | J4: ='XL-Test'!I51 -> 404800000 | K4: ='XL-Test'!I53 -> Smartphone Samsung Galaxy | L4: ='XL-Test'!I55 -> Flashdisk Kingston 64GB | M4: ='XL-Test'!I57 -> 7256200000
D6: =IFERROR(DEC2HEX(D4/10000),"EEE") -> AB7D5 | E6: =IFERROR(DEC2HEX(E4/10000),"EEE") -> 2ACA7 | F6: =IFERROR(DEC2HEX(F4*522),"EEE") -> 1E96 | G6: =IFERROR(DEC2HEX(G4*100000),"EEE") -> 15157 | H6: =IFERROR(DEC2HEX(H4*522),"EEE") -> 339D2 | I6: =IFERROR(DEC2HEX(I4/10000),"EEE") -> 1685A | J6: =IFERROR(DEC2HEX(J4/1000),"EEE") -> 62D40 | K6: =IFERROR(DEC2HEX(CODE(LEFT(UPPER(K4)))+CODE(MID(UPPER(K4),2,1))+CODE(MID(UPPER(K4),3,1))+CODE(MID(UPPER(K4),4,1))+CODE(MID(UPPER(K4),5,1))+CODE(RIGHT(UPPER(K4)))+CODE(LEFT(RIGHT(UPPER(K4),2)))+CODE(LEFT(RIGHT(UPPER(K4),3)))+CODE(LEFT(RIGHT(UPPER(K4),4)))*12),"EEE") -> 609 | L6: =IFERROR(DEC2HEX(CODE(LEFT(UPPER(L4)))+CODE(MID(UPPER(L4),2,1))+CODE(MID(UPPER(L4),3,1))+CODE(MID(UPPER(L4),4,1))+CODE(MID(UPPER(L4),5,1))+CODE(RIGHT(UPPER(L4)))+CODE(LEFT(RIGHT(UPPER(L4),2)))+CODE(LEFT(RIGHT(UPPER(L4),3)))+CODE(LEFT(RIGHT(UPPER(L4),4)))*12),"EEE") -> 4B3 | M6: =IFERROR(DEC2HEX(M4/10000),"EEE") -> B1274
C8: rand | D8: 7789 | E8: 5512 | F8: 2790 | G8: 6723 | H8: 9063 | I8: 1451 | J8: 2266 | K8: 2821 | L8: 2022 | M8: 6058
C10: TRUE | D10: =DEC2HEX(LEFT(D8,2)+COLUMN()) -> 51 | E10: =DEC2HEX(LEFT(E8,2)+COLUMN()) -> 3C | F10: =DEC2HEX(LEFT(F8,2)+COLUMN()) -> 21 | G10: =DEC2HEX(LEFT(G8,2)+COLUMN()) -> 4A | H10: =DEC2HEX(LEFT(H8,2)+COLUMN()) -> 62 | I10: =DEC2HEX(LEFT(I8,2)+COLUMN()) -> 17 | J10: =DEC2HEX(LEFT(J8,2)+COLUMN()) -> 20 | K10: =DEC2HEX(LEFT(K8,2)+COLUMN()) -> 27 | ... M10: =DEC2HEX(LEFT(M8,2)+COLUMN()) -> 49
C11: FALSE | D11: =DEC2HEX(RIGHT(D8,2)+COLUMN()) -> 5D | E11: =DEC2HEX(RIGHT(E8,2)+COLUMN()) -> 11 | F11: =DEC2HEX(RIGHT(F8,2)+COLUMN()) -> 60 | G11: =DEC2HEX(RIGHT(G8,2)+COLUMN()) -> 1E | H11: =DEC2HEX(RIGHT(H8,2)+COLUMN()) -> 47 | I11: =DEC2HEX(RIGHT(I8,2)+COLUMN()) -> 3C | J11: =DEC2HEX(RIGHT(J8,2)+COLUMN()) -> 4C | K11: =DEC2HEX(RIGHT(K8,2)+COLUMN()) -> 20 | ... M11: =DEC2HEX(RIGHT(M8,2)+COLUMN()) -> 47
C13: Cekksoong | D13: =NOT(OR(D4="",D4=0)) -> TRUE | E13: =NOT(OR(E4="",E4=0)) -> TRUE | F13: =NOT(OR(F4="",F4=0)) -> TRUE | G13: =NOT(OR(G4="",G4=0)) -> TRUE | H13: =NOT(OR(H4="",H4=0)) -> TRUE | I13: =NOT(OR(I4="",I4=0)) -> TRUE | J13: =NOT(OR(J4="",J4=0)) -> TRUE | K13: =NOT(OR(K4="",K4=0)) -> TRUE | ... M13: =NOT(OR(M4="",M4=0)) -> TRUE
C14: Manual | D14: =AND(ISNUMBER(FIND("=",D2)),ISNUMBER(FIND("(",D2))) -> TRUE | E14: =AND(ISNUMBER(FIND("=",E2)),ISNUMBER(FIND("(",E2))) -> TRUE | F14: =AND(ISNUMBER(FIND("=",F2)),ISNUMBER(FIND("(",F2))) -> TRUE | G14: =AND(ISNUMBER(FIND("=",G2)),ISNUMBER(FIND("(",G2))) -> TRUE | H14: =AND(ISNUMBER(FIND("=",H2)),ISNUMBER(FIND("(",H2))) -> TRUE | I14: =AND(ISNUMBER(FIND("=",I2)),ISNUMBER(FIND("(",I2))) -> TRUE | J14: =AND(ISNUMBER(FIND("=",J2)),ISNUMBER(FIND("(",J2))) -> TRUE | K14: =AND(ISNUMBER(FIND("=",K2)),ISNUMBER(FIND("(",K2))) -> TRUE | ... M14: =AND(ISNUMBER(FIND("=",M2)),ISNUMBER(FIND("(",M2))) -> TRUE
C15: cek kolom | D15: =AND(ISNUMBER(FIND(":C",D2)),ISNUMBER(FIND(":E",D2)),ISNUMBER(FIND(":F",D2))) -> TRUE | E15: =OR(AND(ISNUMBER(FIND(":C",E2)),ISNUMBER(FIND(":E",E2)),ISNUMBER(FIND(":F",E2))),AND(ISNUMBER(FIND(":D",E2)),ISNUMBER(FIND(":F",E2)))) -> TRUE | F15: =AND(ISNUMBER(FIND(":F",F2)),ISNUMBER(FIND(":G",F2))) -> TRUE | G15: =AND(ISNUMBER(FIND(":F",G2)),ISNUMBER(FIND(":G",G2))) -> TRUE | H15: =AND(ISNUMBER(FIND(":F",H2)),ISNUMBER(FIND(":G",H2))) -> TRUE | I15: =AND(ISNUMBER(FIND(":F",I2)),ISNUMBER(FIND(":G",I2))) -> TRUE | J15: =AND(ISNUMBER(FIND(":C",J2)),ISNUMBER(FIND(":E",J2)),ISNUMBER(FIND(":F",J2))) -> TRUE | K15: =AND(ISNUMBER(FIND(":C",K2)),ISNUMBER(FIND(":E",K2)),ISNUMBER(FIND(":F",K2))) -> TRUE | L15: =AND(ISNUMBER(FIND(":C",L2)),ISNUMBER(FIND(":E",L2)),ISNUMBER(FIND(":F",L2))) -> TRUE | M15: =AND(ISNUMBER(FIND(":C",M2)),ISNUMBER(FIND(":E",M2)),ISNUMBER(FIND(":F",M2))) -> TRUE
C17: ** | D17: =AND(D13:D15) -> TRUE | E17: =AND(E13:E15) -> TRUE | F17: =AND(F13:F15) -> TRUE | G17: =AND(G13:G15) -> TRUE | H17: =AND(H13:H15) -> TRUE | I17: =AND(I13:I15) -> TRUE | J17: =AND(J13:J15) -> TRUE | K17: =AND(K13:K15) -> TRUE | ... M17: =AND(M13:M15) -> TRUE
D18: =IFERROR(IF(D17,D6,DEC2HEX(D8)),"EEE") -> AB7D5 | E18: =IFERROR(IF(E17,E6,DEC2HEX(E8)),"EEE") -> 2ACA7 | F18: =IFERROR(IF(F17,F6,DEC2HEX(F8)),"EEE") -> 1E96 | G18: =IFERROR(IF(G17,G6,DEC2HEX(G8)),"EEE") -> 15157 | H18: =IFERROR(IF(H17,H6,DEC2HEX(H8)),"EEE") -> 339D2 | I18: =IFERROR(IF(I17,I6,DEC2HEX(I8)),"EEE") -> 1685A | J18: =IFERROR(IF(J17,J6,DEC2HEX(J8)),"EEE") -> 62D40 | K18: =IFERROR(IF(K17,K6,DEC2HEX(K8)),"EEE") -> 609 | ... M18: =IFERROR(IF(M17,M6,DEC2HEX(M8)),"EEE") -> B1274 | Q18: 1 | R18: ook
Q19: 2 | R19: ya
C20: Cek Formula | D20: =AND(ISNUMBER(FIND("SUM",D2))) -> TRUE | E20: =AND(ISNUMBER(FIND("SUM",E2))) -> TRUE | F20: =AND(ISNUMBER(FIND("SUM",F2))) -> TRUE | G20: =AND(ISNUMBER(FIND("AVE",G2))) -> TRUE | H20: =AND(ISNUMBER(FIND("SUM",H2))) -> TRUE | I20: =AND(ISNUMBER(FIND("SUM",I2))) -> TRUE | J20: =AND(ISNUMBER(FIND("MAX",J2))) -> TRUE | K20: =AND(ISNUMBER(FIND("INDE",K2)),ISNUMBER(FIND("MAX",K2))) -> TRUE | L20: =AND(ISNUMBER(FIND("INDE",L2)),ISNUMBER(FIND("MIN",L2))) -> TRUE | M20: =AND(ISNUMBER(FIND("SUM",M2))) -> TRUE
D22: =IFERROR(LEN(D2)-LEN(SUBSTITUTE(D2,"(","")),99) -> 2 | E22: =IFERROR(LEN(E2)-LEN(SUBSTITUTE(E2,"(","")),99) -> 3 | F22: =IFERROR(LEN(F2)-LEN(SUBSTITUTE(F2,"(","")),99) -> 2 | G22: =IFERROR(LEN(G2)-LEN(SUBSTITUTE(G2,"(","")),99) -> 1 | H22: =IFERROR(LEN(H2)-LEN(SUBSTITUTE(H2,"(","")),99) -> 3 | I22: =IFERROR(LEN(I2)-LEN(SUBSTITUTE(I2,"(","")),99) -> 3 | J22: =IFERROR(LEN(J2)-LEN(SUBSTITUTE(J2,"(","")),99) -> 4 | K22: =IFERROR(LEN(K2)-LEN(SUBSTITUTE(K2,"(","")),99) -> 6 | ... M22: =IFERROR(LEN(M2)-LEN(SUBSTITUTE(M2,"(","")),99) -> 3
D23: 5 | E23: 5 | F23: 3 | G23: 2 | H23: 4 | I23: 4 | J23: 5 | K23: 10 | L23: 10 | M23: 5
D25: =D22<=D23 -> TRUE | E25: =E22<=E23 -> TRUE | F25: =F22<=F23 -> TRUE | G25: =G22<=G23 -> TRUE | H25: =H22<=H23 -> TRUE | I25: =I22<=I23 -> TRUE | J25: =J22<=J23 -> TRUE | K25: =K22<=K23 -> TRUE | ... M25: =M22<=M23 -> TRUE
C27: ** | D27: =AND(D25,D20) -> TRUE | E27: =AND(E25,E20) -> TRUE | F27: =AND(F25,F20) -> TRUE | G27: =AND(G25,G20) -> TRUE | H27: =AND(H25,H20) -> TRUE | I27: =AND(I25,I20) -> TRUE | J27: =AND(J25,J20) -> TRUE | K27: =AND(K25,K20) -> TRUE | ... M27: =AND(M25,M20) -> TRUE
D29: =IF(D27,D10,D11)&"-"&D18&";" -> 51-AB7D5; | E29: =IF(E27,E10,E11)&"-"&E18&";" -> 3C-2ACA7; | F29: =IF(F27,F10,F11)&"-"&F18&";" -> 21-1E96; | G29: =IF(G27,G10,G11)&"-"&G18&";" -> 4A-15157; | H29: =IF(H27,H10,H11)&"-"&H18&";" -> 62-339D2; | I29: =IF(I27,I10,I11)&"-"&I18&";" -> 17-1685A; | J29: =IF(J27,J10,J11)&"-"&J18&";" -> 20-62D40; | K29: =IF(K27,K10,K11)&"-"&K18&";" -> 27-609; | L29: =IF(L27,L10,L11)&"-"&L18&";" -> 20-4B3; | M29: =IF(M27,M10,M11)&"-"&M18 -> 49-B1274 | O29: sa | P29: ya
D31: {=INDIRECT(O29&VLOOKUP(2,Q18:R19,2,0))} -> MJ2|51-AB7D5;3C-2ACA7;21-1E96;4A-15157;62-339D2;17-1685A;20-62D40;27-609;20-4B3;49-B1274
D35: =A2&"|"&D29&E29&F29&G29&H29&I29&J29&K29&L29&M29 -> MJ2|51-AB7D5;3C-2ACA7;21-1E96;4A-15157;62-339D2;17-1685A;20-62D40;27-609;20-4B3;49-B1274
