Workbook
Name Kode_jawaban: DF!$C$27

Sheet XL-Test
B1: Medium Level (⭐⭐)
B2: KODE SOAL | C2: SBEM004 | D2: KODE JAWABAN | E2: =Kode_jawaban -> MD2|4A1-2947DF01;8C1-9A8A81;971-29ABF81;6B1-16685401
B5: Barang | C5: Metode Pembayaran | D5: Jumlah Biaya
B6: Jaket Musim Dingin | C6: Kartu Kredit | D6: 430000 | F6: Soal | G6: Jawaban | I6: Makanan
B7: Sandwich | C7: Tunai | D7: 75000 | F7: 1. Hitung Jumlah Biaya diluar makanan | G7: {=SUMPRODUCT(D6:D46*ISNA(MATCH(B6:B46,I7:I14,0)))} -> 43286000 | I7: Sandwich
B8: Tiket Konser | C8: Cek | D8: 125000 | F8: 2. Hitung Jumlah Biaya Hanya Makanan | G8: {=SUMPRODUCT(D6:D46*ISNUMBER(MATCH(B6:B46,I7:I14,0)))} -> 633000 | I8: Air Soda
B9: Ongkos Ojek Online | C9: Tunai | D9: 98000 | F9: 3. Hitung Jumlah Biaya diluar makanan dengan pembayaran Tunai | G9: {=SUMPRODUCT(D6:D46*ISNA(MATCH(B6:B46,I7:I14,0))*((C6:C46="Tunai")))} -> 2731000 | I9: Cokelat
B10: Tiket Kereta | C10: Kartu Kredit | D10: 360000 | F10: 4. Hitung Jumlah Biaya diluar makanan dengan pembayaran Tunai dan Cek | G10: {=SUMPRODUCT(D6:D46*ISNA(MATCH(B6:B46,I7:I14,0))*((C6:C46="Tunai")+(C6:C46="Cek")))} -> 23496000 | I10: Teh Botol
B11: Air Soda | C11: Tunai | D11: 25000 | I11: Kopi
B12: Teh Botol | C12: Tunai | D12: 12000 | F12: Gunakan range/table yang sudah disediakan! | I12: Roti
B13: Cincin | C13: Kartu Kredit | D13: 1075000 | F13: Tanpa menggunakan range/kolom bantuan baru | I13: Nasi
B14: Charger HP | C14: Tunai | D14: 125000 | I14: Sosis
B15: Kamera Digital | C15: Cek | D15: 3500000 | F15: Sudah selesai mengerjakan?
B16: Cokelat | C16: Tunai | D16: 45000 | F16: kirim Kode Soal dan Kode Jawaban diatas ke alamat : https://belajarexcel.id/xl-test/jawaban untuk mengecek hasil benar/salah
B17: Sepatu Kantor | C17: Kartu Kredit | D17: 320000
B18: Buku Tulis | C18: Cek | D18: 60000
B19: Teh Botol | C19: Tunai | D19: 18000
B20: Smartwatch | C20: Tunai | D20: 580000
B21: Laptop | C21: Kartu Kredit | D21: 9500000
B22: Headset | C22: Tunai | D22: 220000 | F22: https://belajarexcel.id/xl-test/
B23: Kopi | C23: Tunai | D23: 30000
B24: Printer | C24: Cek | D24: 1750000
B25: Kemeja | C25: Tunai | D25: 145000
B26: Celana Jeans | C26: Kartu Kredit | D26: 280000
B27: Tas Ransel | C27: Cek | D27: 410000
B28: Mouse Wireless | C28: Tunai | D28: 85000
B29: Keyboard | C29: Tunai | D29: 150000
B30: Topi | C30: Tunai | D30: 65000
B31: Dompet | C31: Kartu Kredit | D31: 275000
B32: Buku Novel | C32: Tunai | D32: 78000
B33: Kamera Polaroid | C33: Cek | D33: 2100000
B34: Roti | C34: Tunai | D34: 48000
... B46: Nasi | C46: Tunai | D46: 55000

Sheet DF
A1: DEF | C1: 1 | O1: 1 | P1: 2 | Q1: 3 | R1: 4
A2: MD2 | C2: 1 | D2: ='XL-Test'!G7 -> 43286000 | E2: ='XL-Test'!G8 -> 633000 | F2: ='XL-Test'!G9 -> 2731000 | G2: ='XL-Test'!G10 -> 23496000 | N2: 1 | O2: =SUBSTITUTE(_xlfn.FORMULATEXT('XL-Test'!G7),"$","") -> =SUMPRODUCT(D6:D46*ISNA(MATCH(B6:B46;I7:I14;0))) | P2: =SUBSTITUTE(_xlfn.FORMULATEXT('XL-Test'!G8),"$","") -> =SUMPRODUCT(D6:D46*ISNUMBER(MATCH(B6:B46;I7:I14;0))) | Q2: =SUBSTITUTE(_xlfn.FORMULATEXT('XL-Test'!G9),"$","") -> =SUMPRODUCT(D6:D46*ISNA(MATCH(B6:B46;I7:I14;0))*((C6:C46="Tunai"))) | R2: =SUBSTITUTE(_xlfn.FORMULATEXT('XL-Test'!G10),"$","") -> =SUMPRODUCT(D6:D46*ISNA(MATCH(B6:B46;I7:I14;0))*((C6:C46="Tunai")+(C6:C46="Cek")))
C3: 2 | N3: 2 | O3: =SUBSTITUTE(_xlfn.FORMULATEXT('XL-Test'!G8),"$","") -> =SUMPRODUCT(D6:D46*ISNUMBER(MATCH(B6:B46;I7:I14;0)))
C4: 3 | N4: 3 | O4: =SUBSTITUTE(_xlfn.FORMULATEXT('XL-Test'!G9),"$","") -> =SUMPRODUCT(D6:D46*ISNA(MATCH(B6:B46;I7:I14;0))*((C6:C46="Tunai")))
C5: 4 | N5: 4 | O5: =SUBSTITUTE(_xlfn.FORMULATEXT('XL-Test'!G10),"$","") -> =SUMPRODUCT(D6:D46*ISNA(MATCH(B6:B46;I7:I14;0))*((C6:C46="Tunai")+(C6:C46="Cek")))
C6: V | D6: =IFERROR(DEC2HEX(IF(OR(D2=0,D2=""),D8,D2)),"EEEE")&D22 -> 2947DF01 | E6: =IFERROR(DEC2HEX(IF(OR(E2=0,E2=""),E8,E2)),"EEEE")&E22 -> 9A8A81 | F6: =IFERROR(DEC2HEX(IF(OR(F2=0,F2=""),F8,F2)),"EEEE")&F22 -> 29ABF81 | G6: =IFERROR(DEC2HEX(IF(OR(G2=0,G2=""),G8,G2)),"EEEE")&G22 -> 16685401
C8: Rand | D8: 18987 | E8: 35850 | F8: 38748 | G8: 27480
C10: TRUE | D10: =LEFT(DEC2HEX(D8),2) -> 4A | E10: =LEFT(DEC2HEX(E8),2) -> 8C | F10: =LEFT(DEC2HEX(F8),2) -> 97 | G10: =LEFT(DEC2HEX(G8),2) -> 6B
C11: FALSE | D11: =RIGHT(DEC2HEX(D8),2) -> 2B | E11: =RIGHT(DEC2HEX(E8),2) -> 0A | F11: =RIGHT(DEC2HEX(F8),2) -> 5C | G11: =RIGHT(DEC2HEX(G8),2) -> 58
C13: Kurung | D13: =IFERROR(LEN(O2)-LEN(SUBSTITUTE(O2,"(","")),99) -> 3 | E13: =IFERROR(LEN(P2)-LEN(SUBSTITUTE(P2,"(","")),99) -> 3 | F13: =IFERROR(LEN(Q2)-LEN(SUBSTITUTE(Q2,"(","")),99) -> 5 | G13: =IFERROR(LEN(R2)-LEN(SUBSTITUTE(R2,"(","")),99) -> 6
C14: Nilai | D14: 4 | E14: 4 | F14: 5 | G14: 7
B15: * | C15: Boolean | D15: =(D13<=D14)+0 -> 1 | E15: =(E13<=E14)+0 -> 1 | F15: =(F13<=F14)+0 -> 1 | G15: =(G13<=G14)+0 -> 1
C17: Cek Manual | D17: =AND(ISNUMBER(FIND("=",O2)),ISNUMBER(FIND("(",O2)))+0 -> 1 | E17: =AND(ISNUMBER(FIND("=",P2)),ISNUMBER(FIND("(",P2)))+0 -> 1 | F17: =AND(ISNUMBER(FIND("=",Q2)),ISNUMBER(FIND("(",Q2)))+0 -> 1 | G17: =AND(ISNUMBER(FIND("=",R2)),ISNUMBER(FIND("(",R2)))+0 -> 1
C19: Formula | D19: =AND(ISNUMBER(FIND("SUM",O2)),ISNUMBER(FIND("MATC",O2))) -> TRUE | E19: =AND(ISNUMBER(FIND("SUM",P2)),ISNUMBER(FIND("MATC",P2))) -> TRUE | F19: =AND(ISNUMBER(FIND("SUM",Q2)),ISNUMBER(FIND("MATC",Q2))) -> TRUE | G19: =AND(ISNUMBER(FIND("SUM",R2)),ISNUMBER(FIND("MATC",R2))) -> TRUE
C21: Cek Wajib | D21: =NOT(OR(ISNUMBER(FIND(":A",O2)),ISNUMBER(FIND(":E",O2)),ISNUMBER(FIND(":F",O2)),ISNUMBER(FIND(":G",O2)),ISNUMBER(FIND(":H",O2)),ISNUMBER(FIND(":J",O2)),ISNUMBER(FIND(":K",O2)),ISNUMBER(FIND(":L",O2)),ISNUMBER(FIND(":M",O2)),ISNUMBER(FIND(":N",O2)),ISNUMBER(FIND("!",O2))))+0 -> 1 | E21: =NOT(OR(ISNUMBER(FIND(":A",P2)),ISNUMBER(FIND(":E",P2)),ISNUMBER(FIND(":F",P2)),ISNUMBER(FIND(":G",P2)),ISNUMBER(FIND(":H",P2)),ISNUMBER(FIND(":J",P2)),ISNUMBER(FIND(":K",P2)),ISNUMBER(FIND(":L",P2)),ISNUMBER(FIND(":M",P2)),ISNUMBER(FIND(":N",P2)),ISNUMBER(FIND("!",P2))))+0 -> 1 | F21: =NOT(OR(ISNUMBER(FIND(":A",Q2)),ISNUMBER(FIND(":E",Q2)),ISNUMBER(FIND(":F",Q2)),ISNUMBER(FIND(":G",Q2)),ISNUMBER(FIND(":H",Q2)),ISNUMBER(FIND(":J",Q2)),ISNUMBER(FIND(":K",Q2)),ISNUMBER(FIND(":L",Q2)),ISNUMBER(FIND(":M",Q2)),ISNUMBER(FIND(":N",Q2)),ISNUMBER(FIND("!",Q2))))+0 -> 1 | G21: =NOT(OR(ISNUMBER(FIND(":A",R2)),ISNUMBER(FIND(":E",R2)),ISNUMBER(FIND(":F",R2)),ISNUMBER(FIND(":G",R2)),ISNUMBER(FIND(":H",R2)),ISNUMBER(FIND(":J",R2)),ISNUMBER(FIND(":K",R2)),ISNUMBER(FIND(":L",R2)),ISNUMBER(FIND(":M",R2)),ISNUMBER(FIND(":N",R2)),ISNUMBER(FIND("!",R2))))+0 -> 1
B22: * | C22: BV | D22: =AND(D21,D17)+0 -> 1 | E22: =AND(E21,E17)+0 -> 1 | F22: =AND(F21,F17)+0 -> 1 | G22: =AND(G21,G17)+0 -> 1
C24: FH | D24: =IF(D19,D10,D11)&D15 -> 4A1 | E24: =IF(E19,E10,E11)&E15 -> 8C1 | F24: =IF(F19,F10,F11)&F15 -> 971 | G24: =IF(G19,G10,G11)&G15 -> 6B1
D25: =D24&"-"&D6&";" -> 4A1-2947DF01; | E25: =E24&"-"&E6&";" -> 8C1-9A8A81; | F25: =F24&"-"&F6&";" -> 971-29ABF81; | G25: =G24&"-"&G6 -> 6B1-16685401
C27: =A2&"|"&D25&E25&F25&G25 -> MD2|4A1-2947DF01;8C1-9A8A81;971-29ABF81;6B1-16685401
