Workbook
Name kode_jawaban: DF!$E$28

Sheet XL-Test
B1: Medium Level (⭐⭐)
B2: KODE SOAL | D2: SBEM003 | F2: KODE JAWABAN | G2: =kode_jawaban -> MC1|F51-3931;941-A789B1;FE1-2FA1;E31-B5E1;E01-E1F1;9F1-42681;D41-18D31
C5: Hari Ini | D5: 45766 | E5: 1 | H5: 2 | I5: 3 | J5: 4 | K5: 5 | L5: 6 | M5: 7
B6: No Urut | C6: Nama | D6: Kode Buku | E6: Jenis Buku | F6: Banyak Pinjaman | G6: Tanggal Harus Kembali | H6: Tanggal Pinjam | I6: Lama Pinjam | J6: Bayar Sewa | K6: Denda | L6: Discount | M6: Biaya Total
B7: 1 | C7: RIKA PUJIASTUTI P | D7: 103 | E7: =VLOOKUP(D7,$I$21:$M$25,2,0) -> Ekonomi | F7: 11 | G7: 45757 | H7: =G7-14 -> 45743 | I7: =$D$5-H7 -> 23 | J7: =VLOOKUP(D7,$I$20:$M$25,3,FALSE)*F7 -> 44000 | K7: =MAX(0,$D$5-G7)*VLOOKUP(D7,$I$20:$M$25,4,FALSE)*F7 -> 99000 | L7: =MAX(0,F7-5)*VLOOKUP(D7,$I$21:$M$25,5,FALSE) -> 4500 | M7: =SUM(J7:K7)-L7 -> 138500
B8: 2 | C8: IIN DUWI | D8: 102 | E8: =VLOOKUP(D8,$I$21:$M$25,2,0) -> Filsafat | F8: 5 | G8: 45748 | H8: =G8-14 -> 45734 | I8: =$D$5-H8 -> 32 | J8: =VLOOKUP(D8,$I$20:$M$25,3,FALSE)*F8 -> 5000 | K8: =MAX(0,$D$5-G8)*VLOOKUP(D8,$I$20:$M$25,4,FALSE)*F8 -> 22500 | L8: =MAX(0,F8-5)*VLOOKUP(D8,$I$21:$M$25,5,FALSE) -> 0 | M8: =SUM(J8:K8)-L8 -> 27500
B9: 3 | C9: ADE KUSUMA | D9: 105 | E9: =VLOOKUP(D9,$I$21:$M$25,2,0) -> Teknik | F9: 3 | G9: 45758 | H9: =G9-14 -> 45744 | I9: =$D$5-H9 -> 22 | J9: =VLOOKUP(D9,$I$20:$M$25,3,FALSE)*F9 -> 9000 | K9: =MAX(0,$D$5-G9)*VLOOKUP(D9,$I$20:$M$25,4,FALSE)*F9 -> 18000 | L9: =MAX(0,F9-5)*VLOOKUP(D9,$I$21:$M$25,5,FALSE) -> 0 | M9: =SUM(J9:K9)-L9 -> 27000
B10: 4 | C10: JONI IRAWAN | D10: 104 | E10: =VLOOKUP(D10,$I$21:$M$25,2,0) -> Agama | F10: 7 | G10: 45764 | H10: =G10-14 -> 45750 | I10: =$D$5-H10 -> 16 | J10: =VLOOKUP(D10,$I$20:$M$25,3,FALSE)*F10 -> 14000 | K10: =MAX(0,$D$5-G10)*VLOOKUP(D10,$I$20:$M$25,4,FALSE)*F10 -> 7000 | L10: =MAX(0,F10-5)*VLOOKUP(D10,$I$21:$M$25,5,FALSE) -> 2500 | M10: =SUM(J10:K10)-L10 -> 18500
B11: 5 | C11: YOSEPH ROBERTO | D11: 101 | E11: =VLOOKUP(D11,$I$21:$M$25,2,0) -> Komputer | F11: 8 | G11: 45757 | H11: =G11-14 -> 45743 | I11: =$D$5-H11 -> 23 | J11: =VLOOKUP(D11,$I$20:$M$25,3,FALSE)*F11 -> 40000 | K11: =MAX(0,$D$5-G11)*VLOOKUP(D11,$I$20:$M$25,4,FALSE)*F11 -> 90000 | L11: =MAX(0,F11-5)*VLOOKUP(D11,$I$21:$M$25,5,FALSE) -> 1500 | M11: =SUM(J11:K11)-L11 -> 128500
B12: 6 | C12: YULI RISTIANTI | D12: 103 | E12: =VLOOKUP(D12,$I$21:$M$25,2,0) -> Ekonomi | F12: 4 | G12: 45776 | H12: =G12-14 -> 45762 | I12: =$D$5-H12 -> 4 | J12: =VLOOKUP(D12,$I$20:$M$25,3,FALSE)*F12 -> 16000 | K12: =MAX(0,$D$5-G12)*VLOOKUP(D12,$I$20:$M$25,4,FALSE)*F12 -> 0 | L12: =MAX(0,F12-5)*VLOOKUP(D12,$I$21:$M$25,5,FALSE) -> 0 | M12: =SUM(J12:K12)-L12 -> 16000
B13: 7 | C13: ISMANTI MULYANDARI | D13: 102 | E13: =VLOOKUP(D13,$I$21:$M$25,2,0) -> Filsafat | F13: 6 | G13: 45771 | H13: =G13-14 -> 45757 | I13: =$D$5-H13 -> 9 | J13: =VLOOKUP(D13,$I$20:$M$25,3,FALSE)*F13 -> 6000 | K13: =MAX(0,$D$5-G13)*VLOOKUP(D13,$I$20:$M$25,4,FALSE)*F13 -> 0 | L13: =MAX(0,F13-5)*VLOOKUP(D13,$I$21:$M$25,5,FALSE) -> 1500 | M13: =SUM(J13:K13)-L13 -> 4500
B14: 8 | C14: YOGA ADHITYA N | D14: 105 | E14: =VLOOKUP(D14,$I$21:$M$25,2,0) -> Teknik | F14: 5 | G14: 45767 | H14: =G14-14 -> 45753 | I14: =$D$5-H14 -> 13 | J14: =VLOOKUP(D14,$I$20:$M$25,3,FALSE)*F14 -> 15000 | K14: =MAX(0,$D$5-G14)*VLOOKUP(D14,$I$20:$M$25,4,FALSE)*F14 -> 0 | L14: =MAX(0,F14-5)*VLOOKUP(D14,$I$21:$M$25,5,FALSE) -> 0 | M14: =SUM(J14:K14)-L14 -> 15000
B15: 9 | C15: WISNU FADILA | D15: 101 | E15: =VLOOKUP(D15,$I$21:$M$25,2,0) -> Komputer | F15: 10 | G15: 45766 | H15: =G15-14 -> 45752 | I15: =$D$5-H15 -> 14 | J15: =VLOOKUP(D15,$I$20:$M$25,3,FALSE)*F15 -> 50000 | K15: =MAX(0,$D$5-G15)*VLOOKUP(D15,$I$20:$M$25,4,FALSE)*F15 -> 0 | L15: =MAX(0,F15-5)*VLOOKUP(D15,$I$21:$M$25,5,FALSE) -> 2500 | M15: =SUM(J15:K15)-L15 -> 47500
B16: 10 | C16: HENY NURHAENI | D16: 104 | E16: =VLOOKUP(D16,$I$21:$M$25,2,0) -> Agama | F16: 2 | G16: 45762 | H16: =G16-14 -> 45748 | I16: =$D$5-H16 -> 18 | J16: =VLOOKUP(D16,$I$20:$M$25,3,FALSE)*F16 -> 4000 | K16: =MAX(0,$D$5-G16)*VLOOKUP(D16,$I$20:$M$25,4,FALSE)*F16 -> 4000 | L16: =MAX(0,F16-5)*VLOOKUP(D16,$I$21:$M$25,5,FALSE) -> 0 | M16: =SUM(J16:K16)-L16 -> 8000
I19: TABEL BUKU
I20: Kode Buku | J20: Jenis Buku | K20: Sewa Per buku | L20: Denda Per Hari | M20: Discount
I21: 101 | J21: Komputer | K21: 5000 | L21: 1250 | M21: 500
D22: KETENTUAN SOAL | I22: 102 | J22: Filsafat | K22: 1000 | L22: 250 | M22: 1500
I23: 103 | J23: Ekonomi | K23: 4000 | L23: 1000 | M23: 750
D24: 1. Kolom Jenis Buku didapat dari Tabel Buku dengan kunci Kode Buku | I24: 104 | J24: Agama | K24: 2000 | L24: 500 | M24: 1250
D25: 2. Tanggal Pinjam ditentukan 14 hari sebelum Tanggal Harus Kembali | I25: 105 | J25: Teknik | K25: 3000 | L25: 750 | M25: 1000
D26: 3. Lama Pinjam didapat dari selisih Tanggal hari ini (D5) dengan Tanggal Pinjam
D27: 4. Bayar Sewa didapat dari Tabel Buku yaitu uang sewa per buku dengan kunci Kode Buku dengan Banyak Pinjaman
D28: 5. Denda diperoleh bila Tanggal Harus Kembali sudah melewati Tanggal Hari ini dengan ketentuan keterlambatan hari dikalikan dengan
D29: Denda Per Hari pada Tabel Buku sesuai kunci Kode buku dikalikan banyaknya pinjaman.
E30: Misal. Buku yang dipinjam dengan kode buku 103 (denda per hari Rp. 1000) dan banyaknya pinjaman buku 11
E31: Tanggal harus kembali 10 April 2025, sedangkan hari ini tanggal 19 April 2005
E32: Berarti keterlamabatan 9 hari dikalikan dengan banyaknya buku yang dipinjam 5 buah
E33: Jadi Denda yaitu 9 x 1000 x 11 = 99,000. Bila Tanggal harus kembali tidak melebihi hari ini berarti tidak didenda (nilai 0)
D34: 6. Discount didapat dari kelebihan buku pinjaman yang meminjam sama atau lebih dari 5 buku. Kelebihan pinjaman buku disesuaikan
D35: dengan kode buku yang dipinjam dengan ketentuan Discount pada Tabel Buku
E36: Misal. Buku yang dipinjam dengan kode buku 103 (Potongan Rp. 750) dan banyaknya pinjaman buku 11
E37: Berarti buku yang mendapatkan diskon adalah 6 buku
E38: Jadi Potongan 6 x 750 = 4,500
D39: 7. Biaya Total didapat dari jumlah Bayar sewa dan Denda dikurangi Discount
D41: Selesai mengerjakan?
D42: Kirimkan Kode Soal dan Kode Jawaban ke alamat : https://belajarexcel.id/xl-test/jawaban untuk mengecek hasil benar/salah

Sheet About
C6: XL-TEST adalah platform inovatif yang menyediakan latihan Excel interaktif dengan pemeriksaan otomatis,
C7: sehingga pengguna dapat langsung mengetahui jawaban yang benar maupun salah.
C10: Terdapat 5 Level soal :
D12: Easy Level (⭐)
D13: Medium Level (⭐⭐)
D14: Hard Level (⭐⭐⭐)
D15: Extreme Level (⭐⭐⭐⭐)
D16: Championship Level (⭐⭐⭐⭐⭐)
C19: Free Access
C20: https://belajarexcel.id/xl-test/

Sheet DF
A1: DEF | E1: 1 | F1: 2 | G1: 3 | H1: 4 | I1: 5 | J1: 6 | K1: 7 | U1: F
A2: MC1 | D2: 1 | E2: ='XL-Test'!E7 -> Ekonomi | F2: ='XL-Test'!H7 -> 45743 | G2: ='XL-Test'!I7 -> 23 | H2: ='XL-Test'!J7 -> 44000 | I2: ='XL-Test'!K7 -> 99000 | J2: ='XL-Test'!L7 -> 4500 | K2: ='XL-Test'!M7 -> 138500 | T2: 1 | U2: =_xlfn.FORMULATEXT('XL-Test'!E7) -> =VLOOKUP(D7;$I$21:$M$25;2;0) | V2: =_xlfn.FORMULATEXT('XL-Test'!H7) -> =G7-14 | W2: =_xlfn.FORMULATEXT('XL-Test'!I7) -> =$D$5-H7 | X2: =_xlfn.FORMULATEXT('XL-Test'!J7) -> =VLOOKUP(D7;$I$20:$M$25;3;FALSE)*F7 | Y2: =_xlfn.FORMULATEXT('XL-Test'!K7) -> =MAX(0;$D$5-G7)*VLOOKUP(D7;$I$20:$M$25;4;FALSE)*F7 | Z2: =_xlfn.FORMULATEXT('XL-Test'!L7) -> =MAX(0;F7-5)*VLOOKUP(D7;$I$21:$M$25;5;FALSE) | AA2: =_xlfn.FORMULATEXT('XL-Test'!M7) -> =SUM(J7:K7)-L7
D3: 2 | E3: ='XL-Test'!E9 -> Teknik | F3: ='XL-Test'!H9 -> 45744 | G3: ='XL-Test'!I9 -> 22 | H3: ='XL-Test'!J9 -> 9000 | I3: ='XL-Test'!K9 -> 18000 | J3: ='XL-Test'!L9 -> 0 | K3: ='XL-Test'!M9 -> 27000 | T3: 2 | U3: =_xlfn.FORMULATEXT('XL-Test'!H7) -> =G7-14
D4: 3 | E4: ='XL-Test'!E10 -> Agama | F4: ='XL-Test'!H11 -> 45743 | G4: ='XL-Test'!I12 -> 4 | H4: ='XL-Test'!J12 -> 16000 | I4: ='XL-Test'!K12 -> 0 | J4: ='XL-Test'!L12 -> 0 | K4: ='XL-Test'!M12 -> 16000 | T4: 3 | U4: =_xlfn.FORMULATEXT('XL-Test'!I7) -> =$D$5-H7
D5: 4 | E5: ='XL-Test'!E11 -> Komputer | F5: ='XL-Test'!H12 -> 45762 | G5: ='XL-Test'!I14 -> 13 | H5: ='XL-Test'!J14 -> 15000 | I5: ='XL-Test'!K14 -> 0 | J5: ='XL-Test'!L14 -> 0 | K5: ='XL-Test'!M14 -> 15000 | T5: 4 | U5: =_xlfn.FORMULATEXT('XL-Test'!J7) -> =VLOOKUP(D7;$I$20:$M$25;3;FALSE)*F7
D6: 5 | E6: ='XL-Test'!E14 -> Teknik | F6: ='XL-Test'!H13 -> 45757 | G6: ='XL-Test'!I16 -> 18 | H6: ='XL-Test'!J16 -> 4000 | I6: ='XL-Test'!K16 -> 4000 | J6: ='XL-Test'!L16 -> 0 | K6: ='XL-Test'!M16 -> 8000 | T6: 5 | U6: =_xlfn.FORMULATEXT('XL-Test'!K7) -> =MAX(0;$D$5-G7)*VLOOKUP(D7;$I$20:$M$25;4;FALSE)*F7
D7: 6 | E7: ='XL-Test'!E12 -> Ekonomi | F7: =SUM('XL-Test'!H7:H16) -> 457486 | G7: =SUM('XL-Test'!I7:I16) -> 174 | H7: =SUM('XL-Test'!J7:J16) -> 203000 | I7: =SUM('XL-Test'!K7:K16) -> 240500 | J7: =SUM('XL-Test'!L7:L16) -> 12500 | K7: =SUM('XL-Test'!M7:M16) -> 431000 | T7: 6 | U7: =_xlfn.FORMULATEXT('XL-Test'!L7) -> =MAX(0;F7-5)*VLOOKUP(D7;$I$21:$M$25;5;FALSE)
D8: 7 | E8: ='XL-Test'!E16 -> Agama | F8: =SUM(F2:F7) -> 686235 | G8: =SUM(G2:G7) -> 254 | H8: =SUM(H2:H7) -> 291000 | I8: =SUM(I2:I7) -> 361500 | J8: =SUM(J2:J7) -> 17000 | K8: =SUM(K2:K7) -> 635500 | T8: 7 | U8: =_xlfn.FORMULATEXT('XL-Test'!M7) -> =SUM(J7:K7)-L7
E9: =CODE(LEFT(E2))+CODE(LEFT(E3))+CODE(LEFT(E4))+CODE(LEFT(E5))+CODE(LEFT(E6))+CODE(LEFT(E7))+CODE(LEFT(E8))+CODE(RIGHT(E2))+CODE(RIGHT(E4))+CODE(RIGHT(E7))+CODE(RIGHT(E8)) -> 915 | F9: =F8 -> 686235 | G9: =G8*3 -> 762 | H9: =H8/100 -> 2910 | I9: =I8/100 -> 3615 | J9: =J8 -> 17000 | K9: =K8/100 -> 6355
U10: 1 | V10: 2 | W10: 3 | X10: 4 | Y10: 5 | Z10: 6 | AA10: 7
D11: Random | E11: 1781 | F11: 8340 | G11: 7166 | H11: 1507 | I11: 6112 | J11: 4255 | K11: 6868
D12: Value | E12: =IFERROR(DEC2HEX(IF(OR(E2="",E2=0),E11,E9)),"EEEE")&(E18+0) -> 3931 | F12: =IFERROR(DEC2HEX(IF(OR(F2="",F2=0),F11,F9)),"EEEE")&(F18+0) -> A789B1 | G12: =IFERROR(DEC2HEX(IF(OR(G2="",G2=0),G11,G9)),"EEEE")&(G18+0) -> 2FA1 | H12: =IFERROR(DEC2HEX(IF(OR(H2="",H2=0),H11,H9)),"EEEE")&(H18+0) -> B5E1 | I12: =IFERROR(DEC2HEX(IF(OR(I2="",I2=0),I11,I9)),"EEEE")&(I18+0) -> E1F1 | J12: =IFERROR(DEC2HEX(IF(OR(J2="",J2=0),J11,J9)),"EEEE")&(J18+0) -> 42681 | K12: =IFERROR(DEC2HEX(IF(OR(K2="",K2=0),K11,K9)),"EEEE")&(K18+0) -> 18D31
D14: TRUE | E14: =RIGHT(DEC2HEX(E11),2) -> F5 | F14: =RIGHT(DEC2HEX(F11),2) -> 94 | G14: =RIGHT(DEC2HEX(G11),2) -> FE | H14: =RIGHT(DEC2HEX(H11),2) -> E3 | I14: =RIGHT(DEC2HEX(I11),2) -> E0 | J14: =RIGHT(DEC2HEX(J11),2) -> 9F | K14: =RIGHT(DEC2HEX(K11),2) -> D4
D15: FALSE | E15: =LEFT(DEC2HEX(E11),2) -> 6F | F15: =LEFT(DEC2HEX(F11),2) -> 20 | G15: =LEFT(DEC2HEX(G11),2) -> 1B | H15: =LEFT(DEC2HEX(H11),2) -> 5E | I15: =LEFT(DEC2HEX(I11),2) -> 17 | J15: =LEFT(DEC2HEX(J11),2) -> 10 | K15: =LEFT(DEC2HEX(K11),2) -> 1A
D17: Cek Formula | E17: =ISNUMBER(FIND("LOOK",U2)) -> TRUE | F17: =ISNUMBER(FIND("-",V2)) -> TRUE | G17: =ISNUMBER(FIND("-",W2)) -> TRUE | H17: =ISNUMBER(FIND("LOOK",X2)) -> TRUE | I17: =AND(ISNUMBER(FIND("LOOK",Y2)),ISNUMBER(FIND("MAX",Y2))) -> TRUE | J17: =AND(ISNUMBER(FIND("LOOK",Z2)),ISNUMBER(FIND("MAX",Z2))) -> TRUE | K17: =ISNUMBER(FIND("-",AA2)) -> TRUE
D18: Cek Manual | E18: =AND(ISNUMBER(FIND("=",U2)),ISNUMBER(FIND("7",U2))) -> TRUE | F18: =AND(ISNUMBER(FIND("=",V2)),ISNUMBER(FIND("7",V2))) -> TRUE | G18: =AND(ISNUMBER(FIND("=",W2)),ISNUMBER(FIND("7",W2))) -> TRUE | H18: =AND(ISNUMBER(FIND("=",X2)),ISNUMBER(FIND("7",X2))) -> TRUE | I18: =AND(ISNUMBER(FIND("=",Y2)),ISNUMBER(FIND("7",Y2))) -> TRUE | J18: =AND(ISNUMBER(FIND("=",Z2)),ISNUMBER(FIND("7",Z2))) -> TRUE | K18: =AND(ISNUMBER(FIND("=",AA2)),ISNUMBER(FIND("7",AA2))) -> TRUE
D20: Cek kurung | E20: =IFERROR(LEN(U2)-LEN(SUBSTITUTE(U2,"(","")),99) -> 1 | F20: =IFERROR(LEN(V2)-LEN(SUBSTITUTE(V2,"(","")),99) -> 0 | G20: =IFERROR(LEN(W2)-LEN(SUBSTITUTE(W2,"(","")),99) -> 0 | H20: =IFERROR(LEN(X2)-LEN(SUBSTITUTE(X2,"(","")),99) -> 1 | I20: =IFERROR(LEN(Y2)-LEN(SUBSTITUTE(Y2,"(","")),99) -> 2 | J20: =IFERROR(LEN(Z2)-LEN(SUBSTITUTE(Z2,"(","")),99) -> 2 | K20: =IFERROR(LEN(AA2)-LEN(SUBSTITUTE(AA2,"(","")),99) -> 1
E21: 1 | F21: 0 | G21: 0 | H21: 1 | I21: 3 | J21: 2 | K21: 0
D22: Value | E22: =(E20<=E21)+0 -> 1 | F22: 1 | G22: 1 | H22: =(H20<=H21)+0 -> 1 | I22: =(I20<=I21)+0 -> 1 | J22: =(J20<=J21)+0 -> 1 | K22: 1
D24: Formula | E24: =IF(E17,E14,E15)&E22 -> F51 | F24: =IF(F17,F14,F15)&F22 -> 941 | G24: =IF(G17,G14,G15)&G22 -> FE1 | H24: =IF(H17,H14,H15)&H22 -> E31 | I24: =IF(I17,I14,I15)&I22 -> E01 | J24: =IF(J17,J14,J15)&J22 -> 9F1 | K24: =IF(K17,K14,K15)&K22 -> D41
D26: Gabung | E26: =E24&"-"&E12&";" -> F51-3931; | F26: =F24&"-"&F12&";" -> 941-A789B1; | G26: =G24&"-"&G12&";" -> FE1-2FA1; | H26: =H24&"-"&H12&";" -> E31-B5E1; | I26: =I24&"-"&I12&";" -> E01-E1F1; | J26: =J24&"-"&J12&";" -> 9F1-42681; | K26: =K24&"-"&K12 -> D41-18D31
E28: =A2&"|"&E26&F26&G26&H26&I26&J26&K26 -> MC1|F51-3931;941-A789B1;FE1-2FA1;E31-B5E1;E01-E1F1;9F1-42681;D41-18D31
