Workbook
Name kode_jawaban: DF!$D$30

Sheet XL-Test
B1: Medium Level (⭐⭐)
B2: KODE SOAL | C2: SBEM006 | D2: KODE JAWABAN | F2: =kode_jawaban -> MF1|231-39B1;E11-3731;1C1-1E01;231-37E1;9E1-37B1;931-B3A551;161-A151
B4: Hari ini | C4: 45828
D5: 1 | E5: 2 | F5: 3 | G5: 4 | H5: 5 | I5: 6 | J5: 7
B6: Tanggal Lahir | C6: Tempat Lahir | D6: HARI LAHIR (ID) | E6: Zodiak | F6: Umur (Tahun) | G6: Tempat dan Tanggal Lahir | H6: Generasi | I6: Next Ultah | J6: Hari Menuju Ultah
B7: 32885 | C7: Jakarta | D7: =TEXT(B7,"dddd") -> Jumat | E7: =LOOKUP(DATE(1900,MONTH(B7),DAY(B7)),$H$21:$H$33,$I$21:$I$33) -> Capricorn | F7: =DATEDIF(B7,$C$4,"Y") -> 35 | G7: =C7&", "&TEXT(B7,"dd mmm yyyy") -> Jakarta, 12 Jan 1990 | H7: =IF(YEAR(B7)>2013,"Alpha",IF(YEAR(B7)>1997,"Gen Z",IF(YEAR(B7)>1981,"Millenials",IF(YEAR(B7)>1965,"Gen X","Baby Boomer")))) -> Millenials | I7: =EDATE(B7,DATEDIF(B7,$C$4,"Y")*12+12) -> 46034 | J7: =DATEDIF($C$4,I7,"D") -> 206
B8: 41695 | C8: Surabaya | D8: =TEXT(B8,"dddd") -> Selasa | E8: =LOOKUP(DATE(1900,MONTH(B8),DAY(B8)),$H$21:$H$33,$I$21:$I$33) -> Pisces | F8: =DATEDIF(B8,$C$4,"Y") -> 11 | G8: =C8&", "&TEXT(B8,"dd mmm yyyy") -> Surabaya, 25 Feb 2014 | H8: =IF(YEAR(B8)>2013,"Alpha",IF(YEAR(B8)>1997,"Gen Z",IF(YEAR(B8)>1981,"Millenials",IF(YEAR(B8)>1965,"Gen X","Baby Boomer")))) -> Alpha | I8: =EDATE(B8,DATEDIF(B8,$C$4,"Y")*12+12) -> 46078 | J8: =DATEDIF($C$4,I8,"D") -> 250
B9: 33678 | C9: Bandung | D9: =TEXT(B9,"dddd") -> Minggu | E9: =LOOKUP(DATE(1900,MONTH(B9),DAY(B9)),$H$21:$H$33,$I$21:$I$33) -> Pisces | F9: =DATEDIF(B9,$C$4,"Y") -> 33 | G9: =C9&", "&TEXT(B9,"dd mmm yyyy") -> Bandung, 15 Mar 1992 | H9: =IF(YEAR(B9)>2013,"Alpha",IF(YEAR(B9)>1997,"Gen Z",IF(YEAR(B9)>1981,"Millenials",IF(YEAR(B9)>1965,"Gen X","Baby Boomer")))) -> Millenials | I9: =EDATE(B9,DATEDIF(B9,$C$4,"Y")*12+12) -> 46096 | J9: =DATEDIF($C$4,I9,"D") -> 268
B10: 36251 | C10: Yogyakarta | D10: =TEXT(B10,"dddd") -> Kamis | E10: =LOOKUP(DATE(1900,MONTH(B10),DAY(B10)),$H$21:$H$33,$I$21:$I$33) -> Aries | F10: =DATEDIF(B10,$C$4,"Y") -> 26 | G10: =C10&", "&TEXT(B10,"dd mmm yyyy") -> Yogyakarta, 01 Apr 1999 | H10: =IF(YEAR(B10)>2013,"Alpha",IF(YEAR(B10)>1997,"Gen Z",IF(YEAR(B10)>1981,"Millenials",IF(YEAR(B10)>1965,"Gen X","Baby Boomer")))) -> Gen Z | I10: =EDATE(B10,DATEDIF(B10,$C$4,"Y")*12+12) -> 46113 | J10: =DATEDIF($C$4,I10,"D") -> 285
B11: 36655 | C11: Semarang | D11: =TEXT(B11,"dddd") -> Selasa | E11: =LOOKUP(DATE(1900,MONTH(B11),DAY(B11)),$H$21:$H$33,$I$21:$I$33) -> Taurus | F11: =DATEDIF(B11,$C$4,"Y") -> 25 | G11: =C11&", "&TEXT(B11,"dd mmm yyyy") -> Semarang, 09 Mei 2000 | H11: =IF(YEAR(B11)>2013,"Alpha",IF(YEAR(B11)>1997,"Gen Z",IF(YEAR(B11)>1981,"Millenials",IF(YEAR(B11)>1965,"Gen X","Baby Boomer")))) -> Gen Z | I11: =EDATE(B11,DATEDIF(B11,$C$4,"Y")*12+12) -> 46151 | J11: =DATEDIF($C$4,I11,"D") -> 323
B12: 34873 | C12: Medan | D12: =TEXT(B12,"dddd") -> Jumat | E12: =LOOKUP(DATE(1900,MONTH(B12),DAY(B12)),$H$21:$H$33,$I$21:$I$33) -> Cancer | F12: =DATEDIF(B12,$C$4,"Y") -> 29 | G12: =C12&", "&TEXT(B12,"dd mmm yyyy") -> Medan, 23 Jun 1995 | H12: =IF(YEAR(B12)>2013,"Alpha",IF(YEAR(B12)>1997,"Gen Z",IF(YEAR(B12)>1981,"Millenials",IF(YEAR(B12)>1965,"Gen X","Baby Boomer")))) -> Millenials | I12: =EDATE(B12,DATEDIF(B12,$C$4,"Y")*12+12) -> 45831 | J12: =DATEDIF($C$4,I12,"D") -> 3
B13: 32354 | C13: Denpasar | D13: =TEXT(B13,"dddd") -> Sabtu | E13: =LOOKUP(DATE(1900,MONTH(B13),DAY(B13)),$H$21:$H$33,$I$21:$I$33) -> Leo | F13: =DATEDIF(B13,$C$4,"Y") -> 36 | G13: =C13&", "&TEXT(B13,"dd mmm yyyy") -> Denpasar, 30 Jul 1988 | H13: =IF(YEAR(B13)>2013,"Alpha",IF(YEAR(B13)>1997,"Gen Z",IF(YEAR(B13)>1981,"Millenials",IF(YEAR(B13)>1965,"Gen X","Baby Boomer")))) -> Millenials | I13: =EDATE(B13,DATEDIF(B13,$C$4,"Y")*12+12) -> 45868 | J13: =DATEDIF($C$4,I13,"D") -> 40
B14: 34195 | C14: Makassar | D14: =TEXT(B14,"dddd") -> Sabtu | E14: =LOOKUP(DATE(1900,MONTH(B14),DAY(B14)),$H$21:$H$33,$I$21:$I$33) -> Leo | F14: =DATEDIF(B14,$C$4,"Y") -> 31 | G14: =C14&", "&TEXT(B14,"dd mmm yyyy") -> Makassar, 14 Agu 1993 | H14: =IF(YEAR(B14)>2013,"Alpha",IF(YEAR(B14)>1997,"Gen Z",IF(YEAR(B14)>1981,"Millenials",IF(YEAR(B14)>1965,"Gen X","Baby Boomer")))) -> Millenials | I14: =EDATE(B14,DATEDIF(B14,$C$4,"Y")*12+12) -> 45883 | J14: =DATEDIF($C$4,I14,"D") -> 55
B15: 35674 | C15: Palembang | D15: =TEXT(B15,"dddd") -> Senin | E15: =LOOKUP(DATE(1900,MONTH(B15),DAY(B15)),$H$21:$H$33,$I$21:$I$33) -> Virgo | F15: =DATEDIF(B15,$C$4,"Y") -> 27 | G15: =C15&", "&TEXT(B15,"dd mmm yyyy") -> Palembang, 01 Sep 1997 | H15: =IF(YEAR(B15)>2013,"Alpha",IF(YEAR(B15)>1997,"Gen Z",IF(YEAR(B15)>1981,"Millenials",IF(YEAR(B15)>1965,"Gen X","Baby Boomer")))) -> Millenials | I15: =EDATE(B15,DATEDIF(B15,$C$4,"Y")*12+12) -> 45901 | J15: =DATEDIF($C$4,I15,"D") -> 73
B16: 29513 | C16: Balikpapan | D16: =TEXT(B16,"dddd") -> Minggu | E16: =LOOKUP(DATE(1900,MONTH(B16),DAY(B16)),$H$21:$H$33,$I$21:$I$33) -> Libra | F16: =DATEDIF(B16,$C$4,"Y") -> 44 | G16: =C16&", "&TEXT(B16,"dd mmm yyyy") -> Balikpapan, 19 Okt 1980 | H16: =IF(YEAR(B16)>2013,"Alpha",IF(YEAR(B16)>1997,"Gen Z",IF(YEAR(B16)>1981,"Millenials",IF(YEAR(B16)>1965,"Gen X","Baby Boomer")))) -> Gen X | I16: =EDATE(B16,DATEDIF(B16,$C$4,"Y")*12+12) -> 45949 | J16: =DATEDIF($C$4,I16,"D") -> 121
H19: Table Zodiak
C20: Soal | G20: =MID(B7,5,4) -> 5 | H20: Tanggal | I20: Zodiak
B21: 1 | C21: Isi hari lahir berdasarkan tanggal lahir. Hari lahir harus berbahasa indonesia | H21: 1 | I21: Capricorn
B22: 2 | C22: Isi Zodiak berdasarkan table zodiak dari tanggal lahir | H22: 20 | I22: Aquarius
B23: 3 | C23: isi umur dalam tahun berdasarkan tanggal lahir sampai hari ini (C4) | H23: 50 | I23: Pisces
B24: 4 | C24: Gabungkan Tempat dan tanggal lahir dengan format seperti berikut ini : | H24: 81 | I24: Aries
C25: contoh : Tasikmalaya, 31 Mar 1995 | H25: 111 | I25: Taurus
B26: 5 | C26: Isi Generasi, berdasarkan ketentuan berikut ini : | H26: 142 | I26: Gemini
H27: 173 | I27: Cancer
C28: Generasi | H28: 205 | I28: Leo
C29: isi Baby Boomer jika lahir diantara 1946 – 1964 | H29: 236 | I29: Virgo
C30: isi Gen X jika lahir diantara 1965 – 1980 | H30: 267 | I30: Libra
C31: isi Millennials jika lahir diantara 1981 – 1996 | H31: 297 | I31: Scorpio
C32: isi Gen Z jika lahir diantara 1997 – 2012 | H32: 327 | I32: Sagitarius
C33: Isi Alpha jika lahir diantara 2013 – sekarang | H33: 357 | I33: Capricorn
B35: 6 | C35: isi kapan Tanggal ulang tahun berikutnya jika hari ini adalah 20 Juni 2025
B36: 7 | C36: berapa hari lagi hingga menuju tanggal ulang tahun berikutnya dari hari ini (C4)
C38: Kirimkan Kode Soal dan Kode Jawaban ke alamat : https://belajarexcel.id/xl-test/jawaban untuk mengecek hasil benar/salah | I38: https://belajarexcel.id/xl-test/

Sheet DF
D1: 1 | E1: 2 | F1: 3 | G1: 4 | H1: 5 | I1: 6 | J1: 7
A2: DEF | B2: 1 | C2: 1 | D2: ='XL-Test'!D7 -> Jumat | E2: ='XL-Test'!E7 -> Capricorn | F2: ='XL-Test'!F7 -> 35 | G2: ='XL-Test'!G7 -> Jakarta, 12 Jan 1990 | H2: ='XL-Test'!H7 -> Millenials | I2: ='XL-Test'!I7 -> 46034 | J2: ='XL-Test'!J7 -> 206 | O2: 1 | Q2: =_xlfn.FORMULATEXT('XL-Test'!D7) -> =TEXT(B7;"dddd") | R2: =_xlfn.FORMULATEXT('XL-Test'!E7) -> =LOOKUP(DATE(1900;MONTH(B7);DAY(B7));$H$21:$H$33;$I$21:$I$33) | S2: =_xlfn.FORMULATEXT('XL-Test'!F7) -> =DATEDIF(B7;$C$4;"Y") | T2: =_xlfn.FORMULATEXT('XL-Test'!G7) -> =C7&", "&TEXT(B7;"dd mmm yyyy") | U2: =_xlfn.FORMULATEXT('XL-Test'!H7) -> =IF(YEAR(B7)>2013;"Alpha";IF(YEAR(B7)>1997;"Gen Z";IF(YEAR(B7)>1981;"Millenials";IF(YEAR(B7)>1965;"Gen X";"Baby Boomer")))) | V2: =_xlfn.FORMULATEXT('XL-Test'!I7) -> =EDATE(B7;DATEDIF(B7;$C$4;"Y")*12+12) | W2: =_xlfn.FORMULATEXT('XL-Test'!J7) -> =DATEDIF($C$4;I7;"D")
A3: MF1 | C3: 2 | D3: ='XL-Test'!D10 -> Kamis | E3: ='XL-Test'!E10 -> Aries | F3: ='XL-Test'!F10 -> 26 | G3: ='XL-Test'!G10 -> Yogyakarta, 01 Apr 1999 | H3: ='XL-Test'!H10 -> Gen Z | I3: ='XL-Test'!I10 -> 46113 | J3: ='XL-Test'!J10 -> 285 | O3: 2 | Q3: =_xlfn.FORMULATEXT('XL-Test'!E7) -> =LOOKUP(DATE(1900;MONTH(B7);DAY(B7));$H$21:$H$33;$I$21:$I$33)
C4: 3 | D4: ='XL-Test'!D13 -> Sabtu | E4: ='XL-Test'!E13 -> Leo | F4: ='XL-Test'!F13 -> 36 | G4: ='XL-Test'!G13 -> Denpasar, 30 Jul 1988 | H4: ='XL-Test'!H13 -> Millenials | I4: ='XL-Test'!I13 -> 45868 | J4: ='XL-Test'!J13 -> 40 | O4: 3 | Q4: =_xlfn.FORMULATEXT('XL-Test'!F7) -> =DATEDIF(B7;$C$4;"Y")
C5: 4 | D5: ='XL-Test'!D16 -> Minggu | E5: ='XL-Test'!E16 -> Libra | F5: ='XL-Test'!F16 -> 44 | G5: ='XL-Test'!G16 -> Balikpapan, 19 Okt 1980 | H5: ='XL-Test'!H16 -> Gen X | I5: ='XL-Test'!I16 -> 45949 | J5: ='XL-Test'!J16 -> 121 | O5: 4 | Q5: =_xlfn.FORMULATEXT('XL-Test'!G7) -> =C7&", "&TEXT(B7;"dd mmm yyyy")
C6: 5 | D6: ='XL-Test'!D14 -> Sabtu | E6: ='XL-Test'!E14 -> Leo | F6: ='XL-Test'!F14 -> 31 | G6: ='XL-Test'!G14 -> Makassar, 14 Agu 1993 | H6: ='XL-Test'!H14 -> Millenials | I6: ='XL-Test'!I14 -> 45883 | J6: ='XL-Test'!J14 -> 55 | O6: 5 | Q6: =_xlfn.FORMULATEXT('XL-Test'!H7) -> =IF(YEAR(B7)>2013;"Alpha";IF(YEAR(B7)>1997;"Gen Z";IF(YEAR(B7)>1981;"Millenials";IF(YEAR(B7)>1965;"Gen X";"Baby Boomer"))))
C7: 6 | D7: ='XL-Test'!D8 -> Selasa | E7: ='XL-Test'!E8 -> Pisces | F7: ='XL-Test'!F8 -> 11 | G7: ='XL-Test'!G8 -> Surabaya, 25 Feb 2014 | H7: ='XL-Test'!H8 -> Alpha | I7: ='XL-Test'!I8 -> 46078 | J7: ='XL-Test'!J8 -> 250 | O7: 6 | Q7: =_xlfn.FORMULATEXT('XL-Test'!I7) -> =EDATE(B7;DATEDIF(B7;$C$4;"Y")*12+12)
F8: =SUM('XL-Test'!F7:F16) -> 297 | I8: =SUM('XL-Test'!I7:I16) -> 459904 | J8: =SUM('XL-Test'!J7:J16) -> 1624 | O8: 7 | Q8: =_xlfn.FORMULATEXT('XL-Test'!J7) -> =DATEDIF($C$4;I7;"D")
D9: =CODE(LEFT(D2))+CODE(LEFT(D3))+CODE(LEFT(D4))+CODE(LEFT(D5))+CODE(LEFT(D6))+CODE(LEFT(D7))+CODE(RIGHT(D2))+CODE(RIGHT(D4))+CODE(RIGHT(D6))+CODE(MID(D4,3,1)) -> 923 | E9: =CODE(LEFT(E2))+CODE(LEFT(E3))+CODE(LEFT(E4))+CODE(LEFT(E5))+CODE(LEFT(E6))+CODE(LEFT(E7))+CODE(RIGHT(E2))+CODE(RIGHT(E4))+CODE(RIGHT(E6))+CODE(MID(E4,3,1)) -> 883 | F9: =SUM(F2:F8) -> 480 | G9: =CODE(LEFT(G2))+CODE(LEFT(G3))+CODE(LEFT(G4))+CODE(LEFT(G5))+CODE(LEFT(G6))+CODE(LEFT(G7))+CODE(RIGHT(G2))+CODE(RIGHT(G4))+CODE(RIGHT(G6))+CODE(MID(G2,12,1))+CODE(MID(G3,17,1))+CODE(MID(G2,12,1))+CODE(MID(G4,14,1))+CODE(MID(G6,13,1)) -> 894 | H9: =CODE(LEFT(H2))+CODE(LEFT(H3))+CODE(LEFT(H4))+CODE(LEFT(H5))+CODE(LEFT(H6))+CODE(LEFT(H7))+CODE(RIGHT(H2))+CODE(RIGHT(H4))+CODE(RIGHT(H6))+CODE(MID(H4,3,1)) -> 891 | I9: =SUM(I2:I8) -> 735829 | J9: =SUM(J2:J8) -> 2581
D10: =IFERROR(DEC2HEX(IF(OR(D2="",D2=0),D11,D9)),"EEEE") -> 39B | E10: =IFERROR(DEC2HEX(IF(OR(E2="",E2=0),E11,E9)),"EEEE") -> 373 | F10: =IFERROR(DEC2HEX(IF(OR(F2="",F2=0),F11,F9)),"EEEE") -> 1E0 | G10: =IFERROR(DEC2HEX(IF(OR(G2="",G2=0),G11,G9)),"EEEE") -> 37E | H10: =IFERROR(DEC2HEX(IF(OR(H2="",H2=0),H11,H9)),"EEEE") -> 37B | I10: =IFERROR(DEC2HEX(IF(OR(I2="",I2=0),I11,I9)),"EEEE") -> B3A55 | J10: =IFERROR(DEC2HEX(IF(OR(J2="",J2=0),J11,J9)),"EEEE") -> A15 | Q10: 1 | R10: 2 | S10: 3 | T10: 4 | U10: 5 | V10: 6 | W10: 7
C11: Random | D11: 9113 | E11: 3607 | F11: 7186 | G11: 8977 | H11: 2538 | I11: 2357 | J11: 5636
C13: TRUE | D13: =LEFT(DEC2HEX(D11),2) -> 23 | E13: =LEFT(DEC2HEX(E11),2) -> E1 | F13: =LEFT(DEC2HEX(F11),2) -> 1C | G13: =LEFT(DEC2HEX(G11),2) -> 23 | H13: =LEFT(DEC2HEX(H11),2) -> 9E | I13: =LEFT(DEC2HEX(I11),2) -> 93 | J13: =LEFT(DEC2HEX(J11),2) -> 16
C14: FALSE | D14: =RIGHT(DEC2HEX(D11),2) -> 99 | E14: =RIGHT(DEC2HEX(E11),2) -> 17 | F14: =RIGHT(DEC2HEX(F11),2) -> 12 | G14: =RIGHT(DEC2HEX(G11),2) -> 11 | H14: =RIGHT(DEC2HEX(H11),2) -> EA | I14: =RIGHT(DEC2HEX(I11),2) -> 35 | J14: =RIGHT(DEC2HEX(J11),2) -> 04
C16: Formula | D16: =ISNUMBER(FIND("EXT",Q2)) -> TRUE | E16: =ISNUMBER(FIND("OKU",R2)) -> TRUE | F16: =ISNUMBER(FIND("ATED",S2)) -> TRUE | G16: =ISNUMBER(FIND("EXT",T2)) -> TRUE | H16: =OR(ISNUMBER(FIND("IF",U2)),ISNUMBER(FIND("OKU",U2)),ISNUMBER(FIND("WI",U2))) -> TRUE | I16: =ISNUMBER(FIND("EDA",V2)) -> TRUE | J16: =OR(ISNUMBER(FIND("-",W2)),ISNUMBER(FIND("C",W2))) -> TRUE
C19: Jml F | D19: =IFERROR(LEN(Q2)-LEN(SUBSTITUTE(Q2,"(","")),99) -> 1 | E19: =IFERROR(LEN(R2)-LEN(SUBSTITUTE(R2,"(","")),99) -> 4 | F19: =IFERROR(LEN(S2)-LEN(SUBSTITUTE(S2,"(","")),99) -> 1 | G19: =IFERROR(LEN(T2)-LEN(SUBSTITUTE(T2,"(","")),99) -> 1 | H19: =IFERROR(LEN(U2)-LEN(SUBSTITUTE(U2,"(","")),99) -> 8 | I19: =IFERROR(LEN(V2)-LEN(SUBSTITUTE(V2,"(","")),99) -> 2 | J19: =IFERROR(LEN(W2)-LEN(SUBSTITUTE(W2,"(","")),99) -> 1
D20: 1 | E20: 4 | F20: 1 | G20: 1 | H20: 8 | I20: 2 | J20: 1
C22: cek | D22: =IF(D19<=D20,1,0) -> 1 | E22: =IF(E19<=E20,1,0) -> 1 | F22: =IF(F19<=F20,1,0) -> 1 | G22: =IF(G19<=G20,1,0) -> 1 | H22: =IF(H19<=H20,1,0) -> 1 | I22: =IF(I19<=I20,1,0) -> 1 | J22: =IF(J19<=J20,1,0) -> 1
C24: Wajib | D24: =AND(ISNUMBER(FIND("=",Q2)),ISNUMBER(FIND("(",Q2)))+0 -> 1 | E24: =AND(ISNUMBER(FIND("=",R2)),ISNUMBER(FIND("(",R2)))+0 -> 1 | F24: =AND(ISNUMBER(FIND("=",S2)),ISNUMBER(FIND("(",S2)))+0 -> 1 | G24: =AND(ISNUMBER(FIND("=",T2)),ISNUMBER(FIND("(",T2)))+0 -> 1 | H24: =AND(ISNUMBER(FIND("=",U2)),ISNUMBER(FIND("(",U2)))+0 -> 1 | I24: =AND(ISNUMBER(FIND("=",V2)),ISNUMBER(FIND("(",V2)))+0 -> 1 | J24: =AND(ISNUMBER(FIND("=",W2)),ISNUMBER(FIND("4",W2)))+0 -> 1
C26: Hasil F | D26: =IF(D16,D13,D14)&D22 -> 231 | E26: =IF(E16,E13,E14)&E22 -> E11 | F26: =IF(F16,F13,F14)&F22 -> 1C1 | G26: =IF(G16,G13,G14)&G22 -> 231 | H26: =IF(H16,H13,H14)&H22 -> 9E1 | I26: =IF(I16,I13,I14)&I22 -> 931 | J26: =IF(J16,J13,J14)&J22 -> 161
C27: Hasil V | D27: =D10&D24 -> 39B1 | E27: =E10&E24 -> 3731 | F27: =F10&F24 -> 1E01 | G27: =G10&G24 -> 37E1 | H27: =H10&H24 -> 37B1 | I27: =I10&I24 -> B3A551 | J27: =J10&J24 -> A151
D28: =D26&"-"&D27&";" -> 231-39B1; | E28: =E26&"-"&E27&";" -> E11-3731; | F28: =F26&"-"&F27&";" -> 1C1-1E01; | G28: =G26&"-"&G27&";" -> 231-37E1; | H28: =H26&"-"&H27&";" -> 9E1-37B1; | I28: =I26&"-"&I27&";" -> 931-B3A551; | J28: =J26&"-"&J27 -> 161-A151
D30: =A3&"|"&D28&E28&F28&G28&H28&I28&J28 -> MF1|231-39B1;E11-3731;1C1-1E01;231-37E1;9E1-37B1;931-B3A551;161-A151
