Workbook
Name Baris: DF!$C$26
Name kode_jawaban: DF!$C$29

Sheet XL-Test
A18: KODE SOAL | C18: SBEE002 | G18: KODE JAWABAN | J18: =kode_jawaban -> EB2|2A-7BC;F9-4B1;71-75A;C8-48A;B4-1B8E6;9E-37D06;C3-68A7;9C-38F4
A20: Intruksi
B22: Gunakan Fungsi Excel (Function) untuk menyelsaikan kasus dibawah ini, tidak disarankan menggunakan cara manual
B23: Soal:
B24: 1 | C24: Jumlah semua angka di Index 1 sampai Index 20
B25: 2 | C25: Kurangi semua angka di Index 1 sampai Index 20
B26: 3 | C26: Jumlah semua angka di Index 1 sampai Index 20
B27: 4 | C27: Kurangi semua angka di Index 1 sampai Index 20
B28: 5 | C28: Kalikan semua angka di Index 1 sampai Index 20
B29: 6 | C29: Kalikan semua angka di Index 1 sampai Index 20
B30: 7 | C30: Bagi semua angka di Index 1 sampai Index 20
B31: 8 | C31: Bagi semua angka di Index 1 sampai Index 20
B33: Sudah selesai mengerjakan? kirim Kode Soal dan Kode Jawaban diatas ke alamat : https://belajarexcel.id/xl-test/jawaban untuk mengecek hasil pengerjaan
B34: atau klik tombol disamping
A37: Easy Level - Latihan Soal Fungsi Matematika
A41: No Soal | B41: Area Jawaban | D41: Soal | F41: 1 → | G41: 2 → | H41: 3 → | I41: 4 → | J41: 5 → | K41: 6 → | L41: 7 → | M41: 8 → | N41: 9 → | O41: 10 → | P41: 11 → | Q41: 12 → | R41: 13 → | S41: 14 → | T41: 15 → | U41: 16 → | V41: 17 → | W41: 18 → | X41: 19 → | Y41: 20 →
A42: Contoh A | B42: 1132 | D42: Jumlah → | F42: 12 | G42: 98 | H42: 97 | I42: 55 | J42: 3 | K42: 98 | L42: 87 | M42: 42 | N42: 22 | O42: 35 | P42: 93 | Q42: 27 | R42: 78 | S42: 90 | T42: 56 | U42: 14 | V42: 44 | W42: 73 | X42: 43 | Y42: 65
A43: Contoh B | B43: 4016 | D43: Kurang → | F43: 5000 | G43: 18 | H43: 95 | I43: 6 | J43: 74 | K43: 65 | L43: 59 | M43: 90 | N43: 38 | O43: 79 | P43: 43 | Q43: 52 | R43: 9 | S43: 49 | T43: 36 | U43: 61 | V43: 26 | W43: 91 | X43: 7 | Y43: 86
A45: #1 | B45: =SUM(F45:Y45) -> 980 | D45: Jumlah → | F45: 7 | G45: 1 | H45: 27 | I45: 24 | J45: 97 | K45: 76 | L45: 83 | M45: 61 | N45: 59 | O45: 49 | P45: 2 | Q45: 75 | R45: 58 | S45: 76 | T45: 50 | U45: 17 | V45: 94 | W45: 33 | X45: 44 | Y45: 47
A46: #2 | B46: =F46-SUM(G46:Y46) -> 201 | D46: Kurang → | F46: 1000 | G46: 41 | H46: 37 | I46: 74 | J46: 1 | K46: 4 | L46: 78 | M46: 74 | N46: 26 | O46: 12 | P46: 76 | Q46: 25 | R46: 16 | S46: 63 | T46: 2 | U46: 27 | V46: 85 | W46: 78 | X46: 34 | Y46: 46
A47: #3 | B47: =SUM(F47:Y47) -> 882 | D47: Jumlah → | F47: 89 | G47: 8 | H47: 40 | I47: 48 | J47: 43 | K47: 11 | L47: 23 | M47: 58 | N47: 2 | O47: 16 | P47: 26 | Q47: 31 | R47: 62 | S47: 90 | T47: 81 | U47: 56 | V47: 7 | W47: 65 | X47: 87 | Y47: 39
A48: #4 | B48: =F48-SUM(G48:Y48) -> 162 | D48: Kurang → | F48: 1000 | G48: 18 | H48: 80 | I48: 2 | J48: 91 | K48: 37 | L48: 2 | M48: 95 | N48: 2 | O48: 92 | P48: 54 | Q48: 75 | R48: 4 | S48: 4 | T48: 17 | U48: 81 | V48: 19 | W48: 40 | X48: 46 | Y48: 79
A49: #5 | B49: =PRODUCT(F49:Y49) -> 11287019520 | D49: Kali → | F49: 4 | G49: 3 | H49: 7 | I49: 9 | J49: 3 | K49: 2 | L49: 8 | M49: 2 | N49: 3 | O49: 4 | P49: 9 | Q49: 2 | R49: 1 | S49: 3 | T49: 4 | U49: 5 | V49: 1 | W49: 3 | X49: 2 | Y49: 2
A50: #6 | B50: =PRODUCT(F50:Y50) -> 22861440000 | D50: Kali → | F50: 8 | G50: 1 | H50: 1 | I50: 5 | J50: 6 | K50: 3 | L50: 5 | M50: 1 | N50: 2 | O50: 1 | P50: 5 | Q50: 1 | R50: 5 | S50: 9 | T50: 2 | U50: 7 | V50: 9 | W50: 7 | X50: 4 | Y50: 4
A51: #7 | B51: =F51/PRODUCT(G51:Y51) -> 0.00026791838 | D51: Bagi → | F51: 2000 | G51: 2 | H51: 4 | I51: 1 | J51: 3 | K51: 2 | L51: 1 | M51: 1 | N51: 3 | O51: 4 | P51: 9 | Q51: 1 | R51: 4 | S51: 3 | T51: 4 | U51: 5 | V51: 1 | W51: 3 | X51: 2 | Y51: 1
A52: #8 | B52: =F52/PRODUCT(G52:Y52) -> 0.00014580592 | D52: Bagi → | F52: 5000 | G52: 3 | H52: 1 | I52: 7 | J52: 2 | K52: 1 | L52: 4 | M52: 3 | N52: 2 | O52: 9 | P52: 3 | Q52: 1 | R52: 1 | S52: 2 | T52: 5 | U52: 7 | V52: 3 | W52: 6 | X52: 1 | Y52: 1

Sheet DF
C1: 1 | D1: kali | F1: Rand | G1: kosong | H1: TRUE | I1: FALSE | J1: cek Manual | K1: Cek Formula | L1: cek banyak
A2: DF | B2: 1 | C2: ='XL-Test'!B45 -> 980 | D2: =C2+1000 -> 1980 | F2: 7208 | G2: =NOT(OR(C2="",C2=0)) -> TRUE | H2: =RIGHT(DEC2HEX(F2+ROW()),2) -> 2A | I2: =LEFT(DEC2HEX(F2+ROW()),2) -> 1C | J2: =AND(ISNUMBER(FIND("=",O2)),ISNUMBER(FIND(":",O2))) -> TRUE | K2: =ISNUMBER(FIND("SUM",O2)) -> TRUE | L2: =IFERROR(LEN(O2)-LEN(SUBSTITUTE(O2,"(",""))<=1,99) -> TRUE | N2: 1 | O2: =_xlfn.FORMULATEXT('XL-Test'!B45) -> =SUM(F45:Y45)
A3: EB2 | B3: 2 | C3: ='XL-Test'!B46 -> 201 | D3: =C3+1000 -> 1201 | F3: 2806 | G3: =NOT(OR(C3="",C3=0)) -> TRUE | H3: =RIGHT(DEC2HEX(F3+ROW()),2) -> F9 | I3: =LEFT(DEC2HEX(F3+ROW()),2) -> AF | J3: =AND(ISNUMBER(FIND("=",O3)),ISNUMBER(FIND(":",O3))) -> TRUE | K3: =ISNUMBER(FIND("SUM",O3)) -> TRUE | L3: =IFERROR(LEN(O3)-LEN(SUBSTITUTE(O3,"(",""))<=1,99) -> TRUE | N3: 2 | O3: =_xlfn.FORMULATEXT('XL-Test'!B46) -> =F46-SUM(G46:Y46)
B4: 3 | C4: ='XL-Test'!B47 -> 882 | D4: =C4+1000 -> 1882 | F4: 2157 | G4: =NOT(OR(C4="",C4=0)) -> TRUE | H4: =RIGHT(DEC2HEX(F4+ROW()),2) -> 71 | I4: =LEFT(DEC2HEX(F4+ROW()),2) -> 87 | J4: =AND(ISNUMBER(FIND("=",O4)),ISNUMBER(FIND(":",O4))) -> TRUE | K4: =ISNUMBER(FIND("SUM",O4)) -> TRUE | L4: =IFERROR(LEN(O4)-LEN(SUBSTITUTE(O4,"(",""))<=1,99) -> TRUE | N4: 3 | O4: =_xlfn.FORMULATEXT('XL-Test'!B47) -> =SUM(F47:Y47)
B5: 4 | C5: ='XL-Test'!B48 -> 162 | D5: =C5+1000 -> 1162 | F5: 4291 | G5: =NOT(OR(C5="",C5=0)) -> TRUE | H5: =RIGHT(DEC2HEX(F5+ROW()),2) -> C8 | I5: =LEFT(DEC2HEX(F5+ROW()),2) -> 10 | J5: =AND(ISNUMBER(FIND("=",O5)),ISNUMBER(FIND(":",O5))) -> TRUE | K5: =ISNUMBER(FIND("SUM",O5)) -> TRUE | L5: =IFERROR(LEN(O5)-LEN(SUBSTITUTE(O5,"(",""))<=1,99) -> TRUE | N5: 4 | O5: =_xlfn.FORMULATEXT('XL-Test'!B48) -> =F48-SUM(G48:Y48)
B6: 5 | C6: ='XL-Test'!B49 -> 11287019520 | D6: =INT(C6/100000) -> 112870 | F6: 5806 | G6: =NOT(OR(C6="",C6=0)) -> TRUE | H6: =RIGHT(DEC2HEX(F6+ROW()),2) -> B4 | I6: =LEFT(DEC2HEX(F6+ROW()),2) -> 16 | J6: =AND(ISNUMBER(FIND("=",O6)),ISNUMBER(FIND(":",O6))) -> TRUE | K6: =ISNUMBER(FIND("ODUC",O6)) -> TRUE | L6: =IFERROR(LEN(O6)-LEN(SUBSTITUTE(O6,"(",""))<=1,99) -> TRUE | N6: 5 | O6: =_xlfn.FORMULATEXT('XL-Test'!B49) -> =PRODUCT(F49:Y49)
B7: 6 | C7: ='XL-Test'!B50 -> 22861440000 | D7: =INT(C7/100000) -> 228614 | F7: 4247 | G7: =NOT(OR(C7="",C7=0)) -> TRUE | H7: =RIGHT(DEC2HEX(F7+ROW()),2) -> 9E | I7: =LEFT(DEC2HEX(F7+ROW()),2) -> 10 | J7: =AND(ISNUMBER(FIND("=",O7)),ISNUMBER(FIND(":",O7))) -> TRUE | K7: =ISNUMBER(FIND("ODUC",O7)) -> TRUE | L7: =IFERROR(LEN(O7)-LEN(SUBSTITUTE(O7,"(",""))<=1,99) -> TRUE | N7: 6 | O7: =_xlfn.FORMULATEXT('XL-Test'!B50) -> =PRODUCT(F50:Y50)
B8: 7 | C8: ='XL-Test'!B51 -> 0.00026791838 | D8: =C8*100000000 -> 26791.838 | F8: 6075 | G8: =NOT(OR(C8="",C8=0)) -> TRUE | H8: =RIGHT(DEC2HEX(F8+ROW()),2) -> C3 | I8: =LEFT(DEC2HEX(F8+ROW()),2) -> 17 | J8: =AND(ISNUMBER(FIND("=",O8)),ISNUMBER(FIND(":",O8))) -> TRUE | K8: =ISNUMBER(FIND("ODUC",O8)) -> TRUE | L8: =IFERROR(LEN(O8)-LEN(SUBSTITUTE(O8,"(",""))<=1,99) -> TRUE | N8: 7 | O8: =_xlfn.FORMULATEXT('XL-Test'!B51) -> =F51/PRODUCT(G51:Y51)
B9: 8 | C9: ='XL-Test'!B52 -> 0.00014580592 | D9: =C9*100000000 -> 14580.592 | F9: 1683 | G9: =NOT(OR(C9="",C9=0)) -> TRUE | H9: =RIGHT(DEC2HEX(F9+ROW()),2) -> 9C | I9: =LEFT(DEC2HEX(F9+ROW()),2) -> 69 | J9: =AND(ISNUMBER(FIND("=",O9)),ISNUMBER(FIND(":",O9))) -> TRUE | K9: =ISNUMBER(FIND("ODUC",O9)) -> TRUE | L9: =IFERROR(LEN(O9)-LEN(SUBSTITUTE(O9,"(",""))<=1,99) -> TRUE | N9: 8 | O9: =_xlfn.FORMULATEXT('XL-Test'!B52) -> =F52/PRODUCT(G52:Y52)
C12: Salah | D12: Formla
B13: 1 | C13: =AND(G2,J2) -> TRUE | D13: =AND(K2,L2) -> TRUE | F13: =IFERROR(DEC2HEX(IF(C13,D2,F2)),"EEE") -> 7BC | G13: =IF(D13,H2,I2) -> 2A | H13: =G13&"-"&F13&";" -> 2A-7BC;
B14: 2 | C14: =AND(G3,J3) -> TRUE | D14: =AND(K3,L3) -> TRUE | F14: =IFERROR(DEC2HEX(IF(C14,D3,F3)),"EEE") -> 4B1 | G14: =IF(D14,H3,I3) -> F9 | H14: =G14&"-"&F14&";" -> F9-4B1;
B15: 3 | C15: =AND(G4,J4) -> TRUE | D15: =AND(K4,L4) -> TRUE | F15: =IFERROR(DEC2HEX(IF(C15,D4,F4)),"EEE") -> 75A | G15: =IF(D15,H4,I4) -> 71 | H15: =G15&"-"&F15&";" -> 71-75A;
B16: 4 | C16: =AND(G5,J5) -> TRUE | D16: =AND(K5,L5) -> TRUE | F16: =IFERROR(DEC2HEX(IF(C16,D5,F5)),"EEE") -> 48A | G16: =IF(D16,H5,I5) -> C8 | H16: =G16&"-"&F16&";" -> C8-48A;
B17: 5 | C17: =AND(G6,J6) -> TRUE | D17: =AND(K6,L6) -> TRUE | F17: =IFERROR(DEC2HEX(IF(C17,D6,F6)),"EEE") -> 1B8E6 | G17: =IF(D17,H6,I6) -> B4 | H17: =G17&"-"&F17&";" -> B4-1B8E6;
B18: 6 | C18: =AND(G7,J7) -> TRUE | D18: =AND(K7,L7) -> TRUE | F18: =IFERROR(DEC2HEX(IF(C18,D7,F7)),"EEE") -> 37D06 | G18: =IF(D18,H7,I7) -> 9E | H18: =G18&"-"&F18&";" -> 9E-37D06;
B19: 7 | C19: =AND(G8,J8) -> TRUE | D19: =AND(K8,L8) -> TRUE | F19: =IFERROR(DEC2HEX(IF(C19,D8,F8)),"EEE") -> 68A7 | G19: =IF(D19,H8,I8) -> C3 | H19: =G19&"-"&F19&";" -> C3-68A7; | O19: 125 | P19: X
B20: 8 | C20: =AND(G9,J9) -> TRUE | D20: =AND(K9,L9) -> TRUE | F20: =IFERROR(DEC2HEX(IF(C20,D9,F9)),"EEE") -> 38F4 | G20: =IF(D20,H9,I9) -> 9C | H20: =G20&"-"&F20 -> 9C-38F4 | O20: 146 | P20: Y
O21: 169 | P21: C
O22: 148 | P22: B
C23: =A3&"|"&H13&H14&H15&H16&H17&H18&H19&H20 -> EB2|2A-7BC;F9-4B1;71-75A;C8-48A;B4-1B8E6;9E-37D06;C3-68A7;9C-38F4
C25: =VLOOKUP(169,O19:P22,2,0) -> C | D25: 23
C26: {=INDIRECT(C25&D25)} -> EB2|2A-7BC;F9-4B1;71-75A;C8-48A;B4-1B8E6;9E-37D06;C3-68A7;9C-38F4
C29: =Baris -> EB2|2A-7BC;F9-4B1;71-75A;C8-48A;B4-1B8E6;9E-37D06;C3-68A7;9C-38F4

Sheet About
I6: XL-TEST adalah platform inovatif yang menyediakan latihan Excel interaktif dengan pemeriksaan otomatis,
I7: sehingga pengguna dapat langsung mengetahui jawaban yang benar maupun salah.
I10: Terdapat 5 Level soal :
J12: Easy Level | L12: (⭐)
J13: Medium Level | L13: (⭐⭐)
J14: Hard Level | L14: (⭐⭐⭐)
J15: Extreme Level | L15: (⭐⭐⭐⭐)
J16: Championship Level | L16: (⭐⭐⭐⭐⭐)
B17: Saya adalah seorang Excel Holic yang percaya bahwa setiap angka memiliki cerita yang bisa ditemukan dengan cara yang tepat. | I17: Free Access
B18: “Excel Bukan Hanya Pekerjaan, Tapi Juga Kesenangan dan Passion.” | I18: https://belajarexcel.id/xl-test/
B19: Contact :
B20: 🌐 Web | C20: https://setiadi.me
B21: 🪡threads | C21: https://www.threads.com/@andisetiadi
