Workbook
Name kode_jawaban: DF!$C$8

Sheet Xl-Test
B2: KODE SOAL | D2: SBEE008 | G2: KODE JAWABAN | I2: =kode_jawaban -> DEF1|802-1437C802;801-36EE801;601-53EC601;701-5DD7701;F01-1842F01
E4: 1 | I4: 2 | J4: 3 | K4: 4 | L4: 5
B5: No | C5: Nama | D5: GOL | E5: Gaji Pokok | F5: Status | G5: Jumlah Anak | H5: Masa Kerja (Tahun) | I5: Tunjangan Anak | J5: Tunjangan Keluarga | K5: Tunjangan Jabatan | L5: Tunjangan Transportasi
B6: 1 | C6: Adinia | D6: A | E6: =IF(D6="A",1500000,IF(D6="B",1800000,2000000)) -> 1500000 | F6: Menikah | G6: 2 | H6: 5 | I6: =MIN(G6,2)*300000 -> 600000 | J6: =IF(F6="Menikah",500000,400000) -> 500000 | K6: =IF(H6>=6,1000000,350000) -> 350000 | L6: =E6*7.5% -> 112500
B7: 2 | C7: Bella | D7: B | E7: =IF(D7="A",1500000,IF(D7="B",1800000,2000000)) -> 1800000 | F7: Menikah | G7: 3 | H7: 7 | I7: =MIN(G7,2)*300000 -> 600000 | J7: =IF(F7="Menikah",500000,400000) -> 500000 | K7: =IF(H7>=6,1000000,350000) -> 1000000 | L7: =E7*7.5% -> 135000
B8: 3 | C8: Cecilia | D8: A | E8: =IF(D8="A",1500000,IF(D8="B",1800000,2000000)) -> 1500000 | F8: Lajang | G8: 0 | H8: 6 | I8: =MIN(G8,2)*300000 -> 0 | J8: =IF(F8="Menikah",500000,400000) -> 400000 | K8: =IF(H8>=6,1000000,350000) -> 1000000 | L8: =E8*7.5% -> 112500
B9: 4 | C9: Dewo | D9: B | E9: =IF(D9="A",1500000,IF(D9="B",1800000,2000000)) -> 1800000 | F9: Lajang | G9: 0 | H9: 6 | I9: =MIN(G9,2)*300000 -> 0 | J9: =IF(F9="Menikah",500000,400000) -> 400000 | K9: =IF(H9>=6,1000000,350000) -> 1000000 | L9: =E9*7.5% -> 135000
B10: 5 | C10: Edo | D10: C | E10: =IF(D10="A",1500000,IF(D10="B",1800000,2000000)) -> 2000000 | F10: Lajang | G10: 0 | H10: 5 | I10: =MIN(G10,2)*300000 -> 0 | J10: =IF(F10="Menikah",500000,400000) -> 400000 | K10: =IF(H10>=6,1000000,350000) -> 350000 | L10: =E10*7.5% -> 150000
B11: 6 | C11: Fakhri | D11: C | E11: =IF(D11="A",1500000,IF(D11="B",1800000,2000000)) -> 2000000 | F11: Menikah | G11: 2 | H11: 4 | I11: =MIN(G11,2)*300000 -> 600000 | J11: =IF(F11="Menikah",500000,400000) -> 500000 | K11: =IF(H11>=6,1000000,350000) -> 350000 | L11: =E11*7.5% -> 150000
B12: 7 | C12: Ginanjar | D12: A | E12: =IF(D12="A",1500000,IF(D12="B",1800000,2000000)) -> 1500000 | F12: Lajang | G12: 0 | H12: 2 | I12: =MIN(G12,2)*300000 -> 0 | J12: =IF(F12="Menikah",500000,400000) -> 400000 | K12: =IF(H12>=6,1000000,350000) -> 350000 | L12: =E12*7.5% -> 112500
B13: 8 | C13: Iddo | D13: B | E13: =IF(D13="A",1500000,IF(D13="B",1800000,2000000)) -> 1800000 | F13: Menikah | G13: 4 | H13: 5 | I13: =MIN(G13,2)*300000 -> 600000 | J13: =IF(F13="Menikah",500000,400000) -> 500000 | K13: =IF(H13>=6,1000000,350000) -> 350000 | L13: =E13*7.5% -> 135000
B14: 9 | C14: Junne | D14: C | E14: =IF(D14="A",1500000,IF(D14="B",1800000,2000000)) -> 2000000 | F14: Menikah | G14: 1 | H14: 2 | I14: =MIN(G14,2)*300000 -> 300000 | J14: =IF(F14="Menikah",500000,400000) -> 500000 | K14: =IF(H14>=6,1000000,350000) -> 350000 | L14: =E14*7.5% -> 150000
B16: Soal
B17: 1 | C17: GAJI POKOK diperoleh dari rumus :
C18: - Jika Gol A, maka Gaji Pokoknya Rp.1.500.000 - Jika Gol B, maka Gaji Pokoknya Rp.1.800.000 - Jika Gol C, maka Gaji Pokoknya Rp.2.000.000
B19: 2 | C19: Tunjangan Anak Rp300.000 per anak, maksimal 2 anak.
B20: 3 | C20: Tunjangan keluarga, Rp500.000,- jika menikah dan Rp400.000,- jika single
B21: 4 | C21: Tunjangan Jabatan, Rp1.000.000 jika masa kerja samadengan atau di atas 6 tahun, di bawah 6 tahun, Rp350.000,-
B22: 5 | C22: Tunjangan transportasi 7,5% dari gaji pokok
E28: Kirimkan Kode Jawaban diatas ke alamat : https://belajarexcel.id/xl-test/ untuk mengecek hasil jawaban
B29: Copyright © 2025 | BelajarExcel.id

Sheet DF
A1: DEF | C1: F/Value 1 | D1: F/Value 2 | E1: F/Value 3 | F1: F/Value 4 | G1: F/Value Final | I1: TRUE | J1: FALSE | K1: F Test | L1: Value Test | M1: F/Test | N1: Final | Q1: Formula
A2: DEF1 | C2: ='Xl-Test'!E6 -> 1500000 | D2: ='Xl-Test'!E9 -> 1800000 | E2: ='Xl-Test'!E14 -> 2000000 | F2: =SUM('Xl-Test'!E6:E14) -> 15900000 | G2: =IF(C2=0,"A14B10",DEC2HEX(SUM(C2:F2))&(L2+M2)) -> 1437C802 | I2: =RIGHT(G2,3) -> 802 | J2: =LEFT(G2,3) -> 143 | K2: =IF(OR(ISNUMBER(FIND("IF",Q2)),ISNUMBER(FIND("SW",Q2))),I2,J2) -> 802 | L2: =ISNUMBER('Xl-Test'!E6)+0 -> 1 | M2: =ISNUMBER(FIND(CHAR(40),SUBSTITUTE(Q2,"$","")))*1 -> 1 | N2: =K2&"-"&G2&";" -> 802-1437C802; | Q2: =_xlfn.FORMULATEXT('Xl-Test'!E6) -> =IF(D6="A";1500000;IF(D6="B";1800000;2000000))
C3: ='Xl-Test'!I6 -> 600000 | D3: ='Xl-Test'!I9 -> 0 | E3: ='Xl-Test'!I14 -> 300000 | F3: =SUM('Xl-Test'!I6:I14) -> 2700000 | G3: =IF(C3=0,"32BE100",DEC2HEX(SUM(C3:F3))&M3) -> 36EE801 | I3: =RIGHT(G3,3) -> 801 | J3: =LEFT(G3,3) -> 36E | K3: =IF(ISNUMBER(FIND("IN",Q3)),I3,J3) -> 801 | M3: =ISNUMBER(FIND(CHAR(40),SUBSTITUTE(Q3,"$","")))*1 -> 1 | N3: =K3&"-"&G3&";" -> 801-36EE801; | Q3: =_xlfn.FORMULATEXT('Xl-Test'!I6) -> =MIN(G6;2)*300000
C4: ='Xl-Test'!J6 -> 500000 | D4: ='Xl-Test'!J10 -> 400000 | E4: ='Xl-Test'!J14 -> 500000 | F4: =SUM('Xl-Test'!J6:J14) -> 4100000 | G4: =IF(C4=0,"54BFE10",DEC2HEX(SUM(C4:F4))&M4) -> 53EC601 | I4: =RIGHT(G4,3) -> 601 | J4: =LEFT(G4,3) -> 53E | K4: =IF(ISNUMBER(FIND("IF",Q4)),I4,J4) -> 601 | M4: =ISNUMBER(FIND(CHAR(40),SUBSTITUTE(Q4,"$","")))*1 -> 1 | N4: =K4&"-"&G4&";" -> 601-53EC601; | Q4: =_xlfn.FORMULATEXT('Xl-Test'!J6) -> =IF(F6="Menikah";500000;400000)
C5: ='Xl-Test'!K6 -> 350000 | D5: ='Xl-Test'!K11 -> 350000 | E5: ='Xl-Test'!K14 -> 350000 | F5: =SUM('Xl-Test'!K6:K14) -> 5100000 | G5: =IF(C5=0,"CB231E",DEC2HEX(SUM(C5:F5))&M5) -> 5DD7701 | I5: =RIGHT(G5,3) -> 701 | J5: =LEFT(G5,3) -> 5DD | K5: =IF(ISNUMBER(FIND("IF",Q5)),I5,J5) -> 701 | M5: =ISNUMBER(FIND(CHAR(40),SUBSTITUTE(Q5,"$","")))*1 -> 1 | N5: =K5&"-"&G5&";" -> 701-5DD7701; | Q5: =_xlfn.FORMULATEXT('Xl-Test'!K6) -> =IF(H6>=6;1000000;350000)
C6: ='Xl-Test'!L6 -> 112500 | D6: ='Xl-Test'!L9 -> 135000 | E6: ='Xl-Test'!L14 -> 150000 | F6: =SUM('Xl-Test'!L6:L14) -> 1192500 | G6: =IF(C6=0,"123B87",DEC2HEX(SUM(C6:F6))&M6) -> 1842F01 | I6: =RIGHT(G6,3) -> F01 | J6: =LEFT(G6,3) -> 184 | K6: =IF(ISNUMBER(FIND("*",Q6)),I6,J6) -> F01 | M6: =ISNUMBER(FIND(CHAR(42),SUBSTITUTE(Q6,"$","")))*1 -> 1 | N6: =K6&"-"&G6 -> F01-1842F01 | Q6: =_xlfn.FORMULATEXT('Xl-Test'!L6) -> =E6*7,5%
C8: =A2&"|"&N2&N3&N4&N5&N6 -> DEF1|802-1437C802;801-36EE801;601-53EC601;701-5DD7701;F01-1842F01
