Workbook
Name Kode_jawaban: DF!$D$39
Name TABEL_KELAS: 'XL-TEST'!$C$17:$E$18
Name TABEL_TIKET: 'XL-TEST'!$B$22:$F$24

Sheet XL-TEST
B1: Easy Level (⭐)
B2: Kode Soal | C2: SBEE005 | E2: Kode Jawaban | F2: =Kode_jawaban -> EE1|E91-2C41;4E1-2D51;1D1-A4CB81;201-7EF41;1F1-9CDC41
B5: Tgl. Berangkat | C5: Nama Penumpang | D5: Kode Tiket | E5: Kelas 1 | F5: Jenis Tiket 2 | G5: Harga Tiket 3 | H5: Diskon 4 | I5: Harga Bersih 5
B6: 45155 | C6: Anisa Yunia | D6: EKOD | E6: =HLOOKUP(LEFT(D6,3),TABEL_KELAS,2,0) -> Ekonomi | F6: =VLOOKUP(MID(D6,4,1),TABEL_TIKET,2,0) -> Dewasa | G6: =VLOOKUP(MID(D6,4,1),$B$22:$F$24,MATCH(E6,$B$21:$F$21,0),0) -> 75000 | H6: =IF(B6<DATE(2023,9,1),G6*10%,0) -> 7500 | I6: =G6-H6 -> 67500
B7: 45170 | C7: Budi Susanto | D7: EXCA | E7: =HLOOKUP(LEFT(D7,3),TABEL_KELAS,2,0) -> Executive | F7: =VLOOKUP(MID(D7,4,1),TABEL_TIKET,2,0) -> Anak | G7: =VLOOKUP(MID(D7,4,1),$B$22:$F$24,MATCH(E7,$B$21:$F$21,0),0) -> 100000 | H7: =IF(B7<DATE(2023,9,1),G7*10%,0) -> 0 | I7: =G7-H7 -> 100000
B8: 45169 | C8: Rizki Soleh | D8: BISA | E8: =HLOOKUP(LEFT(D8,3),TABEL_KELAS,2,0) -> Bisnis | F8: =VLOOKUP(MID(D8,4,1),TABEL_TIKET,2,0) -> Anak | G8: =VLOOKUP(MID(D8,4,1),$B$22:$F$24,MATCH(E8,$B$21:$F$21,0),0) -> 70000 | H8: =IF(B8<DATE(2023,9,1),G8*10%,0) -> 7000 | I8: =G8-H8 -> 63000
B9: 45174 | C9: Abdul Hadi | D9: EXCD | E9: =HLOOKUP(LEFT(D9,3),TABEL_KELAS,2,0) -> Executive | F9: =VLOOKUP(MID(D9,4,1),TABEL_TIKET,2,0) -> Dewasa | G9: =VLOOKUP(MID(D9,4,1),$B$22:$F$24,MATCH(E9,$B$21:$F$21,0),0) -> 150000 | H9: =IF(B9<DATE(2023,9,1),G9*10%,0) -> 0 | I9: =G9-H9 -> 150000
B10: 45163 | C10: Dewi Sandra | D10: EKOL | E10: =HLOOKUP(LEFT(D10,3),TABEL_KELAS,2,0) -> Ekonomi | F10: =VLOOKUP(MID(D10,4,1),TABEL_TIKET,2,0) -> Lansia | G10: =VLOOKUP(MID(D10,4,1),$B$22:$F$24,MATCH(E10,$B$21:$F$21,0),0) -> 60000 | H10: =IF(B10<DATE(2023,9,1),G10*10%,0) -> 6000 | I10: =G10-H10 -> 54000
B11: 45179 | C11: Nina Adriana | D11: BISD | E11: =HLOOKUP(LEFT(D11,3),TABEL_KELAS,2,0) -> Bisnis | F11: =VLOOKUP(MID(D11,4,1),TABEL_TIKET,2,0) -> Dewasa | G11: =VLOOKUP(MID(D11,4,1),$B$22:$F$24,MATCH(E11,$B$21:$F$21,0),0) -> 100000 | H11: =IF(B11<DATE(2023,9,1),G11*10%,0) -> 0 | I11: =G11-H11 -> 100000
B12: 45169 | C12: Ali Akbar | D12: EXCL | E12: =HLOOKUP(LEFT(D12,3),TABEL_KELAS,2,0) -> Executive | F12: =VLOOKUP(MID(D12,4,1),TABEL_TIKET,2,0) -> Lansia | G12: =VLOOKUP(MID(D12,4,1),$B$22:$F$24,MATCH(E12,$B$21:$F$21,0),0) -> 120000 | H12: =IF(B12<DATE(2023,9,1),G12*10%,0) -> 12000 | I12: =G12-H12 -> 108000
B14: Cek hasil pengerjakan dengan mengirimkan Kode Soal dan Kode Jawaban diatas ke alamat : https://belajarexcel.id/xl-test/jawaban untuk mengecek hasil benar/salah
B16: Table Kelas
B17: Kode Kelas | C17: EKO | D17: BIS | E17: EXC
B18: Kelas | C18: Ekonomi | D18: Bisnis | E18: Executive
B20: Table Jenis Tiket
B21: Kode Tiket | C21: Jenis Tiket | D21: Ekonomi | E21: Bisnis | F21: Executive
B22: A | C22: Anak | D22: 50000 | E22: 70000 | F22: 100000 | H22: https://belajarexcel.id/xl-test/
B23: D | C23: Dewasa | D23: 75000 | E23: 100000 | F23: 150000
B24: L | C24: Lansia | D24: 60000 | E24: 85000 | F24: 120000
B26: Instruksi:
B27: 1. Kelas mengacu pada 3 huruf awal di Kode Tiket, dan mengambil data dari tabel KELAS
B28: 2. Jenis Tiket mengacu pada huruf ke-4 di kode tiket, dan mengambil data dari tabel JENIS TIKET
B29: 3. Harga mengacu pada jenis tiket dan kelas yang dipilih
B30: 4. Diskon 10% dari Harga Tiket untuk keberangkatan sebelum tanggal 1 September 2023
B31: 5. Harga Bersih adalah Harga Tiket dikurangi Diskon

Sheet DF
A1: Def | D1: 1 | E1: 2 | F1: 3 | G1: 4 | H1: 5 | R1: 1 | S1: 2 | T1: 3 | U1: 4 | V1: 5
A2: EE1 | C2: 1 | D2: =UPPER('XL-TEST'!E6) -> EKONOMI | E2: =UPPER('XL-TEST'!F6) -> DEWASA | F2: ='XL-TEST'!G6 -> 75000 | G2: ='XL-TEST'!H6 -> 7500 | H2: ='XL-TEST'!I6 -> 67500 | Q2: 1 | R2: =_xlfn.FORMULATEXT('XL-TEST'!E6) -> =HLOOKUP(LEFT(D6;3);TABEL_KELAS;2;0) | S2: =_xlfn.FORMULATEXT('XL-TEST'!F6) -> =VLOOKUP(MID(D6;4;1);TABEL_TIKET;2;0) | T2: =_xlfn.FORMULATEXT('XL-TEST'!G6) -> =VLOOKUP(MID(D6;4;1);$B$22:$F$24;MATCH(E6;$B$21:$F$21;0);0) | U2: =_xlfn.FORMULATEXT('XL-TEST'!H6) -> =IF(B6<DATE(2023;9;1);G6*10%;0) | V2: =_xlfn.FORMULATEXT('XL-TEST'!I6) -> =G6-H6
A3: =A2&"|" -> EE1| | C3: 2 | D3: =UPPER('XL-TEST'!E7) -> EXECUTIVE | E3: =UPPER('XL-TEST'!F7) -> ANAK | F3: ='XL-TEST'!G7 -> 100000 | G3: ='XL-TEST'!H7 -> 0 | H3: ='XL-TEST'!I7 -> 100000 | Q3: 2 | R3: =_xlfn.FORMULATEXT('XL-TEST'!F6) -> =VLOOKUP(MID(D6;4;1);TABEL_TIKET;2;0)
C4: 3 | D4: =UPPER('XL-TEST'!E8) -> BISNIS | E4: =UPPER('XL-TEST'!F8) -> ANAK | F4: ='XL-TEST'!G8 -> 70000 | G4: ='XL-TEST'!H8 -> 7000 | H4: ='XL-TEST'!I8 -> 63000 | Q4: 3 | R4: =_xlfn.FORMULATEXT('XL-TEST'!G6) -> =VLOOKUP(MID(D6;4;1);$B$22:$F$24;MATCH(E6;$B$21:$F$21;0);0)
C5: 4 | D5: =UPPER('XL-TEST'!E9) -> EXECUTIVE | E5: =UPPER('XL-TEST'!F9) -> DEWASA | F5: ='XL-TEST'!G9 -> 150000 | G5: ='XL-TEST'!H9 -> 0 | H5: ='XL-TEST'!I9 -> 150000 | Q5: 4 | R5: =_xlfn.FORMULATEXT('XL-TEST'!H6) -> =IF(B6<DATE(2023;9;1);G6*10%;0)
C6: 5 | D6: =UPPER('XL-TEST'!E10) -> EKONOMI | E6: =UPPER('XL-TEST'!F10) -> LANSIA | F6: ='XL-TEST'!G10 -> 60000 | G6: ='XL-TEST'!H10 -> 6000 | H6: ='XL-TEST'!I10 -> 54000 | Q6: 5 | R6: =_xlfn.FORMULATEXT('XL-TEST'!I6) -> =G6-H6
C7: 6 | D7: =UPPER('XL-TEST'!E11) -> BISNIS | E7: =UPPER('XL-TEST'!F11) -> DEWASA | F7: ='XL-TEST'!G11 -> 100000 | G7: ='XL-TEST'!H11 -> 0 | H7: ='XL-TEST'!I11 -> 100000
C8: 7 | D8: =UPPER('XL-TEST'!E12) -> EXECUTIVE | E8: =UPPER('XL-TEST'!F12) -> LANSIA | F8: ='XL-TEST'!G12 -> 120000 | G8: ='XL-TEST'!H12 -> 12000 | H8: ='XL-TEST'!I12 -> 108000
C10: Value | D10: =CODE(LEFT(D2))+CODE(LEFT(D3))+CODE(LEFT(D4))+CODE(LEFT(D5))+CODE(LEFT(D6))+CODE(LEFT(D7))+CODE(LEFT(D8))+CODE(MID(D4,3,1))+CODE(MID(D5,3,1))+CODE(MID(D2,3,1)) -> 708 | E10: =CODE(LEFT(E2))+CODE(LEFT(E3))+CODE(LEFT(E4))+CODE(LEFT(E5))+CODE(LEFT(E6))+CODE(LEFT(E7))+CODE(LEFT(E8))+CODE(MID(E4,3,1))+CODE(MID(E5,3,1))+CODE(MID(E2,3,1)) -> 725 | F10: =SUM(F2:F8) -> 675000 | G10: =SUM(G2:G8) -> 32500 | H10: =SUM(H2:H8) -> 642500
B11: XX | D11: =IFERROR(DEC2HEX(IF(OR(D2=0,D2=""),D12,D10)),"EEEE")&D36 -> 2C41 | E11: =IFERROR(DEC2HEX(IF(OR(E2=0,E2=""),E12,E10)),"EEEE")&E36 -> 2D51 | F11: =IFERROR(DEC2HEX(IF(OR(F2=0,F2=""),F12,F10)),"EEEE")&F36 -> A4CB81 | G11: =IFERROR(DEC2HEX(IF(OR(G2=0,G2=""),G12,G10)),"EEEE")&G36 -> 7EF41 | H11: =IFERROR(DEC2HEX(IF(OR(H2=0,H2=""),H12,H10)),"EEEE")&H36 -> 9CDC41
C12: Random | D12: 3741 | E12: 1252 | F12: 7551 | G12: 8331 | H12: 8145
C14: TRUE | D14: =LEFT(DEC2HEX(D12),2) -> E9 | E14: =LEFT(DEC2HEX(E12),2) -> 4E | F14: =LEFT(DEC2HEX(F12),2) -> 1D | G14: =LEFT(DEC2HEX(G12),2) -> 20 | H14: =LEFT(DEC2HEX(H12),2) -> 1F
C15: FALSE | D15: =RIGHT(DEC2HEX(D12),2) -> 9D | E15: =RIGHT(DEC2HEX(E12),2) -> E4 | F15: =RIGHT(DEC2HEX(F12),2) -> 7F | G15: =RIGHT(DEC2HEX(G12),2) -> 8B | H15: =RIGHT(DEC2HEX(H12),2) -> D1
C17: Cek Manual | D17: =AND(ISNUMBER(FIND("=",R2)),ISNUMBER(FIND("(",R2))) -> TRUE | E17: =AND(ISNUMBER(FIND("=",S2)),ISNUMBER(FIND("(",S2))) -> TRUE | F17: =AND(ISNUMBER(FIND("=",T2)),ISNUMBER(FIND("(",T2))) -> TRUE | G17: =AND(ISNUMBER(FIND("=",U2)),ISNUMBER(FIND("(",U2))) -> TRUE | H17: =AND(ISNUMBER(FIND("=",V2))) -> TRUE
C19: Cek Jml Fungsi | D19: =IFERROR(LEN(R2)-LEN(SUBSTITUTE(R2,"(","")),99) -> 2 | E19: =IFERROR(LEN(S2)-LEN(SUBSTITUTE(S2,"(","")),99) -> 2 | F19: =IFERROR(LEN(T2)-LEN(SUBSTITUTE(T2,"(","")),99) -> 3 | G19: =IFERROR(LEN(U2)-LEN(SUBSTITUTE(U2,"(","")),99) -> 2 | H19: =IFERROR(LEN(V2)-LEN(SUBSTITUTE(V2,"(","")),99) -> 0
D20: 2 | E20: 2 | F20: 3 | G20: 2 | H20: 0
B21: ** | D21: =(D19<=D20)+0 -> 1 | E21: =(E19<=E20)+0 -> 1 | F21: =(F19<=F20)+0 -> 1 | G21: =(G19<=G20)+0 -> 1 | H21: 1
C23: Cek Formula | D23: =OR(ISNUMBER(FIND("HLO",R2)),ISNUMBER(FIND("XLO",R2))) -> TRUE | E23: =OR(ISNUMBER(FIND("VLO",S2)),ISNUMBER(FIND("XLO",S2))) -> TRUE | F23: =OR(AND(OR(ISNUMBER(FIND("VLO",T2)),ISNUMBER(FIND("HLO",T2))),OR(ISNUMBER(FIND("IF",T2)),ISNUMBER(FIND("MATCH",T2)))),ISNUMBER(FIND("XLO",T2))) -> TRUE | G23: =AND(ISNUMBER(FIND("IF",U2)),ISNUMBER(FIND("*",U2))) -> TRUE | H23: =ISNUMBER(FIND("-",V2)) -> TRUE
B24: XX | D24: =IF(D23,D14,D15)&D21 -> E91 | E24: =IF(E23,E14,E15)&E21 -> 4E1 | F24: =IF(F23,F14,F15)&F21 -> 1D1 | G24: =IF(G23,G14,G15)&G21 -> 201 | H24: =IF(H23,H14,H15)&H21 -> 1F1
C27: 1 | D27: =LEN(_xlfn.FORMULATEXT('XL-TEST'!E6)) -> 36 | E27: =LEN(_xlfn.FORMULATEXT('XL-TEST'!F6)) -> 37 | F27: =LEN(_xlfn.FORMULATEXT('XL-TEST'!G6)) -> 59 | G27: =LEN(_xlfn.FORMULATEXT('XL-TEST'!H6)) -> 31 | H27: =LEN(_xlfn.FORMULATEXT('XL-TEST'!I6)) -> 6
C28: 2 | D28: =LEN(_xlfn.FORMULATEXT('XL-TEST'!E7)) -> 36 | E28: =LEN(_xlfn.FORMULATEXT('XL-TEST'!F7)) -> 37 | F28: =LEN(_xlfn.FORMULATEXT('XL-TEST'!G7)) -> 59 | G28: =LEN(_xlfn.FORMULATEXT('XL-TEST'!H7)) -> 31 | H28: =LEN(_xlfn.FORMULATEXT('XL-TEST'!I7)) -> 6
C29: 3 | D29: =LEN(_xlfn.FORMULATEXT('XL-TEST'!E8)) -> 36 | E29: =LEN(_xlfn.FORMULATEXT('XL-TEST'!F8)) -> 37 | F29: =LEN(_xlfn.FORMULATEXT('XL-TEST'!G8)) -> 59 | G29: =LEN(_xlfn.FORMULATEXT('XL-TEST'!H8)) -> 31 | H29: =LEN(_xlfn.FORMULATEXT('XL-TEST'!I8)) -> 6
C30: 4 | D30: =LEN(_xlfn.FORMULATEXT('XL-TEST'!E9)) -> 36 | E30: =LEN(_xlfn.FORMULATEXT('XL-TEST'!F9)) -> 37 | F30: =LEN(_xlfn.FORMULATEXT('XL-TEST'!G9)) -> 59 | G30: =LEN(_xlfn.FORMULATEXT('XL-TEST'!H9)) -> 31 | H30: =LEN(_xlfn.FORMULATEXT('XL-TEST'!I9)) -> 6
D33: =AVERAGE(D27:D30) -> 36 | E33: =AVERAGE(E27:E30) -> 37 | F33: =AVERAGE(F27:F30) -> 59 | G33: =AVERAGE(G27:G30) -> 31 | H33: =AVERAGE(H27:H30) -> 6
D34: =IFERROR(D33=D27,FALSE) -> TRUE | E34: =IFERROR(E33=E27,FALSE) -> TRUE | F34: =IFERROR(F33=F27,FALSE) -> TRUE | G34: =IFERROR(G33=G27,FALSE) -> TRUE | H34: =IFERROR(H33=H27,FALSE) -> TRUE
B36: ** | C36: Cek Man Bol | D36: =AND(D34,D17)+0 -> 1 | E36: =AND(E34,E17)+0 -> 1 | F36: =AND(F34,F17)+0 -> 1 | G36: =AND(G34,G17)+0 -> 1 | H36: =AND(H34,H17)+0 -> 1
D38: =D24&"-"&D11&";" -> E91-2C41; | E38: =E24&"-"&E11&";" -> 4E1-2D51; | F38: =F24&"-"&F11&";" -> 1D1-A4CB81; | G38: =G24&"-"&G11&";" -> 201-7EF41; | H38: =H24&"-"&H11 -> 1F1-9CDC41
D39: =A3&D38&E38&F38&G38&H38 -> EE1|E91-2C41;4E1-2D51;1D1-A4CB81;201-7EF41;1F1-9CDC41

Sheet About
C6: XL-TEST adalah platform inovatif yang menyediakan latihan Excel interaktif dengan pemeriksaan otomatis,
C7: sehingga pengguna dapat langsung mengetahui jawaban yang benar maupun salah.
C10: Terdapat 5 Level soal :
D12: Easy Level | F12: (⭐)
D13: Medium Level | F13: (⭐⭐)
D14: Hard Level | F14: (⭐⭐⭐)
D15: Extreme Level | F15: (⭐⭐⭐⭐)
D16: Championship Level | F16: (⭐⭐⭐⭐⭐)
C19: Free Access
C20: https://belajarexcel.id/xl-test/
