Workbook
Name kode_jawaban: DF!$D$51

Sheet XL-TEST
B1: Easy Level (⭐)
B2: KODE SOAL | D2: SBEE004 | F2: KODE JAWABAN | G2: =kode_jawaban -> ED1|25-7605;5B-B52;3E-878;60-1D4C;21-16B48;2F-15856
B5: No | C5: NPM | D5: Nama Mahasiswa | E5: Angkatan 1 | F5: Jurusan 2 | G5: Kampus Cabang 3 | H5: IPK | I5: Potongan 4 | J5: Biaya Wisuda 5 | K5: Biaya Seluruhnya 6
B6: 1 | C6: EK20151 | D6: Daniel Hadinata | E6: =VALUE(MID(C6,3,4)) -> 2015 | F6: =VLOOKUP(LEFT(C6,2),$J$19:$K$23,2,0) -> Ekonomi | G6: =IF(RIGHT(C6,1)="1","Bekasi",IF(RIGHT(C6,1)="2","Depok","Bogor")) -> Bekasi | H6: 4 | I6: =IF(H6>3.5,15%,IF(H6>2.5,5%,0%)) -> 0.15 | J6: =IF(E6=2013,5000000,IF(E6=2014,6000000,7000000)) -> 7000000 | K6: =J6-(J6*I6) -> 5950000
B7: 2 | C7: TS20142 | D7: Anzy Novitaria | E7: =VALUE(MID(C7,3,4)) -> 2014 | F7: =VLOOKUP(LEFT(C7,2),$J$19:$K$23,2,0) -> Teknik Sipil | G7: =IF(RIGHT(C7,1)="1","Bekasi",IF(RIGHT(C7,1)="2","Depok","Bogor")) -> Depok | H7: 3 | I7: =IF(H7>3.5,15%,IF(H7>2.5,5%,0%)) -> 0.05 | J7: =IF(E7=2013,5000000,IF(E7=2014,6000000,7000000)) -> 6000000 | K7: =J7-(J7*I7) -> 5700000
B8: 3 | C8: HK20132 | D8: Siska Sintya | E8: =VALUE(MID(C8,3,4)) -> 2013 | F8: =VLOOKUP(LEFT(C8,2),$J$19:$K$23,2,0) -> Hukum | G8: =IF(RIGHT(C8,1)="1","Bekasi",IF(RIGHT(C8,1)="2","Depok","Bogor")) -> Depok | H8: 3.4 | I8: =IF(H8>3.5,15%,IF(H8>2.5,5%,0%)) -> 0.05 | J8: =IF(E8=2013,5000000,IF(E8=2014,6000000,7000000)) -> 5000000 | K8: =J8-(J8*I8) -> 4750000
B9: 4 | C9: EK20153 | D9: Syafira Utami | E9: =VALUE(MID(C9,3,4)) -> 2015 | F9: =VLOOKUP(LEFT(C9,2),$J$19:$K$23,2,0) -> Ekonomi | G9: =IF(RIGHT(C9,1)="1","Bekasi",IF(RIGHT(C9,1)="2","Depok","Bogor")) -> Bogor | H9: 2.2 | I9: =IF(H9>3.5,15%,IF(H9>2.5,5%,0%)) -> 0 | J9: =IF(E9=2013,5000000,IF(E9=2014,6000000,7000000)) -> 7000000 | K9: =J9-(J9*I9) -> 7000000
B10: 5 | C10: TA20151 | D10: Fitri Lestari | E10: =VALUE(MID(C10,3,4)) -> 2015 | F10: =VLOOKUP(LEFT(C10,2),$J$19:$K$23,2,0) -> Arsitek | G10: =IF(RIGHT(C10,1)="1","Bekasi",IF(RIGHT(C10,1)="2","Depok","Bogor")) -> Bekasi | H10: 4 | I10: =IF(H10>3.5,15%,IF(H10>2.5,5%,0%)) -> 0.15 | J10: =IF(E10=2013,5000000,IF(E10=2014,6000000,7000000)) -> 7000000 | K10: =J10-(J10*I10) -> 5950000
B11: 6 | C11: SP20143 | D11: Alka Cantika | E11: =VALUE(MID(C11,3,4)) -> 2014 | F11: =VLOOKUP(LEFT(C11,2),$J$19:$K$23,2,0) -> Sosial Politik | G11: =IF(RIGHT(C11,1)="1","Bekasi",IF(RIGHT(C11,1)="2","Depok","Bogor")) -> Bogor | H11: 3 | I11: =IF(H11>3.5,15%,IF(H11>2.5,5%,0%)) -> 0.05 | J11: =IF(E11=2013,5000000,IF(E11=2014,6000000,7000000)) -> 6000000 | K11: =J11-(J11*I11) -> 5700000
B12: 7 | C12: TS20153 | D12: Kevin Wijaya | E12: =VALUE(MID(C12,3,4)) -> 2015 | F12: =VLOOKUP(LEFT(C12,2),$J$19:$K$23,2,0) -> Teknik Sipil | G12: =IF(RIGHT(C12,1)="1","Bekasi",IF(RIGHT(C12,1)="2","Depok","Bogor")) -> Bogor | H12: 3.5 | I12: =IF(H12>3.5,15%,IF(H12>2.5,5%,0%)) -> 0.05 | J12: =IF(E12=2013,5000000,IF(E12=2014,6000000,7000000)) -> 7000000 | K12: =J12-(J12*I12) -> 6650000
B13: 8 | C13: EK20133 | D13: Dimas Mirana | E13: =VALUE(MID(C13,3,4)) -> 2013 | F13: =VLOOKUP(LEFT(C13,2),$J$19:$K$23,2,0) -> Ekonomi | G13: =IF(RIGHT(C13,1)="1","Bekasi",IF(RIGHT(C13,1)="2","Depok","Bogor")) -> Bogor | H13: 2.3 | I13: =IF(H13>3.5,15%,IF(H13>2.5,5%,0%)) -> 0 | J13: =IF(E13=2013,5000000,IF(E13=2014,6000000,7000000)) -> 5000000 | K13: =J13-(J13*I13) -> 5000000
B14: 9 | C14: HK20152 | D14: Linda Fatimah | E14: =VALUE(MID(C14,3,4)) -> 2015 | F14: =VLOOKUP(LEFT(C14,2),$J$19:$K$23,2,0) -> Hukum | G14: =IF(RIGHT(C14,1)="1","Bekasi",IF(RIGHT(C14,1)="2","Depok","Bogor")) -> Depok | H14: 3.3 | I14: =IF(H14>3.5,15%,IF(H14>2.5,5%,0%)) -> 0.05 | J14: =IF(E14=2013,5000000,IF(E14=2014,6000000,7000000)) -> 7000000 | K14: =J14-(J14*I14) -> 6650000
B15: 10 | C15: TA20141 | D15: Luis Hamilton | E15: =VALUE(MID(C15,3,4)) -> 2014 | F15: =VLOOKUP(LEFT(C15,2),$J$19:$K$23,2,0) -> Arsitek | G15: =IF(RIGHT(C15,1)="1","Bekasi",IF(RIGHT(C15,1)="2","Depok","Bogor")) -> Bekasi | H15: 3 | I15: =IF(H15>3.5,15%,IF(H15>2.5,5%,0%)) -> 0.05 | J15: =IF(E15=2013,5000000,IF(E15=2014,6000000,7000000)) -> 6000000 | K15: =J15-(J15*I15) -> 5700000
B17: Ketentuan Soal | J17: Tabel Jurusan
J18: Kode | K18: Jurusan
B19: 1 | C19: Angkatan diambil 4 karakter di tengah Nomor Pokok Mahasiswa (Karakter 3 sampai 6) Menggunakan Fungsi MID | J19: EK | K19: Ekonomi
C20: Tahun Angkatan harus berupa Number | J20: HK | K20: Hukum
B21: 2 | C21: Jurusan diambil dari tabel bantu dengan fungsi VLOOKUP (2 karakter dari kiri Nomor Pokok Mahasiswa) | J21: TA | K21: Arsitek
J22: TS | K22: Teknik Sipil
B23: 3,4,5 | C23: Kampus cabang, Potongan, dan Uang Kuliah menggunakan Fungsi IF dengan kriteria berikut: | J23: SP | K23: Sosial Politik
C25: Kampus Cabang | F25: Potongan | I25: Biaya Wisuda
C26: * Jika karakter ke - 7 NPM = 1, Maka Cabang Bekasi | F26: * Jika IPK <2,5; Tidak ada potongan ( 0%) | I26: * Jika Angkatan 2013, Biaya Wisuda = 5.000.000
C27: * Jika karakter ke - 7 NPM = 2, Maka Cabang Depok | F27: * Jika IPK 2,5 - 3,5 ; Potongan 5% | I27: * Jika Angkatan 2014, Biaya Wisuda = 6.000.000
C28: * Jika karakter ke - 7 NPM = 3, Maka Cabang Bogor | F28: * Jika IPK >3,5 ; Potongan 15% | I28: * Jika Angkatan 2015, Biaya Wisuda = 7.000.000
B30: 6 | C30: Biaya Seluruhnya = Biaya Wisuda - Potongan
C33: Sudah selesai mengerjakan?
C34: kirim Kode Soal dan Kode Jawaban diatas ke alamat : https://belajarexcel.id/xl-test/jawaban untuk mengecek hasil benar/salah

Sheet About
C6: XL-TEST adalah platform inovatif yang menyediakan latihan Excel interaktif dengan pemeriksaan otomatis,
C7: sehingga pengguna dapat langsung mengetahui jawaban yang benar maupun salah.
C10: Terdapat 5 Level soal :
D12: Easy Level | F12: (⭐)
D13: Medium Level | F13: (⭐⭐)
D14: Hard Level | F14: (⭐⭐⭐)
D15: Extreme Level | F15: (⭐⭐⭐⭐)
D16: Championship Level | F16: (⭐⭐⭐⭐⭐)
C19: Free Access
C20: https://belajarexcel.id/xl-test/

Sheet DF
A1: DF | D1: 1 | E1: 2 | F1: 3 | G1: 4 | H1: 5 | I1: 6 | Q1: 1 | R1: 2 | S1: 3 | T1: 4 | U1: 5 | V1: 6
A2: ED1 | C2: 1 | D2: ='XL-TEST'!E6 -> 2015 | E2: ='XL-TEST'!F6 -> Ekonomi | F2: =UPPER('XL-TEST'!G6) -> BEKASI | G2: ='XL-TEST'!I6 -> 0.15 | H2: ='XL-TEST'!J6 -> 7000000 | I2: ='XL-TEST'!K6 -> 5950000 | P2: 1 | Q2: =_xlfn.FORMULATEXT('XL-TEST'!E6) -> =VALUE(MID(C6;3;4)) | R2: =_xlfn.FORMULATEXT('XL-TEST'!F6) -> =VLOOKUP(LEFT(C6;2);$J$19:$K$23;2;0) | S2: =_xlfn.FORMULATEXT('XL-TEST'!G6) -> =IF(RIGHT(C6;1)="1";"Bekasi";IF(RIGHT(C6;1)="2";"Depok";"Bogor")) | T2: =_xlfn.FORMULATEXT('XL-TEST'!I6) -> =IF(H6>3,5;15%;IF(H6>2,5;5%;0%)) | U2: =_xlfn.FORMULATEXT('XL-TEST'!J6) -> =IF(E6=2013;5000000;IF(E6=2014;6000000;7000000)) | V2: =_xlfn.FORMULATEXT('XL-TEST'!K6) -> =J6-(J6*I6)
C3: 2 | D3: ='XL-TEST'!E7 -> 2014 | E3: ='XL-TEST'!F7 -> Teknik Sipil | F3: =UPPER('XL-TEST'!G7) -> DEPOK | G3: ='XL-TEST'!I7 -> 0.05 | H3: ='XL-TEST'!J7 -> 6000000 | I3: ='XL-TEST'!K7 -> 5700000 | P3: 2 | Q3: =R2 -> =VLOOKUP(LEFT(C6;2);$J$19:$K$23;2;0)
C4: 3 | D4: ='XL-TEST'!E8 -> 2013 | E4: ='XL-TEST'!F8 -> Hukum | F4: =UPPER('XL-TEST'!G8) -> DEPOK | G4: ='XL-TEST'!I8 -> 0.05 | H4: ='XL-TEST'!J8 -> 5000000 | I4: ='XL-TEST'!K8 -> 4750000 | P4: 3 | Q4: =S2 -> =IF(RIGHT(C6;1)="1";"Bekasi";IF(RIGHT(C6;1)="2";"Depok";"Bogor"))
C5: 4 | D5: ='XL-TEST'!E9 -> 2015 | E5: ='XL-TEST'!F9 -> Ekonomi | F5: =UPPER('XL-TEST'!G9) -> BOGOR | G5: ='XL-TEST'!I9 -> 0 | H5: ='XL-TEST'!J9 -> 7000000 | I5: ='XL-TEST'!K9 -> 7000000 | P5: 4 | Q5: =T2 -> =IF(H6>3,5;15%;IF(H6>2,5;5%;0%))
C6: 5 | D6: ='XL-TEST'!E10 -> 2015 | E6: ='XL-TEST'!F10 -> Arsitek | F6: =UPPER('XL-TEST'!G10) -> BEKASI | G6: ='XL-TEST'!I10 -> 0.15 | H6: ='XL-TEST'!J10 -> 7000000 | I6: ='XL-TEST'!K10 -> 5950000 | P6: 5 | Q6: =U2 -> =IF(E6=2013;5000000;IF(E6=2014;6000000;7000000))
C7: 6 | D7: ='XL-TEST'!E11 -> 2014 | E7: ='XL-TEST'!F11 -> Sosial Politik | F7: =UPPER('XL-TEST'!G11) -> BOGOR | G7: ='XL-TEST'!I11 -> 0.05 | H7: ='XL-TEST'!J11 -> 6000000 | I7: ='XL-TEST'!K11 -> 5700000 | P7: 6 | Q7: =V2 -> =J6-(J6*I6)
C8: 7 | D8: ='XL-TEST'!E12 -> 2015 | E8: ='XL-TEST'!F12 -> Teknik Sipil | F8: =UPPER('XL-TEST'!G12) -> BOGOR | G8: ='XL-TEST'!I12 -> 0.05 | H8: ='XL-TEST'!J12 -> 7000000 | I8: ='XL-TEST'!K12 -> 6650000
C9: 8 | D9: ='XL-TEST'!E13 -> 2013 | E9: ='XL-TEST'!F13 -> Ekonomi | F9: =UPPER('XL-TEST'!G13) -> BOGOR | G9: ='XL-TEST'!I13 -> 0 | H9: ='XL-TEST'!J13 -> 5000000 | I9: ='XL-TEST'!K13 -> 5000000
C10: 9 | D10: ='XL-TEST'!E14 -> 2015 | E10: ='XL-TEST'!F14 -> Hukum | F10: =UPPER('XL-TEST'!G14) -> DEPOK | G10: ='XL-TEST'!I14 -> 0.05 | H10: ='XL-TEST'!J14 -> 7000000 | I10: ='XL-TEST'!K14 -> 6650000
C11: 10 | D11: ='XL-TEST'!E15 -> 2014 | E11: ='XL-TEST'!F15 -> Arsitek | F11: =UPPER('XL-TEST'!G15) -> BEKASI | G11: ='XL-TEST'!I15 -> 0.05 | H11: ='XL-TEST'!J15 -> 6000000 | I11: ='XL-TEST'!K15 -> 5700000
C13: value | D13: =SUM(D2:D11)+D3+D5+D7+D9+D11 -> 30213 | E13: =CODE(LEFT(E2))+CODE(LEFT(E3))+CODE(LEFT(E4))+CODE(LEFT(E5))+CODE(LEFT(E6))+CODE(LEFT(E7))+CODE(LEFT(E8))+CODE(LEFT(E9))+CODE(LEFT(E10))+CODE(LEFT(E11))+ CODE(MID(E2,2,1))+CODE(MID(E3,2,1))+CODE(MID(E4,2,1))+CODE(MID(E5,2,1))+CODE(MID(E6,2,1))+CODE(MID(E7,2,1))+CODE(MID(E8,2,1))+CODE(MID(E9,2,1))+CODE(MID(E10,2,1))+CODE(MID(E11,2,1))+ CODE(RIGHT(E2))+CODE(RIGHT(E3))+CODE(RIGHT(E4))+CODE(RIGHT(E5))+CODE(RIGHT(E6))+CODE(RIGHT(E7))+CODE(RIGHT(E8))+CODE(RIGHT(E9))+CODE(RIGHT(E10))+CODE(RIGHT(E11)) -> 2898 | F13: =CODE(LEFT(F2))+CODE(LEFT(F3))+CODE(LEFT(F4))+CODE(LEFT(F5))+CODE(LEFT(F6))+CODE(LEFT(F7))+CODE(LEFT(F8))+CODE(LEFT(F9))+CODE(LEFT(F10))+CODE(LEFT(F11))+ CODE(MID(F2,2,1))+CODE(MID(F3,2,1))+CODE(MID(F4,2,1))+CODE(MID(F5,2,1))+CODE(MID(F6,2,1))+CODE(MID(F7,2,1))+CODE(MID(F8,2,1))+CODE(MID(F9,2,1))+CODE(MID(F10,2,1))+CODE(MID(F11,2,1))+ CODE(RIGHT(F2))+CODE(RIGHT(F3))+CODE(RIGHT(F4))+CODE(RIGHT(F5))+CODE(RIGHT(F6))+CODE(RIGHT(F7))+CODE(RIGHT(F8))+CODE(RIGHT(F9))+CODE(RIGHT(F10))+CODE(RIGHT(F11)) -> 2168 | G13: =(SUM(G2:G11)+G3+G5+G7+G9+G11)*10000 -> 7500 | H13: =(SUM(H2:H11)+H3+H5+H7+H9+H11)/1000 -> 93000 | I13: =(SUM(I2:I11)+I3+I5+I7+I9+I11)/1000 -> 88150
C14: rand | D14: 3369 | E14: 8648 | F14: 5639 | G14: 8912 | H14: 2592 | I14: 3896
C16: Cek Manual | D16: =AND(ISNUMBER(FIND("=",Q2)),ISNUMBER(FIND("6",Q2))) -> TRUE | E16: =AND(ISNUMBER(FIND("=",R2)),ISNUMBER(FIND("6",R2))) -> TRUE | F16: =AND(ISNUMBER(FIND("=",S2)),ISNUMBER(FIND("6",S2))) -> TRUE | G16: =AND(ISNUMBER(FIND("=",T2)),ISNUMBER(FIND("6",T2))) -> TRUE | H16: =AND(ISNUMBER(FIND("=",U2)),ISNUMBER(FIND("6",U2))) -> TRUE | I16: =AND(ISNUMBER(FIND("=",V2)),ISNUMBER(FIND("6",V2))) -> TRUE
C17: Cek Nilai | D17: =ISNUMBER(D2) -> TRUE | E17: =ISTEXT(E2) -> TRUE | F17: =ISTEXT(F2) -> TRUE | G17: =ISNUMBER(G2) -> TRUE | H17: =ISNUMBER(H2) -> TRUE | I17: =ISNUMBER(I2) -> TRUE
C18: Cek Fungsi | D18: =IFERROR(LEN(Q2)-LEN(SUBSTITUTE(Q2,"(","")),99) -> 2 | E18: =IFERROR(LEN(R2)-LEN(SUBSTITUTE(R2,"(","")),99) -> 2 | F18: =IFERROR(LEN(S2)-LEN(SUBSTITUTE(S2,"(","")),99) -> 4 | G18: =IFERROR(LEN(T2)-LEN(SUBSTITUTE(T2,"(","")),99) -> 2 | H18: =IFERROR(LEN(U2)-LEN(SUBSTITUTE(U2,"(","")),99) -> 2 | I18: =IFERROR(LEN(V2)-LEN(SUBSTITUTE(V2,"(","")),99) -> 1
D19: 2 | E19: 2 | F19: 6 | G19: 3 | H19: 3 | I19: 1
D20: =D18<=D19 -> TRUE | E20: =E18<=E19 -> TRUE | F20: =F18<=F19 -> TRUE | G20: =G18<=G19 -> TRUE | H20: =H18<=H19 -> TRUE | I20: =I18<=I19 -> TRUE
C21: Cek Kosong | D21: =NOT(OR(D2=0,D2="")) -> TRUE | E21: =NOT(OR(E2=0,E2="")) -> TRUE | F21: =NOT(OR(F2=0,F2="")) -> TRUE | G21: =NOT(OR(G2=0,G2="")) -> TRUE | H21: =NOT(OR(H2=0,H2="")) -> TRUE | I21: =NOT(OR(I2=0,I2="")) -> TRUE
B23: ** | C23: Final C V | D23: =AND(D21,D20,D17,D16) -> TRUE | E23: =AND(E21,E20,E17,E16) -> TRUE | F23: =AND(F21,F20,F17,F16) -> TRUE | G23: =AND(G21,G20,G17,G16) -> TRUE | H23: =AND(H21,H20,H17,H16) -> TRUE | I23: =AND(I21,I20,I17,I16) -> TRUE
C26: Cek Formula | D26: =(ISNUMBER(FIND("MID",Q2))) -> TRUE | E26: =AND(ISNUMBER(FIND("LOOK",R2)),OR(ISNUMBER(FIND("LEFT",R2)),ISNUMBER(FIND("MID",R2)))) -> TRUE | F26: =AND((ISNUMBER(FIND("RIGHT",S2))),OR((ISNUMBER(FIND("IF",S2))),(ISNUMBER(FIND("SWI",S2))),(ISNUMBER(FIND("CHOO",S2))))) -> TRUE | G26: =(ISNUMBER(FIND("IF",T2))) -> TRUE | H26: =(ISNUMBER(FIND("IF",U2))) -> TRUE | I26: =(ISNUMBER(FIND("*",V2))) -> TRUE
C27: Cek Tarik | D27: =OR(D34,D36) -> TRUE | E27: =OR(E34,E36) -> TRUE | F27: =OR(F34,F36) -> TRUE | G27: =OR(G34,G36) -> TRUE | H27: =OR(H34,H36) -> TRUE | I27: =OR(I34,I36) -> TRUE
B28: 1 | C28: 6 | D28: =IFERROR(LEN(_xlfn.FORMULATEXT('XL-TEST'!E6)),0) -> 19 | E28: =IFERROR(LEN(_xlfn.FORMULATEXT('XL-TEST'!F6)),0) -> 36 | F28: =IFERROR(LEN(_xlfn.FORMULATEXT('XL-TEST'!G6)),0) -> 65 | G28: =IFERROR(LEN(_xlfn.FORMULATEXT('XL-TEST'!I6)),0) -> 32 | H28: =IFERROR(LEN(_xlfn.FORMULATEXT('XL-TEST'!J6)),0) -> 48 | I28: =IFERROR(LEN(_xlfn.FORMULATEXT('XL-TEST'!K6)),0) -> 11
B29: 2 | C29: 7 | D29: =IFERROR(LEN(_xlfn.FORMULATEXT('XL-TEST'!E7)),0) -> 19 | E29: =IFERROR(LEN(_xlfn.FORMULATEXT('XL-TEST'!F7)),0) -> 36 | F29: =IFERROR(LEN(_xlfn.FORMULATEXT('XL-TEST'!G7)),0) -> 65 | G29: =IFERROR(LEN(_xlfn.FORMULATEXT('XL-TEST'!I7)),0) -> 32 | H29: =IFERROR(LEN(_xlfn.FORMULATEXT('XL-TEST'!J7)),0) -> 48 | I29: =IFERROR(LEN(_xlfn.FORMULATEXT('XL-TEST'!K7)),0) -> 11
B30: 3 | C30: 8 | D30: =IFERROR(LEN(_xlfn.FORMULATEXT('XL-TEST'!E8)),0) -> 19 | E30: =IFERROR(LEN(_xlfn.FORMULATEXT('XL-TEST'!F8)),0) -> 36 | F30: =IFERROR(LEN(_xlfn.FORMULATEXT('XL-TEST'!G8)),0) -> 65 | G30: =IFERROR(LEN(_xlfn.FORMULATEXT('XL-TEST'!I8)),0) -> 32 | H30: =IFERROR(LEN(_xlfn.FORMULATEXT('XL-TEST'!J8)),0) -> 48 | I30: =IFERROR(LEN(_xlfn.FORMULATEXT('XL-TEST'!K8)),0) -> 11
B31: 4 | C31: 9 | D31: =IFERROR(LEN(_xlfn.FORMULATEXT('XL-TEST'!E9)),0) -> 19 | E31: =IFERROR(LEN(_xlfn.FORMULATEXT('XL-TEST'!F9)),0) -> 36 | F31: =IFERROR(LEN(_xlfn.FORMULATEXT('XL-TEST'!G9)),0) -> 65 | G31: =IFERROR(LEN(_xlfn.FORMULATEXT('XL-TEST'!I9)),0) -> 32 | H31: =IFERROR(LEN(_xlfn.FORMULATEXT('XL-TEST'!J9)),0) -> 48 | I31: =IFERROR(LEN(_xlfn.FORMULATEXT('XL-TEST'!K9)),0) -> 11
D33: =AVERAGE(D28:D31) -> 19 | E33: =AVERAGE(E28:E31) -> 36 | F33: =AVERAGE(F28:F31) -> 65 | G33: =AVERAGE(G28:G31) -> 32 | H33: =AVERAGE(H28:H31) -> 48 | I33: =AVERAGE(I28:I31) -> 11
C34: AVG | D34: =D33=D28 -> TRUE | E34: =E33=E28 -> TRUE | F34: =F33=F28 -> TRUE | G34: =G33=G28 -> TRUE | H34: =H33=H28 -> TRUE | I34: =I33=I28 -> TRUE
C36: Array | D36: =AND(D28>0,D31=0,D5>0) -> FALSE | E36: =AND(E28>0,E31=0,E5>0) -> FALSE | F36: =AND(F28>0,F31=0,F5>0) -> FALSE | G36: =AND(G28>0,G31=0,G5>0) -> FALSE | H36: =AND(H28>0,H31=0,H5>0) -> FALSE | I36: =AND(I28>0,I31=0,I5>0) -> FALSE
B38: ** | C38: Final F | D38: =AND(D26,D27) -> TRUE | E38: =AND(E26,E27) -> TRUE | F38: =AND(F26,F27) -> TRUE | G38: =AND(G26,G27) -> TRUE | H38: =AND(H26,H27) -> TRUE | I38: =AND(I26,I27) -> TRUE
C40: TRUE | D40: =DEC2HEX(LEFT(D14,2)+COLUMN()) -> 25 | E40: =DEC2HEX(LEFT(E14,2)+COLUMN()) -> 5B | F40: =DEC2HEX(LEFT(F14,2)+COLUMN()) -> 3E | G40: =DEC2HEX(LEFT(G14,2)+COLUMN()) -> 60 | H40: =DEC2HEX(LEFT(H14,2)+COLUMN()) -> 21 | I40: =DEC2HEX(LEFT(I14,2)+COLUMN()) -> 2F
C41: FALSE | D41: =DEC2HEX(RIGHT(D14,2)+COLUMN()) -> 49 | E41: =DEC2HEX(RIGHT(E14,2)+COLUMN()) -> 35 | F41: =DEC2HEX(RIGHT(F14,2)+COLUMN()) -> 2D | G41: =DEC2HEX(RIGHT(G14,2)+COLUMN()) -> 13 | H41: =DEC2HEX(RIGHT(H14,2)+COLUMN()) -> 64 | I41: =DEC2HEX(RIGHT(I14,2)+COLUMN()) -> 69
B43: ## | C43: Value | D43: =IFERROR(DEC2HEX(IF(D23,D13,D14)),"EEE") -> 7605 | E43: =IFERROR(DEC2HEX(IF(E23,E13,E14)),"EEE") -> B52 | F43: =IFERROR(DEC2HEX(IF(F23,F13,F14)),"EEE") -> 878 | G43: =IFERROR(DEC2HEX(IF(G23,G13,G14)),"EEE") -> 1D4C | H43: =IFERROR(DEC2HEX(IF(H23,H13,H14)),"EEE") -> 16B48 | I43: =IFERROR(DEC2HEX(IF(I23,I13,I14)),"EEE") -> 15856
B44: ## | C44: Formula | D44: =IF(D38,D40,D41) -> 25 | E44: =IF(E38,E40,E41) -> 5B | F44: =IF(F38,F40,F41) -> 3E | G44: =IF(G38,G40,G41) -> 60 | H44: =IF(H38,H40,H41) -> 21 | I44: =IF(I38,I40,I41) -> 2F
B45: Fix | D45: =D44&"-"&D43&";" -> 25-7605; | E45: =E44&"-"&E43&";" -> 5B-B52; | F45: =F44&"-"&F43&";" -> 3E-878; | G45: =G44&"-"&G43&";" -> 60-1D4C; | H45: =H44&"-"&H43&";" -> 21-16B48; | I45: =I44&"-"&I43 -> 2F-15856
L46: T | M46: Q | N46: 45
C47: Jadi | D47: =A2&"|"&D45&E45&F45&G45&H45&I45 -> ED1|25-7605;5B-B52;3E-878;60-1D4C;21-16B48;2F-15856 | L47: R | M47: S | N47: 49
L48: E | M48: D | N48: 42
D49: =D47 -> ED1|25-7605;5B-B52;3E-878;60-1D4C;21-16B48;2F-15856 | L49: W | M49: R | N49: 15
D51: {=INDIRECT(VLOOKUP("E",L46:N49,2,0)&VLOOKUP("R",L46:N49,3,0))} -> ED1|25-7605;5B-B52;3E-878;60-1D4C;21-16B48;2F-15856
