Workbook
Name Kode_jawaban: DF!$C$28

Sheet XL-Test 
A17: KODE SOAL | D17: SBEE003 | F17: KODE JAWABAN | H17: =Kode_jawaban -> EC3|14-4701;F3-2321;CB-11031;DE-54291;15-A271;10-45941;F9-609C1;10-5F55E1
A19: Intruksi
B21: Kasus : | C21: Easy Level - Latihan Soal VLOOKUP dan HLOOKUP
B22: Soal :
B23: 1 | C23: Isi Nama Pelanggan (gunakan fungsi VLOOKUP / HLOOKUP) dari table pelanggan
B24: 2 | C24: Isi Nama Produk (gunakan fungsi VLOOKUP / HLOOKUP) dari table Kode Produk
B25: 3 | C25: Isi Harga Satuan (gunakan fungsi VLOOKUP / HLOOKUP) dari table kode produk
B26: 4 | C26: Isi Total Penjualan (gunakan rumus perkalian)
B27: 5 | C27: isi kolom Diskon dengan ketentuan :
C28: Jika QTY (kuantitas) pembelian di atas 200, maka diskon 10%, jika di atas 500, maka 20% (hitung menggunakan rumus IF)
B29: 6 | C29: Isi Penjualan Bersih (gunakan rumus perkalian)
B30: 7 | C30: Hitung total QTY dan Penjualan Bersih (tidak termasuk contoh)
B31: 8 | C31: Hitung rata-rata QTY dan Penjualan Bersih (tidak termasuk contoh)
B33: Sudah selesai mengerjakan? kirim Kode Soal dan Kode Jawaban diatas ke alamat : https://belajarexcel.id/xl-test/jawaban untuk mengecek hasilnya
B34: atau klik tombol disamping
B39: DAFTAR PENJUALAN
B40: TOKO BANGUNAN BERKAH
E43: 1 | G43: 2 | I43: 3 | J43: 4 | K43: 5 | L43: 6
A44: NO. | C44: TANGGAL | D44: KODE PELANGGAN | E44: NAMA PELANGGAN | F44: KODE PRODUK | G44: NAMA PRODUK | H44: QTY | I44: HARGA SATUAN | J44: TOTAL PENJUALAN | K44: DISKON | L44: PENJUALAN BERSIH
A45: Contoh | C45: 1-Nov | D45: BK-02 | E45: Toko Beni Kusuma | F45: B-10 | G45: Besi 10 Meter | H45: 350 | I45: 425000 | J45: 148750000 | K45: 0.1 | L45: 133875000 | N45: Kode Pelanggan
A47: 1 | C47: 1-Nov | D47: AB-01 | E47: =VLOOKUP(D47,$N$48:$O$50,2,FALSE) -> Toko Ahmad Budiman | F47: B-05 | G47: =HLOOKUP(F47,$N$53:$R$55,2,FALSE) -> Besi 5 Meter | H47: 240 | I47: =HLOOKUP(F47,$N$53:$R$55,3,FALSE) -> 250000 | J47: =H47*I47 -> 60000000 | K47: =IF(H47>500,20%,IF(H47>200,10%,0)) -> 0.1 | L47: =J47-(J47*K47) -> 54000000 | N47: KODE | O47: NAMA PELANGGAN
A48: 2 | C48: 1-Nov | D48: BK-02 | E48: =VLOOKUP(D48,$N$48:$O$50,2,FALSE) -> Toko Beni Kusuma | F48: B-10 | G48: =HLOOKUP(F48,$N$53:$R$55,2,FALSE) -> Besi 10 Meter | H48: 350 | I48: =HLOOKUP(F48,$N$53:$R$55,3,FALSE) -> 425000 | J48: =H48*I48 -> 148750000 | K48: =IF(H48>500,20%,IF(H48>200,10%,0)) -> 0.1 | L48: =J48-(J48*K48) -> 133875000 | N48: AB-01 | O48: Toko Ahmad Budiman
A49: 3 | C49: 1-Nov | D49: CJ-03 | E49: =VLOOKUP(D49,$N$48:$O$50,2,FALSE) -> Toko Chris John | F49: P-05 | G49: =HLOOKUP(F49,$N$53:$R$55,2,FALSE) -> Pipa 5 Meter | H49: 130 | I49: =HLOOKUP(F49,$N$53:$R$55,3,FALSE) -> 78000 | J49: =H49*I49 -> 10140000 | K49: =IF(H49>500,20%,IF(H49>200,10%,0)) -> 0 | L49: =J49-(J49*K49) -> 10140000 | N49: BK-02 | O49: Toko Beni Kusuma
A50: 4 | C50: 2-Nov | D50: CJ-03 | E50: =VLOOKUP(D50,$N$48:$O$50,2,FALSE) -> Toko Chris John | F50: P-10 | G50: =HLOOKUP(F50,$N$53:$R$55,2,FALSE) -> Pipa 10 Meter | H50: 560 | I50: =HLOOKUP(F50,$N$53:$R$55,3,FALSE) -> 140000 | J50: =H50*I50 -> 78400000 | K50: =IF(H50>500,20%,IF(H50>200,10%,0)) -> 0.2 | L50: =J50-(J50*K50) -> 62720000 | N50: CJ-03 | O50: Toko Chris John
A51: 5 | C51: 2-Nov | D51: BK-02 | E51: =VLOOKUP(D51,$N$48:$O$50,2,FALSE) -> Toko Beni Kusuma | F51: B-05 | G51: =HLOOKUP(F51,$N$53:$R$55,2,FALSE) -> Besi 5 Meter | H51: 780 | I51: =HLOOKUP(F51,$N$53:$R$55,3,FALSE) -> 250000 | J51: =H51*I51 -> 195000000 | K51: =IF(H51>500,20%,IF(H51>200,10%,0)) -> 0.2 | L51: =J51-(J51*K51) -> 156000000
A52: 6 | C52: 2-Nov | D52: AB-01 | E52: =VLOOKUP(D52,$N$48:$O$50,2,FALSE) -> Toko Ahmad Budiman | F52: B-10 | G52: =HLOOKUP(F52,$N$53:$R$55,2,FALSE) -> Besi 10 Meter | H52: 890 | I52: =HLOOKUP(F52,$N$53:$R$55,3,FALSE) -> 425000 | J52: =H52*I52 -> 378250000 | K52: =IF(H52>500,20%,IF(H52>200,10%,0)) -> 0.2 | L52: =J52-(J52*K52) -> 302600000 | N52: Kode Produk
A53: 7 | C53: 2-Nov | D53: BK-02 | E53: =VLOOKUP(D53,$N$48:$O$50,2,FALSE) -> Toko Beni Kusuma | F53: P-05 | G53: =HLOOKUP(F53,$N$53:$R$55,2,FALSE) -> Pipa 5 Meter | H53: 420 | I53: =HLOOKUP(F53,$N$53:$R$55,3,FALSE) -> 78000 | J53: =H53*I53 -> 32760000 | K53: =IF(H53>500,20%,IF(H53>200,10%,0)) -> 0.1 | L53: =J53-(J53*K53) -> 29484000 | N53: KODE | O53: B-05 | P53: B-10 | Q53: P-05 | R53: P-10
A54: 8 | C54: 2-Nov | D54: AB-01 | E54: =VLOOKUP(D54,$N$48:$O$50,2,FALSE) -> Toko Ahmad Budiman | F54: P-10 | G54: =HLOOKUP(F54,$N$53:$R$55,2,FALSE) -> Pipa 10 Meter | H54: 110 | I54: =HLOOKUP(F54,$N$53:$R$55,3,FALSE) -> 140000 | J54: =H54*I54 -> 15400000 | K54: =IF(H54>500,20%,IF(H54>200,10%,0)) -> 0 | L54: =J54-(J54*K54) -> 15400000 | N54: NAMA | O54: Besi 5 Meter | P54: Besi 10 Meter | Q54: Pipa 5 Meter | R54: Pipa 10 Meter
A55: 9 | C55: 2-Nov | D55: CJ-03 | E55: =VLOOKUP(D55,$N$48:$O$50,2,FALSE) -> Toko Chris John | F55: B-05 | G55: =HLOOKUP(F55,$N$53:$R$55,2,FALSE) -> Besi 5 Meter | H55: 720 | I55: =HLOOKUP(F55,$N$53:$R$55,3,FALSE) -> 250000 | J55: =H55*I55 -> 180000000 | K55: =IF(H55>500,20%,IF(H55>200,10%,0)) -> 0.2 | L55: =J55-(J55*K55) -> 144000000 | N55: HARGA SATUAN | O55: 250000 | P55: 425000 | Q55: 78000 | R55: 140000
A56: 10 | C56: 2-Nov | D56: BK-02 | E56: =VLOOKUP(D56,$N$48:$O$50,2,FALSE) -> Toko Beni Kusuma | F56: B-10 | G56: =HLOOKUP(F56,$N$53:$R$55,2,FALSE) -> Besi 10 Meter | H56: 120 | I56: =HLOOKUP(F56,$N$53:$R$55,3,FALSE) -> 425000 | J56: =H56*I56 -> 51000000 | K56: =IF(H56>500,20%,IF(H56>200,10%,0)) -> 0 | L56: =J56-(J56*K56) -> 51000000
A57: 11 | C57: 2-Nov | D57: AB-01 | E57: =VLOOKUP(D57,$N$48:$O$50,2,FALSE) -> Toko Ahmad Budiman | F57: P-05 | G57: =HLOOKUP(F57,$N$53:$R$55,2,FALSE) -> Pipa 5 Meter | H57: 120 | I57: =HLOOKUP(F57,$N$53:$R$55,3,FALSE) -> 78000 | J57: =H57*I57 -> 9360000 | K57: =IF(H57>500,20%,IF(H57>200,10%,0)) -> 0 | L57: =J57-(J57*K57) -> 9360000
A58: 12 | C58: 2-Nov | D58: AB-01 | E58: =VLOOKUP(D58,$N$48:$O$50,2,FALSE) -> Toko Ahmad Budiman | F58: P-10 | G58: =HLOOKUP(F58,$N$53:$R$55,2,FALSE) -> Pipa 10 Meter | H58: 550 | I58: =HLOOKUP(F58,$N$53:$R$55,3,FALSE) -> 140000 | J58: =H58*I58 -> 77000000 | K58: =IF(H58>500,20%,IF(H58>200,10%,0)) -> 0.2 | L58: =J58-(J58*K58) -> 61600000
A59: 13 | C59: 2-Nov | D59: BK-02 | E59: =VLOOKUP(D59,$N$48:$O$50,2,FALSE) -> Toko Beni Kusuma | F59: P-05 | G59: =HLOOKUP(F59,$N$53:$R$55,2,FALSE) -> Pipa 5 Meter | H59: 580 | I59: =HLOOKUP(F59,$N$53:$R$55,3,FALSE) -> 78000 | J59: =H59*I59 -> 45240000 | K59: =IF(H59>500,20%,IF(H59>200,10%,0)) -> 0.2 | L59: =J59-(J59*K59) -> 36192000
A60: 14 | C60: 3-Nov | D60: AB-01 | E60: =VLOOKUP(D60,$N$48:$O$50,2,FALSE) -> Toko Ahmad Budiman | F60: P-10 | G60: =HLOOKUP(F60,$N$53:$R$55,2,FALSE) -> Pipa 10 Meter | H60: 620 | I60: =HLOOKUP(F60,$N$53:$R$55,3,FALSE) -> 140000 | J60: =H60*I60 -> 86800000 | K60: =IF(H60>500,20%,IF(H60>200,10%,0)) -> 0.2 | L60: =J60-(J60*K60) -> 69440000
A61: 15 | C61: 3-Nov | D61: CJ-03 | E61: =VLOOKUP(D61,$N$48:$O$50,2,FALSE) -> Toko Chris John | F61: P-10 | G61: =HLOOKUP(F61,$N$53:$R$55,2,FALSE) -> Pipa 10 Meter | H61: 900 | I61: =HLOOKUP(F61,$N$53:$R$55,3,FALSE) -> 140000 | J61: =H61*I61 -> 126000000 | K61: =IF(H61>500,20%,IF(H61>200,10%,0)) -> 0.2 | L61: =J61-(J61*K61) -> 100800000
A62: Total QTY | H62: =SUM(H47:H61) -> 7090 | I62: Total Penjualan Bersih | L62: =SUM(L47:L61) -> 1236611000 | M62: 7
A63: Rata-rata QTY | H63: =AVERAGE(H47:H61) -> 472.66667 | I63: Rata-rata Penjualan Bersih | L63: =AVERAGE(L47:L61) -> 82440733 | M63: 8

Sheet About
I6: XL-TEST adalah platform inovatif yang menyediakan latihan Excel interaktif dengan pemeriksaan otomatis,
I7: sehingga pengguna dapat langsung mengetahui jawaban yang benar maupun salah.
I10: Terdapat 5 Level soal :
J12: Easy Level | L12: (⭐)
J13: Medium Level | L13: (⭐⭐)
J14: Hard Level | L14: (⭐⭐⭐)
J15: Extreme Level | L15: (⭐⭐⭐⭐)
J16: Championship Level | L16: (⭐⭐⭐⭐⭐)
B17: Saya adalah seorang Excel Holic yang percaya bahwa setiap angka memiliki cerita yang bisa ditemukan dengan cara yang tepat. | I17: Free Access
B18: “Excel bukan cuma soal kerjaan tapi juga hobi yang aku nikmati.” | I18: https://belajarexcel.id/xl-test/
B19: Contact :
B20: 🌐 Web | C20: https://setiadi.me
B21: 🪡threads | C21: https://www.threads.com/@andisetiadi
D27: Perlu Video Penjelasan atau Kunci Jawaban ?
D28: Scan barcode atau kunjungi
D29: https://lynk.id/setiadi/page/jawaban-xl-test

Sheet DF
A1: DEF | C1: 1 | D1: 2 | E1: 3 | F1: 4 | G1: 5 | H1: 6 | I1: 7 | J1: 8
A2: EC3 | C2: ='XL-Test '!E47 -> Toko Ahmad Budiman | D2: ='XL-Test '!G47 -> Besi 5 Meter | E2: ='XL-Test '!I47 -> 250000 | F2: ='XL-Test '!J47 -> 60000000 | G2: ='XL-Test '!K47 -> 0.1 | H2: ='XL-Test '!L47 -> 54000000 | I2: ='XL-Test '!L62 -> 1236611000 | J2: ='XL-Test '!H63 -> 472.66667 | L2: 1 | M2: =_xlfn.FORMULATEXT('XL-Test '!E47) -> =VLOOKUP(D47;$N$48:$O$50;2;FALSE)
C3: ='XL-Test '!E52 -> Toko Ahmad Budiman | D3: ='XL-Test '!G52 -> Besi 10 Meter | E3: ='XL-Test '!I52 -> 425000 | F3: ='XL-Test '!J52 -> 378250000 | G3: ='XL-Test '!K52 -> 0.2 | H3: ='XL-Test '!L52 -> 302600000 | I3: ='XL-Test '!H63 -> 472.66667 | J3: ='XL-Test '!L63 -> 82440733 | L3: 2 | M3: =_xlfn.FORMULATEXT('XL-Test '!G47) -> =HLOOKUP(F47;$N$53:$R$55;2;FALSE)
C4: ='XL-Test '!E56 -> Toko Beni Kusuma | D4: ='XL-Test '!G56 -> Besi 10 Meter | E4: ='XL-Test '!I56 -> 425000 | F4: ='XL-Test '!J56 -> 51000000 | G4: ='XL-Test '!K56 -> 0 | H4: ='XL-Test '!L56 -> 51000000 | L4: 3 | M4: =_xlfn.FORMULATEXT('XL-Test '!I47) -> =HLOOKUP(F47;$N$53:$R$55;3;FALSE)
C5: ='XL-Test '!E59 -> Toko Beni Kusuma | D5: ='XL-Test '!G59 -> Pipa 5 Meter | E5: ='XL-Test '!I59 -> 78000 | F5: ='XL-Test '!J59 -> 45240000 | G5: ='XL-Test '!K59 -> 0.2 | H5: ='XL-Test '!L59 -> 36192000 | L5: 4 | M5: =_xlfn.FORMULATEXT('XL-Test '!J47) -> =H47*I47
C6: ='XL-Test '!E61 -> Toko Chris John | D6: ='XL-Test '!G61 -> Pipa 10 Meter | E6: ='XL-Test '!I61 -> 140000 | F6: ='XL-Test '!J61 -> 126000000 | G6: ='XL-Test '!K61 -> 0.2 | H6: ='XL-Test '!L61 -> 100800000 | L6: 5 | M6: =_xlfn.FORMULATEXT('XL-Test '!K47) -> =IF(H47>500;20%;IF(H47>200;10%;0))
E7: =SUM('XL-Test '!I47:I61) -> 3037000 | F7: =SUM('XL-Test '!J47:J61) -> 1494100000 | G7: =SUM('XL-Test '!K47:K61) -> 1.9 | H7: =SUM('XL-Test '!L47:L61) -> 1236611000 | I7: ='XL-Test '!L62+'XL-Test '!H62 -> 1236618090 | J7: ='XL-Test '!L63*'XL-Test '!H63 -> 3.8966987e+10 | L7: 6 | M7: =_xlfn.FORMULATEXT('XL-Test '!L47) -> =J47-(J47*K47)
E8: =SUM(E2:E7) -> 4355000 | F8: =SUM(F2:F7) -> 2154590000 | G8: =SUM(G2:G7) -> 2.6 | H8: =SUM(H2:H7) -> 1781203000 | I8: =SUM(I2:I7) -> 2.4732296e+09 | J8: =SUM(J2:J7) -> 3.9049428e+10 | L8: 7 | M8: =_xlfn.FORMULATEXT('XL-Test '!L62) -> =SUM(L47:L61)
L9: 8 | M9: =_xlfn.FORMULATEXT('XL-Test '!L63) -> =AVERAGE(L47:L61)
B11: Random1 | C11: 939 | D11: 346 | E11: 691 | F11: 688 | G11: 647 | H11: 798 | I11: 213 | J11: 340
B12: Random2 | C12: 14A45 | D12: F36C | E12: CB4D | F12: DE3A | G12: 15D09 | H12: 10248 | I12: F97B | J12: 10045
B13: Kosong | C13: =IF(OR(C2="",C2=0),TRUE,FALSE) -> FALSE | D13: =IF(OR(D2="",D2=0),TRUE,FALSE) -> FALSE | E13: =IF(OR(E2="",E2=0),TRUE,FALSE) -> FALSE | F13: =IF(OR(F2="",F2=0),TRUE,FALSE) -> FALSE | G13: =IF(OR(G2="",G2=0),TRUE,FALSE) -> FALSE | H13: =IF(OR(H2="",H2=0),TRUE,FALSE) -> FALSE | I13: =IF(OR(I2="",I2=0),TRUE,FALSE) -> FALSE | J13: =IF(OR(J2="",J2=0),TRUE,FALSE) -> FALSE
B14: Value | C14: =CODE(MID(C2,6,1))+CODE(MID(C2,8,1))+CODE(MID(C2,13,1))+CODE(MID(C3,6,1))+CODE(MID(C3,8,1))+CODE(MID(C3,13,1))+CODE(MID(C4,6,1))+CODE(MID(C5,8,1))+CODE(MID(C6,12,1))+CODE(LEFT(C4))+CODE(RIGHT(C3))+CODE(RIGHT(C6)) -> 1136 | D14: =CODE(LEFT(D2))+CODE(LEFT(D3))+CODE(LEFT(D4))+CODE(LEFT(D5))+CODE(LEFT(D6))+CODE(MID(D2,6,1))++CODE(MID(D3,6,1))+CODE(MID(D4,6,1))+CODE(MID(D5,6,1)) -> 562 | E14: =E8/1000 -> 4355 | F14: =INT(F8/100000) -> 21545 | G14: =G8*1000 -> 2600 | H14: =INT(H8/100000) -> 17812 | I14: =INT(I8/100000) -> 24732 | J14: =INT(J8/100000) -> 390494
B15: Fvalue | C15: =DEC2HEX(IF(C13,C11,C14))&(C17+0) -> 4701 | D15: =DEC2HEX(IF(D13,D11,D14))&(D17+0) -> 2321 | E15: =DEC2HEX(IF(E13,E11,E14))&(E17+0) -> 11031 | F15: =DEC2HEX(IF(F13,F11,F14))&(F17+0) -> 54291 | G15: =DEC2HEX(IF(G13,G11,G14))&(G17+0) -> A271 | H15: =DEC2HEX(IF(H13,H11,H14))&(H17+0) -> 45941 | I15: =DEC2HEX(IF(I13,I11,I14))&(I17+0) -> 609C1 | J15: =DEC2HEX(IF(J13,J11,J14))&(J17+0) -> 5F55E1
B17: Cek | C17: =AND(ISNUMBER(FIND("=",M2)),ISNUMBER(FIND("(",M2))) -> TRUE | D17: =AND(ISNUMBER(FIND("=",M3)),ISNUMBER(FIND("(",M3))) -> TRUE | E17: =AND(ISNUMBER(FIND("=",M4)),ISNUMBER(FIND("(",M4))) -> TRUE | F17: =AND(ISNUMBER(FIND("=",M5)),ISNUMBER(FIND("=",M5))) -> TRUE | G17: =AND(ISNUMBER(FIND("=",M6)),ISNUMBER(FIND("(",M6))) -> TRUE | H17: =AND(ISNUMBER(FIND("=",M7))) -> TRUE | I17: =AND(ISNUMBER(FIND("=",M8)),ISNUMBER(FIND("(",M8))) -> TRUE | J17: =AND(ISNUMBER(FIND("=",M9)),ISNUMBER(FIND("(",M9))) -> TRUE
B19: Cek Formula | C19: =ISNUMBER(FIND("VLO",M2)) -> TRUE | D19: =ISNUMBER(FIND("HLO",M3)) -> TRUE | E19: =ISNUMBER(FIND("HLO",M4)) -> TRUE | F19: =OR(ISNUMBER(FIND("*",M5)),ISNUMBER(FIND("PROD",M5))) -> TRUE | G19: =ISNUMBER(FIND("IF",M6)) -> TRUE | H19: =ISNUMBER(FIND("*",M7)) -> TRUE | I19: =ISNUMBER(FIND("SUM",M8)) -> TRUE | J19: =ISNUMBER(FIND("ERA",M9)) -> TRUE
B21: TRUE | C21: =LEFT(C12,2) -> 14 | D21: =LEFT(D12,2) -> F3 | E21: =LEFT(E12,2) -> CB | F21: =LEFT(F12,2) -> DE | G21: =LEFT(G12,2) -> 15 | H21: =LEFT(H12,2) -> 10 | I21: =LEFT(I12,2) -> F9 | J21: =LEFT(J12,2) -> 10
B22: FALSE | C22: =RIGHT(C12,2) -> 45 | D22: =RIGHT(D12,2) -> 6C | E22: =RIGHT(E12,2) -> 4D | F22: =RIGHT(F12,2) -> 3A | G22: =RIGHT(G12,2) -> 09 | H22: =RIGHT(H12,2) -> 48 | I22: =RIGHT(I12,2) -> 7B | J22: =RIGHT(J12,2) -> 45
B24: Final | C24: =IF(C19,C21,C22) -> 14 | D24: =IF(D19,D21,D22) -> F3 | E24: =IF(E19,E21,E22) -> CB | F24: =IF(F19,F21,F22) -> DE | G24: =IF(G19,G21,G22) -> 15 | H24: =IF(H19,H21,H22) -> 10 | I24: =IF(I19,I21,I22) -> F9 | J24: =IF(J19,J21,J22) -> 10
B26: Final | C26: =C24&"-"&C15&";" -> 14-4701; | D26: =D24&"-"&D15&";" -> F3-2321; | E26: =E24&"-"&E15&";" -> CB-11031; | F26: =F24&"-"&F15&";" -> DE-54291; | G26: =G24&"-"&G15&";" -> 15-A271; | H26: =H24&"-"&H15&";" -> 10-45941; | I26: =I24&"-"&I15&";" -> F9-609C1; | J26: =J24&"-"&J15 -> 10-5F55E1
C28: =A2&"|"&C26&D26&E26&F26&G26&H26&I26&J26 -> EC3|14-4701;F3-2321;CB-11031;DE-54291;15-A271;10-45941;F9-609C1;10-5F55E1
