Workbook
Name darisini: DF!$C$19
Name kode_jawaban: DF!$C$23

Sheet Case
A17: KODE SOAL | C17: SBEX002 | E17: KODE JAWABAN | G17: =kode_jawaban -> XB1|26-1050;1E-A32;DE-723;19-828;6E-C3C;1E-61E
A19: Intruksi
B21: Extreme Level - Latihan Soal Excel COUNTIF Extreme
B23: Soal : | C23: Gunakan Fungsi Excel (COUNTIF) untuk menyelsaikan kasus dibawah ini | I23: Status Sekolah
B24: 1 | C24: Berapa Jumlah Anak Yang Memiliki Nama 3 kata atau lebih, gunakan 1 COUNTIF | I24: > Pindah | K24: ♂️ | L24: Laki-Laki
B25: 2 | C25: Berapa Jumlah Anak yang berasal dari Bandung dan Jakarta, Gunakan 1 COUNTIF | I25: < Masuk | K25: ♀️ | L25: Perempuan
B26: 3 | C26: Berapa Jumlah Anak yang rentang Usianya >3, gunakan 1 COUNTIF | I26: <> Tetap
B27: 4 | C27: Berapa Jumlah Anak Laki-laki ( ♂️ ), gunakan 1 COUNTIF
B28: 5 | C28: Berapa Jumlah Anak Perempuan ( ♀️ ), gunakan 1 COUNTIF
B29: 6 | C29: Berapa Nama Siswa yang Status Sekolah Pindah (>) , gunakan 1 COUNTIF
C32: Sudah selesai mengerjakan? kirim Kode Soal dan Kode Jawaban diatas ke alamat : https://belajarexcel.id/xl-test/jawaban untuk mengecek hasilnya
C33: atau klik tombol disamping
B40: No | C40: Nama | D40: Asal | E40: Rentang Usia | F40: Status Sekolah | H40: No Soal | I40: Area Jawaban | K40: Pertanyaan
B41: 1 | C41: Raka Putra Pratama Wijaya |♂️ | D41: Bandung | E41: 1-2 | F41: > | H41: #1 | I41: =COUNTIF(C41:C60,"* * * |*") -> 16 | K41: Berapa Jumlah Anak Yang Memiliki Nama 3 kata atau lebih, gunakan 1 COUNTIF
B42: 2 | C42: Ayu Lestari |♀️ | D42: Jakarta | E42: >3 | F42: < | H42: #2 | I42: {=SUM(COUNTIF(D41:D60,{"Bandung";"Jakarta"}))} -> 10 | K42: Berapa Jumlah Anak yang berasal dari Bandung dan Jakarta, Gunakan 1 COUNTIF
B43: 3 | C43: Galih Prasetya Kusuma |♂️ | D43: Surabaya | E43: >7 | F43: > | H43: #3 | I43: =COUNTIF(E41:E60,"=>3") -> 7 | K43: Berapa Jumlah Anak yang rentang Usianya >3, gunakan 1 COUNTIF
B44: 4 | C44: Naila Cahaya Bening |♀️ | D44: Bandung | E44: >3 | F44: < | H44: #4 | I44: =COUNTIF(C41:C60,"*♂️") -> 8 | K44: Berapa Jumlah Anak Laki-laki ( ♂️ ), gunakan 1 COUNTIF
B45: 5 | C45: Alya Zahra Aulia Putri |♀️ | D45: Tasikmalaya | E45: >7 | F45: < | H45: #5 | I45: =COUNTIF(C41:C60,"*♀️") -> 12 | K45: Berapa Jumlah Anak Perempuan ( ♀️ ), gunakan 1 COUNTIF
B46: 6 | C46: Dinda Cahaya Puspita Sari |♀️ | D46: Medan | E46: 1-2 | F46: < | H46: #6 | I46: =COUNTIF(F41:F60,"=>") -> 6 | K46: Berapa Nama Siswa yang Status Sekolah Pindah (>) , gunakan 1 COUNTIF
B47: 7 | C47: Rizky Aditya Ramadhan |♂️ | D47: Jakarta | E47: >7 | F47: >
B48: 8 | C48: Fajar Aditya Cahaya Bening |♂️ | D48: Bandung | E48: >3 | F48: <>
B49: 9 | C49: Zahra Maharani Dewi Lestari |♀️ | D49: Surabaya | E49: 8 | F49: <
B50: 10 | C50: Aruna Kirana Permata Dewi |♀️ | D50: Jakarta | E50: >3 | F50: <
B51: 11 | C51: Fajar Pratama |♂️ | D51: Bandung | E51: 9 | F51: >
B52: 12 | C52: Dinda Safira |♀️ | D52: Surabaya | E52: 1-2 | F52: <
B53: 13 | C53: Galih Wijaya Prasetya Kusuma |♂️ | D53: Medan | E53: >7 | F53: >
B54: 14 | C54: Nanda Maharani Anggraini Putri |♀️ | D54: Yogyakarta | E54: >3 | F54: <
B55: 15 | C55: Aruna Pertiwi Lestari |♀️ | D55: Bandung | E55: 10 | F55: <
B56: 16 | C56: Rizky Aditya Ramadhan Pratama |♂️ | D56: Tasikmalaya | E56: 1-2 | F56: <>
B57: 17 | C57: Laila Safira Anggraini Putri |♀️ | D57: Jakarta | E57: 9 | F57: <
B58: 18 | C58: Zahra Aulia |♀️ | D58: Bandung | E58: >3 | F58: <
B59: 19 | C59: Dita Maharani Puspita |♀️ | D59: Medan | E59: >30 | F59: <
B60: 20 | C60: Laila Safira Dewi |♂️ | D60: Yogyakarta | E60: >3 | F60: >
A64: Dilarang mengubah Table atau Menambah Table Baru atau Menambah Kolom Bantuan !!, Gunakan Table seperti yang sudah di sediakan soal.

Sheet About
I6: XL-TEST adalah platform inovatif yang menyediakan latihan Excel interaktif dengan pemeriksaan otomatis,
I7: sehingga pengguna dapat langsung mengetahui jawaban yang benar maupun salah.
I10: Terdapat 5 Level soal :
J12: Easy Level | L12: (⭐)
J13: Medium Level | L13: (⭐⭐)
J14: Hard Level | L14: (⭐⭐⭐)
J15: Extreme Level | L15: (⭐⭐⭐⭐)
J16: Championship Level | L16: (⭐⭐⭐⭐⭐)
B17: Saya adalah seorang Excel Holic yang percaya bahwa setiap angka memiliki cerita yang bisa ditemukan dengan cara yang tepat. | I17: Free Access
B18: “Excel bukan cuma soal kerjaan tapi juga hobi yang aku nikmati.” | I18: https://belajarexcel.id/xl-test/
B19: Contact :
B20: 🌐 Web | C20: https://setiadi.me
B21: 🪡threads | C21: https://www.threads.com/@andisetiadi
D27: Perlu Video Penjelasan atau Kunci Jawaban ?
D28: Scan barcode atau kunjungi
D29: https://lynk.id/setiadi/page/jawaban-xl-test

Sheet DF
A1: Def | E1: Rand | F1: V1 | G1: Kosong | H1: Manual | I1: COUNTIF | J1: Cek Table | L1: Formula | M1: Cek Fungsi
A2: XB1 | B2: 1 | C2: =Case!I41 -> 16 | E2: 9762 | F2: =C2*261 -> 4176 | G2: =NOT(OR(C2="",C2=0)) -> TRUE | H2: =AND(ISNUMBER(FIND("=",O2)),ISNUMBER(FIND("(",O2))) -> TRUE | I2: =IFERROR(LEN(O2)-LEN(SUBSTITUTE(O2,"COUNTIF",""))=7,FALSE) -> TRUE | J2: =AND(ISNUMBER(FIND(":C",O2))) -> TRUE | L2: =AND(ISNUMBER(FIND("COUNTIF",O2)),ISNUMBER(FIND("*",O2))) -> TRUE | M2: =IFERROR(LEN(O2)-LEN(SUBSTITUTE(O2,"(",""))<=1,FALSE) -> TRUE | N2: 1 | O2: =_xlfn.FORMULATEXT(Case!I41) -> =COUNTIF(C41:C60;"* * * |*")
B3: 2 | C3: =Case!I42 -> 10 | E3: 7842 | F3: =C3*261 -> 2610 | G3: =NOT(OR(C3="",C3=0)) -> TRUE | H3: =AND(ISNUMBER(FIND("=",O3)),ISNUMBER(FIND("(",O3))) -> TRUE | I3: =IFERROR(LEN(O3)-LEN(SUBSTITUTE(O3,"COUNTIF",""))=7,FALSE) -> TRUE | J3: =AND(ISNUMBER(FIND(":D",O3))) -> TRUE | L3: =AND(ISNUMBER(FIND("COUNTIF",O3)),ISNUMBER(FIND("{",O3))) -> TRUE | M3: =IFERROR(LEN(O3)-LEN(SUBSTITUTE(O3,"(",""))<=2,FALSE) -> TRUE | N3: 2 | O3: =_xlfn.FORMULATEXT(Case!I42) -> =SUM(COUNTIF(D41:D60;{"Bandung";"Jakarta"}))
B4: 3 | C4: =Case!I43 -> 7 | E4: 3540 | F4: =C4*261 -> 1827 | G4: =NOT(OR(C4="",C4=0)) -> TRUE | H4: =AND(ISNUMBER(FIND("=",O4)),ISNUMBER(FIND("(",O4))) -> TRUE | I4: =IFERROR(LEN(O4)-LEN(SUBSTITUTE(O4,"COUNTIF",""))=7,FALSE) -> TRUE | J4: =AND(ISNUMBER(FIND(":E",O4))) -> TRUE | L4: =AND(ISNUMBER(FIND("COUNTIF",O4)),ISNUMBER(FIND("=",O4))) -> TRUE | M4: =IFERROR(LEN(O4)-LEN(SUBSTITUTE(O4,"(",""))<=1,FALSE) -> TRUE | N4: 3 | O4: =_xlfn.FORMULATEXT(Case!I43) -> =COUNTIF(E41:E60;"=>3")
B5: 4 | C5: =Case!I44 -> 8 | E5: 6434 | F5: =C5*261 -> 2088 | G5: =NOT(OR(C5="",C5=0)) -> TRUE | H5: =AND(ISNUMBER(FIND("=",O5)),ISNUMBER(FIND("(",O5))) -> TRUE | I5: =IFERROR(LEN(O5)-LEN(SUBSTITUTE(O5,"COUNTIF",""))=7,FALSE) -> TRUE | J5: =AND(ISNUMBER(FIND(":C",O5))) -> TRUE | L5: =AND(ISNUMBER(FIND("COUNTIF",O5)),ISNUMBER(FIND("*",O5))) -> TRUE | M5: =IFERROR(LEN(O5)-LEN(SUBSTITUTE(O5,"(",""))<=1,FALSE) -> TRUE | N5: 4 | O5: =_xlfn.FORMULATEXT(Case!I44) -> =COUNTIF(C41:C60;"*♂️")
B6: 5 | C6: =Case!I45 -> 12 | E6: 1752 | F6: =C6*261 -> 3132 | G6: =NOT(OR(C6="",C6=0)) -> TRUE | H6: =AND(ISNUMBER(FIND("=",O6)),ISNUMBER(FIND("(",O6))) -> TRUE | I6: =IFERROR(LEN(O6)-LEN(SUBSTITUTE(O6,"COUNTIF",""))=7,FALSE) -> TRUE | J6: =AND(ISNUMBER(FIND(":C",O6))) -> TRUE | L6: =AND(ISNUMBER(FIND("COUNTIF",O6)),ISNUMBER(FIND("*",O6))) -> TRUE | M6: =IFERROR(LEN(O6)-LEN(SUBSTITUTE(O6,"(",""))<=1,FALSE) -> TRUE | N6: 5 | O6: =_xlfn.FORMULATEXT(Case!I45) -> =COUNTIF(C41:C60;"*♀️")
B7: 6 | C7: =Case!I46 -> 6 | E7: 7907 | F7: =C7*261 -> 1566 | G7: =NOT(OR(C7="",C7=0)) -> TRUE | H7: =AND(ISNUMBER(FIND("=",O7)),ISNUMBER(FIND("(",O7))) -> TRUE | I7: =IFERROR(LEN(O7)-LEN(SUBSTITUTE(O7,"COUNTIF",""))=7,FALSE) -> TRUE | J7: =AND(ISNUMBER(FIND(":F",O7))) -> TRUE | L7: =AND(ISNUMBER(FIND("COUNTIF",O7)),ISNUMBER(FIND("=",O7))) -> TRUE | M7: =IFERROR(LEN(O7)-LEN(SUBSTITUTE(O7,"(",""))<=1,FALSE) -> TRUE | N7: 6 | O7: =_xlfn.FORMULATEXT(Case!I46) -> =COUNTIF(F41:F60;"=>")
D10: TRUE | E10: FALSE | F10: FALSE | G10: TRUE | H10: Manual
B11: 1 | D11: =LEFT(DEC2HEX(E2+ROW()),2) -> 26 | E11: =RIGHT(DEC2HEX(E2+ROW()),2) -> 2D | F11: =IFERROR(DEC2HEX(E2),"EEE") -> 2622 | G11: =IFERROR(DEC2HEX(F2),"EEE") -> 1050 | H11: =AND(G2:J2) -> TRUE | I11: =IF(H11,G11,F11) -> 1050 | J11: =IF(AND(L2,M2),D11,E11) -> 26 | K11: =J11&"-"&I11&";" -> 26-1050;
B12: 2 | D12: =LEFT(DEC2HEX(E3+ROW()),2) -> 1E | E12: =RIGHT(DEC2HEX(E3+ROW()),2) -> AE | F12: =IFERROR(DEC2HEX(E3),"EEE") -> 1EA2 | G12: =IFERROR(DEC2HEX(F3),"EEE") -> A32 | H12: =AND(G3:J3) -> TRUE | I12: =IF(H12,G12,F12) -> A32 | J12: =IF(AND(L3,M3),D12,E12) -> 1E | K12: =J12&"-"&I12&";" -> 1E-A32;
B13: 3 | D13: =LEFT(DEC2HEX(E4+ROW()),2) -> DE | E13: =RIGHT(DEC2HEX(E4+ROW()),2) -> E1 | F13: =IFERROR(DEC2HEX(E4),"EEE") -> DD4 | G13: =IFERROR(DEC2HEX(F4),"EEE") -> 723 | H13: =AND(G4:J4) -> TRUE | I13: =IF(H13,G13,F13) -> 723 | J13: =IF(AND(L4,M4),D13,E13) -> DE | K13: =J13&"-"&I13&";" -> DE-723;
B14: 4 | D14: =LEFT(DEC2HEX(E5+ROW()),2) -> 19 | E14: =RIGHT(DEC2HEX(E5+ROW()),2) -> 30 | F14: =IFERROR(DEC2HEX(E5),"EEE") -> 1922 | G14: =IFERROR(DEC2HEX(F5),"EEE") -> 828 | H14: =AND(G5:J5) -> TRUE | I14: =IF(H14,G14,F14) -> 828 | J14: =IF(AND(L5,M5),D14,E14) -> 19 | K14: =J14&"-"&I14&";" -> 19-828;
B15: 5 | D15: =LEFT(DEC2HEX(E6+ROW()),2) -> 6E | E15: =RIGHT(DEC2HEX(E6+ROW()),2) -> E7 | F15: =IFERROR(DEC2HEX(E6),"EEE") -> 6D8 | G15: =IFERROR(DEC2HEX(F6),"EEE") -> C3C | H15: =AND(G6:J6) -> TRUE | I15: =IF(H15,G15,F15) -> C3C | J15: =IF(AND(L6,M6),D15,E15) -> 6E | K15: =J15&"-"&I15&";" -> 6E-C3C;
B16: 6 | D16: =LEFT(DEC2HEX(E7+ROW()),2) -> 1E | E16: =RIGHT(DEC2HEX(E7+ROW()),2) -> F3 | F16: =IFERROR(DEC2HEX(E7),"EEE") -> 1EE3 | G16: =IFERROR(DEC2HEX(F7),"EEE") -> 61E | H16: =AND(G7:J7) -> TRUE | I16: =IF(H16,G16,F16) -> 61E | J16: =IF(AND(L7,M7),D16,E16) -> 1E | K16: =J16&"-"&I16 -> 1E-61E
C19: =A2&"|"&K11&K12&K13&K14&K15&K16 -> XB1|26-1050;1E-A32;DE-723;19-828;6E-C3C;1E-61E
C21: dari | D21: sini
C23: {=INDIRECT(C21&D21)} -> XB1|26-1050;1E-A32;DE-723;19-828;6E-C3C;1E-61E
