Workbook
Name kode_jawaban: DF!$C$66
Name XGHJ: DF!$C$63

Sheet XL-Test
A17: KODE SOAL | C17: SBEX007 | E17: KODE JAWABAN | G17: =kode_jawaban -> XG2|25-748;21-C6178;1E-F4727;A8-68C;24-723;21-155CC;7F-157C;14-178F4
A19: Intruksi
B21: Extreme Level - Latihan Soal Data Karyawa dan Slip Gaji (Anagram)
H22: Contoh
B23: Soal : | C23: Gunakan Fungsi Excel (Function) untuk menyelsaikan kasus dibawah ini | H23: Normal | I23: Text Normal dari Nama farhan Akbar
B24: 1 | C24: Isi kolom Asal berdasarkan Anagram Nama karyawan dari table Data Pegawai | H24: Farhan Akbar
B25: 2 | C25: Isi kolom Tanggal Lahir berdasarkan Anagram Nama karyawan dari table Data Pegawai
B26: 3 | C26: Isi kolom Tanggal Join berdasarkan Anagram dari Nama karyawan dari table Data Pegawai | H26: Anagram | I26: Anagram adalah permainan kata dengan cara mengacak urutan huruf, tanpa menambah atau mengurangi huruf apa pun.
B27: 4 | C27: Isi kolom Jabatan berdasarkan Anagram dari Nama karyawan, Jabatan adalah sebuah anagram Caesar Cipher | H27: aaFhbArra kn
C28: dimana A menjadi B, B menjadi C dan seterusnya dengan menggeser 1 hurup
B29: 5 | C29: Isi kolom Kode jabatan berdasarkan Jabatan dari Table Gaji | H29: Caesar Cipher | I29: Caesar Cipher menggeeser 1 hurup dari hurup awal, misalnya A menjadi B, B menjdi C dan seterusnya sesuai dengan urutan Kode ANSI
B30: 6 | C30: Isi Gaji Pokok Berdasarkan Jabatan dari Table Gaji, Ubah ke nilai number jika Gaji masih berupa text Exponen | H30: bbGicBssb!lo
B31: 7 | C31: Isi Bonus Berdasarkan Jabatan dari table gaji, Ubah ke nilai number jika Bonus masih berupa text Exponen
B32: 8 | C32: isi kolom Total Gaji dari Gaji Pokok ditambah Bonus | H32: Exponen
H33: G2E5 | I33: G Merupakan Kode Gaji dan 2E5 adalah Exponen
C34: Gunakan table (data pegawai) yang disediakan! | H34: B2E5 | I34: B Merupakan Kode Bonus dan 2E5 adalah Exponen
C36: Sudah selesai mengerjakan? kirim Kode Soal dan Kode Jawaban diatas ke alamat : https://belajarexcel.id/xl-test/jawaban untuk mengecek hasilnya
C37: atau klik tombol disamping
D43: 1 | E43: 2 | F43: 3 | G43: 4 | H43: 5 | I43: 6 | J43: 7 | K43: 8
B44: No | C44: Nama Karyawan | D44: Asal | E44: Tanggal Lahir | F44: Tanggal Join | G44: Kode Jabatan | H44: Jabatan | I44: Gaji Pokok | J44: Bonus | K44: Total Gaji
B45: Contoh | C45: aaFhbArra kn | D45: Denpasar | E45: 31554 | F45: 44528 | G45: SPV | H45: Supervisor | I45: 5000000 | J45: 150000 | K45: 5150000
B47: 1 | C47: imuaPri etlA | D47: {=_xlfn.LET( _xlpm._src,SUBSTITUTE(C47," ",""), _xlpm._key,_xlfn.TEXTJOIN("",TRUE,_xlfn._xlws.SORT(MID(LOWER(_xlpm._src),_xlfn.SEQUENCE(LEN(_xlpm._src)),1))), _xlpm._names,'Data Pegawai'!$A$4:$A$53, _xlpm._keys,_xlfn.BYROW(_xlpm._names,_xlfn.LAMBDA(_xlpm.r,_xlfn.LET(_xlpm._s,SUBSTITUTE(_xlpm.r," ",""),_xlfn.TEXTJOIN("",TRUE,_xlfn._xlws.SORT(MID(LOWER(_xlpm._s),_xlfn.SEQUENCE(LEN(_xlpm._s)),1)))))), _xlfn.XLOOKUP(_xlpm._key,_xlpm._keys,'Data Pegawai'!$B$4:$B$53) )} -> Semarang | E47: {=_xlfn.LET( _xlpm._src,SUBSTITUTE(C47," ",""), _xlpm._key,_xlfn.TEXTJOIN("",TRUE,_xlfn._xlws.SORT(MID(LOWER(_xlpm._src),_xlfn.SEQUENCE(LEN(_xlpm._src)),1))), _xlpm._names,'Data Pegawai'!$A$4:$A$53, _xlpm._keys,_xlfn.BYROW(_xlpm._names,_xlfn.LAMBDA(_xlpm.r,_xlfn.LET(_xlpm._s,SUBSTITUTE(_xlpm.r," ",""),_xlfn.TEXTJOIN("",TRUE,_xlfn._xlws.SORT(MID(LOWER(_xlpm._s),_xlfn.SEQUENCE(LEN(_xlpm._s)),1)))))), _xlfn.XLOOKUP(_xlpm._key,_xlpm._keys,'Data Pegawai'!$C$4:$C$53) )} -> 38606 | F47: {=_xlfn.LET( _xlpm._src,SUBSTITUTE(C47," ",""), _xlpm._key,_xlfn.TEXTJOIN("",TRUE,_xlfn._xlws.SORT(MID(LOWER(_xlpm._src),_xlfn.SEQUENCE(LEN(_xlpm._src)),1))), _xlpm._names,'Data Pegawai'!$A$4:$A$53, _xlpm._keys,_xlfn.BYROW(_xlpm._names,_xlfn.LAMBDA(_xlpm.r,_xlfn.LET(_xlpm._s,SUBSTITUTE(_xlpm.r," ",""),_xlfn.TEXTJOIN("",TRUE,_xlfn._xlws.SORT(MID(LOWER(_xlpm._s),_xlfn.SEQUENCE(LEN(_xlpm._s)),1)))))), _xlfn.XLOOKUP(_xlpm._key,_xlpm._keys,'Data Pegawai'!$D$4:$D$53) )} -> 44871 | G47: {=_xlfn.LET( _xlpm._src,SUBSTITUTE(C47," ",""), _xlpm._key,_xlfn.TEXTJOIN("",TRUE,_xlfn._xlws.SORT(MID(LOWER(_xlpm._src),_xlfn.SEQUENCE(LEN(_xlpm._src)),1))), _xlpm._names,'Data Pegawai'!$A$4:$A$53, _xlpm._keys,_xlfn.BYROW(_xlpm._names,_xlfn.LAMBDA(_xlpm.r,_xlfn.LET(_xlpm._s,SUBSTITUTE(_xlpm.r," ",""),_xlfn.TEXTJOIN("",TRUE,_xlfn._xlws.SORT(MID(LOWER(_xlpm._s),_xlfn.SEQUENCE(LEN(_xlpm._s)),1)))))), _xlpm._cipher,_xlfn.XLOOKUP(_xlpm._key,_xlpm._keys,'Data Pegawai'!$E$4:$E$53), _xlpm._chars,MID(_xlpm._cipher,_xlfn.SEQUENCE(LEN(_xlpm._cipher)),1), _xlpm._decoded,_xlfn.TEXTJOIN("",TRUE,_xlfn.MAP(_xlpm._chars,_xlfn.LAMBDA(_xlpm.c,IF(CODE(_xlpm.c)=33," ",IF(CODE(_xlpm.c)=65,CHAR(90),IF(CODE(_xlpm.c)=97,CHAR(122),IF(OR(AND(CODE(_xlpm.c)>65,CODE(_xlpm.c)<=90),AND(CODE(_xlpm.c)>97,CODE(_xlpm.c)<=122)),CHAR(CODE(_xlpm.c)-1),_xlpm.c))))))), _xlpm._deckey,_xlfn.LET(_xlpm._d,SUBSTITUTE(_xlpm._decoded," ",""),_xlfn.TEXTJOIN("",TRUE,_xlfn._xlws.SORT(MID(LOWER(_xlpm._d),_xlfn.SEQUENCE(LEN(_xlpm._d)),1)))), _xlpm._jabatan,'Data Pegawai'!$J$4:$J$8, _xlpm._jabkeys,_xlfn.BYROW(_xlpm._jabatan,_xlfn.LAMBDA(_xlpm.j,_xlfn.LET(_xlpm._s,SUBSTITUTE(_xlpm.j," ",""),_xlfn.TEXTJOIN("",TRUE,_xlfn._xlws.SORT(MID(LOWER(_xlpm._s),_xlfn.SEQUENCE(LEN(_xlpm._s)),1)))))), _xlfn.XLOOKUP(_xlpm._deckey,_xlpm._jabkeys,'Data Pegawai'!$I$4:$I$8) )} -> ADM | H47: {=_xlfn.LET( _xlpm._src,SUBSTITUTE(C47," ",""), _xlpm._key,_xlfn.TEXTJOIN("",TRUE,_xlfn._xlws.SORT(MID(LOWER(_xlpm._src),_xlfn.SEQUENCE(LEN(_xlpm._src)),1))), _xlpm._names,'Data Pegawai'!$A$4:$A$53, _xlpm._keys,_xlfn.BYROW(_xlpm._names,_xlfn.LAMBDA(_xlpm.r,_xlfn.LET(_xlpm._s,SUBSTITUTE(_xlpm.r," ",""),_xlfn.TEXTJOIN("",TRUE,_xlfn._xlws.SORT(MID(LOWER(_xlpm._s),_xlfn.SEQUENCE(LEN(_xlpm._s)),1)))))), _xlpm._cipher,_xlfn.XLOOKUP(_xlpm._key,_xlpm._keys,'Data Pegawai'!$E$4:$E$53), _xlpm._chars,MID(_xlpm._cipher,_xlfn.SEQUENCE(LEN(_xlpm._cipher)),1), _xlpm._decoded,_xlfn.TEXTJOIN("",TRUE,_xlfn.MAP(_xlpm._chars,_xlfn.LAMBDA(_xlpm.c,IF(CODE(_xlpm.c)=33," ",IF(CODE(_xlpm.c)=65,CHAR(90),IF(CODE(_xlpm.c)=97,CHAR(122),IF(OR(AND(CODE(_xlpm.c)>65,CODE(_xlpm.c)<=90),AND(CODE(_xlpm.c)>97,CODE(_xlpm.c)<=122)),CHAR(CODE(_xlpm.c)-1),_xlpm.c))))))), _xlpm._deckey,_xlfn.LET(_xlpm._d,SUBSTITUTE(_xlpm._decoded," ",""),_xlfn.TEXTJOIN("",TRUE,_xlfn._xlws.SORT(MID(LOWER(_xlpm._d),_xlfn.SEQUENCE(LEN(_xlpm._d)),1)))), _xlpm._jabatan,'Data Pegawai'!$J$4:$J$8, _xlpm._jabkeys,_xlfn.BYROW(_xlpm._jabatan,_xlfn.LAMBDA(_xlpm.j,_xlfn.LET(_xlpm._s,SUBSTITUTE(_xlpm.j," ",""),_xlfn.TEXTJOIN("",TRUE,_xlfn._xlws.SORT(MID(LOWER(_xlpm._s),_xlfn.SEQUENCE(LEN(_xlpm._s)),1)))))), _xlfn.XLOOKUP(_xlpm._deckey,_xlpm._jabkeys,_xlpm._jabatan) )} -> Admin | I47: {=_xlfn.LET( _xlpm._raw,VLOOKUP(H47,'Data Pegawai'!$J$4:$L$8,2,0), _xlpm._e,FIND("E",_xlpm._raw), VALUE(MID(_xlpm._raw,2,_xlpm._e-2))*10^VALUE(RIGHT(_xlpm._raw,LEN(_xlpm._raw)-_xlpm._e)) )} -> 2500000 | J47: {=_xlfn.LET( _xlpm._raw,VLOOKUP(H47,'Data Pegawai'!$J$4:$L$8,3,0), _xlpm._e,FIND("E",_xlpm._raw), VALUE(MID(_xlpm._raw,2,_xlpm._e-2))*10^VALUE(RIGHT(_xlpm._raw,LEN(_xlpm._raw)-_xlpm._e)) )} -> 50000 | K47: =SUM(I47:J47) -> 2550000
B48: 2 | C48: si roAanQni | D48: {=_xlfn.LET( _xlpm._src,SUBSTITUTE(C48," ",""), _xlpm._key,_xlfn.TEXTJOIN("",TRUE,_xlfn._xlws.SORT(MID(LOWER(_xlpm._src),_xlfn.SEQUENCE(LEN(_xlpm._src)),1))), _xlpm._names,'Data Pegawai'!$A$4:$A$53, _xlpm._keys,_xlfn.BYROW(_xlpm._names,_xlfn.LAMBDA(_xlpm.r,_xlfn.LET(_xlpm._s,SUBSTITUTE(_xlpm.r," ",""),_xlfn.TEXTJOIN("",TRUE,_xlfn._xlws.SORT(MID(LOWER(_xlpm._s),_xlfn.SEQUENCE(LEN(_xlpm._s)),1)))))), _xlfn.XLOOKUP(_xlpm._key,_xlpm._keys,'Data Pegawai'!$B$4:$B$53) )} -> Palembang | E48: {=_xlfn.LET( _xlpm._src,SUBSTITUTE(C48," ",""), _xlpm._key,_xlfn.TEXTJOIN("",TRUE,_xlfn._xlws.SORT(MID(LOWER(_xlpm._src),_xlfn.SEQUENCE(LEN(_xlpm._src)),1))), _xlpm._names,'Data Pegawai'!$A$4:$A$53, _xlpm._keys,_xlfn.BYROW(_xlpm._names,_xlfn.LAMBDA(_xlpm.r,_xlfn.LET(_xlpm._s,SUBSTITUTE(_xlpm.r," ",""),_xlfn.TEXTJOIN("",TRUE,_xlfn._xlws.SORT(MID(LOWER(_xlpm._s),_xlfn.SEQUENCE(LEN(_xlpm._s)),1)))))), _xlfn.XLOOKUP(_xlpm._key,_xlpm._keys,'Data Pegawai'!$C$4:$C$53) )} -> 33862 | F48: {=_xlfn.LET( _xlpm._src,SUBSTITUTE(C48," ",""), _xlpm._key,_xlfn.TEXTJOIN("",TRUE,_xlfn._xlws.SORT(MID(LOWER(_xlpm._src),_xlfn.SEQUENCE(LEN(_xlpm._src)),1))), _xlpm._names,'Data Pegawai'!$A$4:$A$53, _xlpm._keys,_xlfn.BYROW(_xlpm._names,_xlfn.LAMBDA(_xlpm.r,_xlfn.LET(_xlpm._s,SUBSTITUTE(_xlpm.r," ",""),_xlfn.TEXTJOIN("",TRUE,_xlfn._xlws.SORT(MID(LOWER(_xlpm._s),_xlfn.SEQUENCE(LEN(_xlpm._s)),1)))))), _xlfn.XLOOKUP(_xlpm._key,_xlpm._keys,'Data Pegawai'!$D$4:$D$53) )} -> 42777 | G48: {=_xlfn.LET( _xlpm._src,SUBSTITUTE(C48," ",""), _xlpm._key,_xlfn.TEXTJOIN("",TRUE,_xlfn._xlws.SORT(MID(LOWER(_xlpm._src),_xlfn.SEQUENCE(LEN(_xlpm._src)),1))), _xlpm._names,'Data Pegawai'!$A$4:$A$53, _xlpm._keys,_xlfn.BYROW(_xlpm._names,_xlfn.LAMBDA(_xlpm.r,_xlfn.LET(_xlpm._s,SUBSTITUTE(_xlpm.r," ",""),_xlfn.TEXTJOIN("",TRUE,_xlfn._xlws.SORT(MID(LOWER(_xlpm._s),_xlfn.SEQUENCE(LEN(_xlpm._s)),1)))))), _xlpm._cipher,_xlfn.XLOOKUP(_xlpm._key,_xlpm._keys,'Data Pegawai'!$E$4:$E$53), _xlpm._chars,MID(_xlpm._cipher,_xlfn.SEQUENCE(LEN(_xlpm._cipher)),1), _xlpm._decoded,_xlfn.TEXTJOIN("",TRUE,_xlfn.MAP(_xlpm._chars,_xlfn.LAMBDA(_xlpm.c,IF(CODE(_xlpm.c)=33," ",IF(CODE(_xlpm.c)=65,CHAR(90),IF(CODE(_xlpm.c)=97,CHAR(122),IF(OR(AND(CODE(_xlpm.c)>65,CODE(_xlpm.c)<=90),AND(CODE(_xlpm.c)>97,CODE(_xlpm.c)<=122)),CHAR(CODE(_xlpm.c)-1),_xlpm.c))))))), _xlpm._deckey,_xlfn.LET(_xlpm._d,SUBSTITUTE(_xlpm._decoded," ",""),_xlfn.TEXTJOIN("",TRUE,_xlfn._xlws.SORT(MID(LOWER(_xlpm._d),_xlfn.SEQUENCE(LEN(_xlpm._d)),1)))), _xlpm._jabatan,'Data Pegawai'!$J$4:$J$8, _xlpm._jabkeys,_xlfn.BYROW(_xlpm._jabatan,_xlfn.LAMBDA(_xlpm.j,_xlfn.LET(_xlpm._s,SUBSTITUTE(_xlpm.j," ",""),_xlfn.TEXTJOIN("",TRUE,_xlfn._xlws.SORT(MID(LOWER(_xlpm._s),_xlfn.SEQUENCE(LEN(_xlpm._s)),1)))))), _xlfn.XLOOKUP(_xlpm._deckey,_xlpm._jabkeys,'Data Pegawai'!$I$4:$I$8) )} -> MKT | H48: {=_xlfn.LET( _xlpm._src,SUBSTITUTE(C48," ",""), _xlpm._key,_xlfn.TEXTJOIN("",TRUE,_xlfn._xlws.SORT(MID(LOWER(_xlpm._src),_xlfn.SEQUENCE(LEN(_xlpm._src)),1))), _xlpm._names,'Data Pegawai'!$A$4:$A$53, _xlpm._keys,_xlfn.BYROW(_xlpm._names,_xlfn.LAMBDA(_xlpm.r,_xlfn.LET(_xlpm._s,SUBSTITUTE(_xlpm.r," ",""),_xlfn.TEXTJOIN("",TRUE,_xlfn._xlws.SORT(MID(LOWER(_xlpm._s),_xlfn.SEQUENCE(LEN(_xlpm._s)),1)))))), _xlpm._cipher,_xlfn.XLOOKUP(_xlpm._key,_xlpm._keys,'Data Pegawai'!$E$4:$E$53), _xlpm._chars,MID(_xlpm._cipher,_xlfn.SEQUENCE(LEN(_xlpm._cipher)),1), _xlpm._decoded,_xlfn.TEXTJOIN("",TRUE,_xlfn.MAP(_xlpm._chars,_xlfn.LAMBDA(_xlpm.c,IF(CODE(_xlpm.c)=33," ",IF(CODE(_xlpm.c)=65,CHAR(90),IF(CODE(_xlpm.c)=97,CHAR(122),IF(OR(AND(CODE(_xlpm.c)>65,CODE(_xlpm.c)<=90),AND(CODE(_xlpm.c)>97,CODE(_xlpm.c)<=122)),CHAR(CODE(_xlpm.c)-1),_xlpm.c))))))), _xlpm._deckey,_xlfn.LET(_xlpm._d,SUBSTITUTE(_xlpm._decoded," ",""),_xlfn.TEXTJOIN("",TRUE,_xlfn._xlws.SORT(MID(LOWER(_xlpm._d),_xlfn.SEQUENCE(LEN(_xlpm._d)),1)))), _xlpm._jabatan,'Data Pegawai'!$J$4:$J$8, _xlpm._jabkeys,_xlfn.BYROW(_xlpm._jabatan,_xlfn.LAMBDA(_xlpm.j,_xlfn.LET(_xlpm._s,SUBSTITUTE(_xlpm.j," ",""),_xlfn.TEXTJOIN("",TRUE,_xlfn._xlws.SORT(MID(LOWER(_xlpm._s),_xlfn.SEQUENCE(LEN(_xlpm._s)),1)))))), _xlfn.XLOOKUP(_xlpm._deckey,_xlpm._jabkeys,_xlpm._jabatan) )} -> Marketing | I48: {=_xlfn.LET( _xlpm._raw,VLOOKUP(H48,'Data Pegawai'!$J$4:$L$8,2,0), _xlpm._e,FIND("E",_xlpm._raw), VALUE(MID(_xlpm._raw,2,_xlpm._e-2))*10^VALUE(RIGHT(_xlpm._raw,LEN(_xlpm._raw)-_xlpm._e)) )} -> 4500000 | J48: {=_xlfn.LET( _xlpm._raw,VLOOKUP(H48,'Data Pegawai'!$J$4:$L$8,3,0), _xlpm._e,FIND("E",_xlpm._raw), VALUE(MID(_xlpm._raw,2,_xlpm._e-2))*10^VALUE(RIGHT(_xlpm._raw,LEN(_xlpm._raw)-_xlpm._e)) )} -> 100000 | K48: =SUM(I48:J48) -> 4600000
B49: 3 | C49: arimtnA adPa | D49: {=_xlfn.LET( _xlpm._src,SUBSTITUTE(C49," ",""), _xlpm._key,_xlfn.TEXTJOIN("",TRUE,_xlfn._xlws.SORT(MID(LOWER(_xlpm._src),_xlfn.SEQUENCE(LEN(_xlpm._src)),1))), _xlpm._names,'Data Pegawai'!$A$4:$A$53, _xlpm._keys,_xlfn.BYROW(_xlpm._names,_xlfn.LAMBDA(_xlpm.r,_xlfn.LET(_xlpm._s,SUBSTITUTE(_xlpm.r," ",""),_xlfn.TEXTJOIN("",TRUE,_xlfn._xlws.SORT(MID(LOWER(_xlpm._s),_xlfn.SEQUENCE(LEN(_xlpm._s)),1)))))), _xlfn.XLOOKUP(_xlpm._key,_xlpm._keys,'Data Pegawai'!$B$4:$B$53) )} -> Surabaya | E49: {=_xlfn.LET( _xlpm._src,SUBSTITUTE(C49," ",""), _xlpm._key,_xlfn.TEXTJOIN("",TRUE,_xlfn._xlws.SORT(MID(LOWER(_xlpm._src),_xlfn.SEQUENCE(LEN(_xlpm._src)),1))), _xlpm._names,'Data Pegawai'!$A$4:$A$53, _xlpm._keys,_xlfn.BYROW(_xlpm._names,_xlfn.LAMBDA(_xlpm.r,_xlfn.LET(_xlpm._s,SUBSTITUTE(_xlpm.r," ",""),_xlfn.TEXTJOIN("",TRUE,_xlfn._xlws.SORT(MID(LOWER(_xlpm._s),_xlfn.SEQUENCE(LEN(_xlpm._s)),1)))))), _xlfn.XLOOKUP(_xlpm._key,_xlpm._keys,'Data Pegawai'!$C$4:$C$53) )} -> 36308 | F49: {=_xlfn.LET( _xlpm._src,SUBSTITUTE(C49," ",""), _xlpm._key,_xlfn.TEXTJOIN("",TRUE,_xlfn._xlws.SORT(MID(LOWER(_xlpm._src),_xlfn.SEQUENCE(LEN(_xlpm._src)),1))), _xlpm._names,'Data Pegawai'!$A$4:$A$53, _xlpm._keys,_xlfn.BYROW(_xlpm._names,_xlfn.LAMBDA(_xlpm.r,_xlfn.LET(_xlpm._s,SUBSTITUTE(_xlpm.r," ",""),_xlfn.TEXTJOIN("",TRUE,_xlfn._xlws.SORT(MID(LOWER(_xlpm._s),_xlfn.SEQUENCE(LEN(_xlpm._s)),1)))))), _xlfn.XLOOKUP(_xlpm._key,_xlpm._keys,'Data Pegawai'!$D$4:$D$53) )} -> 44626 | G49: {=_xlfn.LET( _xlpm._src,SUBSTITUTE(C49," ",""), _xlpm._key,_xlfn.TEXTJOIN("",TRUE,_xlfn._xlws.SORT(MID(LOWER(_xlpm._src),_xlfn.SEQUENCE(LEN(_xlpm._src)),1))), _xlpm._names,'Data Pegawai'!$A$4:$A$53, _xlpm._keys,_xlfn.BYROW(_xlpm._names,_xlfn.LAMBDA(_xlpm.r,_xlfn.LET(_xlpm._s,SUBSTITUTE(_xlpm.r," ",""),_xlfn.TEXTJOIN("",TRUE,_xlfn._xlws.SORT(MID(LOWER(_xlpm._s),_xlfn.SEQUENCE(LEN(_xlpm._s)),1)))))), _xlpm._cipher,_xlfn.XLOOKUP(_xlpm._key,_xlpm._keys,'Data Pegawai'!$E$4:$E$53), _xlpm._chars,MID(_xlpm._cipher,_xlfn.SEQUENCE(LEN(_xlpm._cipher)),1), _xlpm._decoded,_xlfn.TEXTJOIN("",TRUE,_xlfn.MAP(_xlpm._chars,_xlfn.LAMBDA(_xlpm.c,IF(CODE(_xlpm.c)=33," ",IF(CODE(_xlpm.c)=65,CHAR(90),IF(CODE(_xlpm.c)=97,CHAR(122),IF(OR(AND(CODE(_xlpm.c)>65,CODE(_xlpm.c)<=90),AND(CODE(_xlpm.c)>97,CODE(_xlpm.c)<=122)),CHAR(CODE(_xlpm.c)-1),_xlpm.c))))))), _xlpm._deckey,_xlfn.LET(_xlpm._d,SUBSTITUTE(_xlpm._decoded," ",""),_xlfn.TEXTJOIN("",TRUE,_xlfn._xlws.SORT(MID(LOWER(_xlpm._d),_xlfn.SEQUENCE(LEN(_xlpm._d)),1)))), _xlpm._jabatan,'Data Pegawai'!$J$4:$J$8, _xlpm._jabkeys,_xlfn.BYROW(_xlpm._jabatan,_xlfn.LAMBDA(_xlpm.j,_xlfn.LET(_xlpm._s,SUBSTITUTE(_xlpm.j," ",""),_xlfn.TEXTJOIN("",TRUE,_xlfn._xlws.SORT(MID(LOWER(_xlpm._s),_xlfn.SEQUENCE(LEN(_xlpm._s)),1)))))), _xlfn.XLOOKUP(_xlpm._deckey,_xlpm._jabkeys,'Data Pegawai'!$I$4:$I$8) )} -> IT | H49: {=_xlfn.LET( _xlpm._src,SUBSTITUTE(C49," ",""), _xlpm._key,_xlfn.TEXTJOIN("",TRUE,_xlfn._xlws.SORT(MID(LOWER(_xlpm._src),_xlfn.SEQUENCE(LEN(_xlpm._src)),1))), _xlpm._names,'Data Pegawai'!$A$4:$A$53, _xlpm._keys,_xlfn.BYROW(_xlpm._names,_xlfn.LAMBDA(_xlpm.r,_xlfn.LET(_xlpm._s,SUBSTITUTE(_xlpm.r," ",""),_xlfn.TEXTJOIN("",TRUE,_xlfn._xlws.SORT(MID(LOWER(_xlpm._s),_xlfn.SEQUENCE(LEN(_xlpm._s)),1)))))), _xlpm._cipher,_xlfn.XLOOKUP(_xlpm._key,_xlpm._keys,'Data Pegawai'!$E$4:$E$53), _xlpm._chars,MID(_xlpm._cipher,_xlfn.SEQUENCE(LEN(_xlpm._cipher)),1), _xlpm._decoded,_xlfn.TEXTJOIN("",TRUE,_xlfn.MAP(_xlpm._chars,_xlfn.LAMBDA(_xlpm.c,IF(CODE(_xlpm.c)=33," ",IF(CODE(_xlpm.c)=65,CHAR(90),IF(CODE(_xlpm.c)=97,CHAR(122),IF(OR(AND(CODE(_xlpm.c)>65,CODE(_xlpm.c)<=90),AND(CODE(_xlpm.c)>97,CODE(_xlpm.c)<=122)),CHAR(CODE(_xlpm.c)-1),_xlpm.c))))))), _xlpm._deckey,_xlfn.LET(_xlpm._d,SUBSTITUTE(_xlpm._decoded," ",""),_xlfn.TEXTJOIN("",TRUE,_xlfn._xlws.SORT(MID(LOWER(_xlpm._d),_xlfn.SEQUENCE(LEN(_xlpm._d)),1)))), _xlpm._jabatan,'Data Pegawai'!$J$4:$J$8, _xlpm._jabkeys,_xlfn.BYROW(_xlpm._jabatan,_xlfn.LAMBDA(_xlpm.j,_xlfn.LET(_xlpm._s,SUBSTITUTE(_xlpm.j," ",""),_xlfn.TEXTJOIN("",TRUE,_xlfn._xlws.SORT(MID(LOWER(_xlpm._s),_xlfn.SEQUENCE(LEN(_xlpm._s)),1)))))), _xlfn.XLOOKUP(_xlpm._deckey,_xlpm._jabkeys,_xlpm._jabatan) )} -> IT Support | I49: {=_xlfn.LET( _xlpm._raw,VLOOKUP(H49,'Data Pegawai'!$J$4:$L$8,2,0), _xlpm._e,FIND("E",_xlpm._raw), VALUE(MID(_xlpm._raw,2,_xlpm._e-2))*10^VALUE(RIGHT(_xlpm._raw,LEN(_xlpm._raw)-_xlpm._e)) )} -> 3000000 | J49: {=_xlfn.LET( _xlpm._raw,VLOOKUP(H49,'Data Pegawai'!$J$4:$L$8,3,0), _xlpm._e,FIND("E",_xlpm._raw), VALUE(MID(_xlpm._raw,2,_xlpm._e-2))*10^VALUE(RIGHT(_xlpm._raw,LEN(_xlpm._raw)-_xlpm._e)) )} -> 500000 | K49: =SUM(I49:J49) -> 3500000
B50: 4 | C50: him aotlroPaG | D50: {=_xlfn.LET( _xlpm._src,SUBSTITUTE(C50," ",""), _xlpm._key,_xlfn.TEXTJOIN("",TRUE,_xlfn._xlws.SORT(MID(LOWER(_xlpm._src),_xlfn.SEQUENCE(LEN(_xlpm._src)),1))), _xlpm._names,'Data Pegawai'!$A$4:$A$53, _xlpm._keys,_xlfn.BYROW(_xlpm._names,_xlfn.LAMBDA(_xlpm.r,_xlfn.LET(_xlpm._s,SUBSTITUTE(_xlpm.r," ",""),_xlfn.TEXTJOIN("",TRUE,_xlfn._xlws.SORT(MID(LOWER(_xlpm._s),_xlfn.SEQUENCE(LEN(_xlpm._s)),1)))))), _xlfn.XLOOKUP(_xlpm._key,_xlpm._keys,'Data Pegawai'!$B$4:$B$53) )} -> Bandung | E50: {=_xlfn.LET( _xlpm._src,SUBSTITUTE(C50," ",""), _xlpm._key,_xlfn.TEXTJOIN("",TRUE,_xlfn._xlws.SORT(MID(LOWER(_xlpm._src),_xlfn.SEQUENCE(LEN(_xlpm._src)),1))), _xlpm._names,'Data Pegawai'!$A$4:$A$53, _xlpm._keys,_xlfn.BYROW(_xlpm._names,_xlfn.LAMBDA(_xlpm.r,_xlfn.LET(_xlpm._s,SUBSTITUTE(_xlpm.r," ",""),_xlfn.TEXTJOIN("",TRUE,_xlfn._xlws.SORT(MID(LOWER(_xlpm._s),_xlfn.SEQUENCE(LEN(_xlpm._s)),1)))))), _xlfn.XLOOKUP(_xlpm._key,_xlpm._keys,'Data Pegawai'!$C$4:$C$53) )} -> 37155 | F50: {=_xlfn.LET( _xlpm._src,SUBSTITUTE(C50," ",""), _xlpm._key,_xlfn.TEXTJOIN("",TRUE,_xlfn._xlws.SORT(MID(LOWER(_xlpm._src),_xlfn.SEQUENCE(LEN(_xlpm._src)),1))), _xlpm._names,'Data Pegawai'!$A$4:$A$53, _xlpm._keys,_xlfn.BYROW(_xlpm._names,_xlfn.LAMBDA(_xlpm.r,_xlfn.LET(_xlpm._s,SUBSTITUTE(_xlpm.r," ",""),_xlfn.TEXTJOIN("",TRUE,_xlfn._xlws.SORT(MID(LOWER(_xlpm._s),_xlfn.SEQUENCE(LEN(_xlpm._s)),1)))))), _xlfn.XLOOKUP(_xlpm._key,_xlpm._keys,'Data Pegawai'!$D$4:$D$53) )} -> 44109 | G50: {=_xlfn.LET( _xlpm._src,SUBSTITUTE(C50," ",""), _xlpm._key,_xlfn.TEXTJOIN("",TRUE,_xlfn._xlws.SORT(MID(LOWER(_xlpm._src),_xlfn.SEQUENCE(LEN(_xlpm._src)),1))), _xlpm._names,'Data Pegawai'!$A$4:$A$53, _xlpm._keys,_xlfn.BYROW(_xlpm._names,_xlfn.LAMBDA(_xlpm.r,_xlfn.LET(_xlpm._s,SUBSTITUTE(_xlpm.r," ",""),_xlfn.TEXTJOIN("",TRUE,_xlfn._xlws.SORT(MID(LOWER(_xlpm._s),_xlfn.SEQUENCE(LEN(_xlpm._s)),1)))))), _xlpm._cipher,_xlfn.XLOOKUP(_xlpm._key,_xlpm._keys,'Data Pegawai'!$E$4:$E$53), _xlpm._chars,MID(_xlpm._cipher,_xlfn.SEQUENCE(LEN(_xlpm._cipher)),1), _xlpm._decoded,_xlfn.TEXTJOIN("",TRUE,_xlfn.MAP(_xlpm._chars,_xlfn.LAMBDA(_xlpm.c,IF(CODE(_xlpm.c)=33," ",IF(CODE(_xlpm.c)=65,CHAR(90),IF(CODE(_xlpm.c)=97,CHAR(122),IF(OR(AND(CODE(_xlpm.c)>65,CODE(_xlpm.c)<=90),AND(CODE(_xlpm.c)>97,CODE(_xlpm.c)<=122)),CHAR(CODE(_xlpm.c)-1),_xlpm.c))))))), _xlpm._deckey,_xlfn.LET(_xlpm._d,SUBSTITUTE(_xlpm._decoded," ",""),_xlfn.TEXTJOIN("",TRUE,_xlfn._xlws.SORT(MID(LOWER(_xlpm._d),_xlfn.SEQUENCE(LEN(_xlpm._d)),1)))), _xlpm._jabatan,'Data Pegawai'!$J$4:$J$8, _xlpm._jabkeys,_xlfn.BYROW(_xlpm._jabatan,_xlfn.LAMBDA(_xlpm.j,_xlfn.LET(_xlpm._s,SUBSTITUTE(_xlpm.j," ",""),_xlfn.TEXTJOIN("",TRUE,_xlfn._xlws.SORT(MID(LOWER(_xlpm._s),_xlfn.SEQUENCE(LEN(_xlpm._s)),1)))))), _xlfn.XLOOKUP(_xlpm._deckey,_xlpm._jabkeys,'Data Pegawai'!$I$4:$I$8) )} -> IT | H50: {=_xlfn.LET( _xlpm._src,SUBSTITUTE(C50," ",""), _xlpm._key,_xlfn.TEXTJOIN("",TRUE,_xlfn._xlws.SORT(MID(LOWER(_xlpm._src),_xlfn.SEQUENCE(LEN(_xlpm._src)),1))), _xlpm._names,'Data Pegawai'!$A$4:$A$53, _xlpm._keys,_xlfn.BYROW(_xlpm._names,_xlfn.LAMBDA(_xlpm.r,_xlfn.LET(_xlpm._s,SUBSTITUTE(_xlpm.r," ",""),_xlfn.TEXTJOIN("",TRUE,_xlfn._xlws.SORT(MID(LOWER(_xlpm._s),_xlfn.SEQUENCE(LEN(_xlpm._s)),1)))))), _xlpm._cipher,_xlfn.XLOOKUP(_xlpm._key,_xlpm._keys,'Data Pegawai'!$E$4:$E$53), _xlpm._chars,MID(_xlpm._cipher,_xlfn.SEQUENCE(LEN(_xlpm._cipher)),1), _xlpm._decoded,_xlfn.TEXTJOIN("",TRUE,_xlfn.MAP(_xlpm._chars,_xlfn.LAMBDA(_xlpm.c,IF(CODE(_xlpm.c)=33," ",IF(CODE(_xlpm.c)=65,CHAR(90),IF(CODE(_xlpm.c)=97,CHAR(122),IF(OR(AND(CODE(_xlpm.c)>65,CODE(_xlpm.c)<=90),AND(CODE(_xlpm.c)>97,CODE(_xlpm.c)<=122)),CHAR(CODE(_xlpm.c)-1),_xlpm.c))))))), _xlpm._deckey,_xlfn.LET(_xlpm._d,SUBSTITUTE(_xlpm._decoded," ",""),_xlfn.TEXTJOIN("",TRUE,_xlfn._xlws.SORT(MID(LOWER(_xlpm._d),_xlfn.SEQUENCE(LEN(_xlpm._d)),1)))), _xlpm._jabatan,'Data Pegawai'!$J$4:$J$8, _xlpm._jabkeys,_xlfn.BYROW(_xlpm._jabatan,_xlfn.LAMBDA(_xlpm.j,_xlfn.LET(_xlpm._s,SUBSTITUTE(_xlpm.j," ",""),_xlfn.TEXTJOIN("",TRUE,_xlfn._xlws.SORT(MID(LOWER(_xlpm._s),_xlfn.SEQUENCE(LEN(_xlpm._s)),1)))))), _xlfn.XLOOKUP(_xlpm._deckey,_xlpm._jabkeys,_xlpm._jabatan) )} -> IT Support | I50: {=_xlfn.LET( _xlpm._raw,VLOOKUP(H50,'Data Pegawai'!$J$4:$L$8,2,0), _xlpm._e,FIND("E",_xlpm._raw), VALUE(MID(_xlpm._raw,2,_xlpm._e-2))*10^VALUE(RIGHT(_xlpm._raw,LEN(_xlpm._raw)-_xlpm._e)) )} -> 3000000 | J50: {=_xlfn.LET( _xlpm._raw,VLOOKUP(H50,'Data Pegawai'!$J$4:$L$8,3,0), _xlpm._e,FIND("E",_xlpm._raw), VALUE(MID(_xlpm._raw,2,_xlpm._e-2))*10^VALUE(RIGHT(_xlpm._raw,LEN(_xlpm._raw)-_xlpm._e)) )} -> 500000 | K50: =SUM(I50:J50) -> 3500000
B51: 5 | C51: MnIula rfnaaa | D51: {=_xlfn.LET( _xlpm._src,SUBSTITUTE(C51," ",""), _xlpm._key,_xlfn.TEXTJOIN("",TRUE,_xlfn._xlws.SORT(MID(LOWER(_xlpm._src),_xlfn.SEQUENCE(LEN(_xlpm._src)),1))), _xlpm._names,'Data Pegawai'!$A$4:$A$53, _xlpm._keys,_xlfn.BYROW(_xlpm._names,_xlfn.LAMBDA(_xlpm.r,_xlfn.LET(_xlpm._s,SUBSTITUTE(_xlpm.r," ",""),_xlfn.TEXTJOIN("",TRUE,_xlfn._xlws.SORT(MID(LOWER(_xlpm._s),_xlfn.SEQUENCE(LEN(_xlpm._s)),1)))))), _xlfn.XLOOKUP(_xlpm._key,_xlpm._keys,'Data Pegawai'!$B$4:$B$53) )} -> Medan | E51: {=_xlfn.LET( _xlpm._src,SUBSTITUTE(C51," ",""), _xlpm._key,_xlfn.TEXTJOIN("",TRUE,_xlfn._xlws.SORT(MID(LOWER(_xlpm._src),_xlfn.SEQUENCE(LEN(_xlpm._src)),1))), _xlpm._names,'Data Pegawai'!$A$4:$A$53, _xlpm._keys,_xlfn.BYROW(_xlpm._names,_xlfn.LAMBDA(_xlpm.r,_xlfn.LET(_xlpm._s,SUBSTITUTE(_xlpm.r," ",""),_xlfn.TEXTJOIN("",TRUE,_xlfn._xlws.SORT(MID(LOWER(_xlpm._s),_xlfn.SEQUENCE(LEN(_xlpm._s)),1)))))), _xlfn.XLOOKUP(_xlpm._key,_xlpm._keys,'Data Pegawai'!$C$4:$C$53) )} -> 36381 | F51: {=_xlfn.LET( _xlpm._src,SUBSTITUTE(C51," ",""), _xlpm._key,_xlfn.TEXTJOIN("",TRUE,_xlfn._xlws.SORT(MID(LOWER(_xlpm._src),_xlfn.SEQUENCE(LEN(_xlpm._src)),1))), _xlpm._names,'Data Pegawai'!$A$4:$A$53, _xlpm._keys,_xlfn.BYROW(_xlpm._names,_xlfn.LAMBDA(_xlpm.r,_xlfn.LET(_xlpm._s,SUBSTITUTE(_xlpm.r," ",""),_xlfn.TEXTJOIN("",TRUE,_xlfn._xlws.SORT(MID(LOWER(_xlpm._s),_xlfn.SEQUENCE(LEN(_xlpm._s)),1)))))), _xlfn.XLOOKUP(_xlpm._key,_xlpm._keys,'Data Pegawai'!$D$4:$D$53) )} -> 42023 | G51: {=_xlfn.LET( _xlpm._src,SUBSTITUTE(C51," ",""), _xlpm._key,_xlfn.TEXTJOIN("",TRUE,_xlfn._xlws.SORT(MID(LOWER(_xlpm._src),_xlfn.SEQUENCE(LEN(_xlpm._src)),1))), _xlpm._names,'Data Pegawai'!$A$4:$A$53, _xlpm._keys,_xlfn.BYROW(_xlpm._names,_xlfn.LAMBDA(_xlpm.r,_xlfn.LET(_xlpm._s,SUBSTITUTE(_xlpm.r," ",""),_xlfn.TEXTJOIN("",TRUE,_xlfn._xlws.SORT(MID(LOWER(_xlpm._s),_xlfn.SEQUENCE(LEN(_xlpm._s)),1)))))), _xlpm._cipher,_xlfn.XLOOKUP(_xlpm._key,_xlpm._keys,'Data Pegawai'!$E$4:$E$53), _xlpm._chars,MID(_xlpm._cipher,_xlfn.SEQUENCE(LEN(_xlpm._cipher)),1), _xlpm._decoded,_xlfn.TEXTJOIN("",TRUE,_xlfn.MAP(_xlpm._chars,_xlfn.LAMBDA(_xlpm.c,IF(CODE(_xlpm.c)=33," ",IF(CODE(_xlpm.c)=65,CHAR(90),IF(CODE(_xlpm.c)=97,CHAR(122),IF(OR(AND(CODE(_xlpm.c)>65,CODE(_xlpm.c)<=90),AND(CODE(_xlpm.c)>97,CODE(_xlpm.c)<=122)),CHAR(CODE(_xlpm.c)-1),_xlpm.c))))))), _xlpm._deckey,_xlfn.LET(_xlpm._d,SUBSTITUTE(_xlpm._decoded," ",""),_xlfn.TEXTJOIN("",TRUE,_xlfn._xlws.SORT(MID(LOWER(_xlpm._d),_xlfn.SEQUENCE(LEN(_xlpm._d)),1)))), _xlpm._jabatan,'Data Pegawai'!$J$4:$J$8, _xlpm._jabkeys,_xlfn.BYROW(_xlpm._jabatan,_xlfn.LAMBDA(_xlpm.j,_xlfn.LET(_xlpm._s,SUBSTITUTE(_xlpm.j," ",""),_xlfn.TEXTJOIN("",TRUE,_xlfn._xlws.SORT(MID(LOWER(_xlpm._s),_xlfn.SEQUENCE(LEN(_xlpm._s)),1)))))), _xlfn.XLOOKUP(_xlpm._deckey,_xlpm._jabkeys,'Data Pegawai'!$I$4:$I$8) )} -> IT | H51: {=_xlfn.LET( _xlpm._src,SUBSTITUTE(C51," ",""), _xlpm._key,_xlfn.TEXTJOIN("",TRUE,_xlfn._xlws.SORT(MID(LOWER(_xlpm._src),_xlfn.SEQUENCE(LEN(_xlpm._src)),1))), _xlpm._names,'Data Pegawai'!$A$4:$A$53, _xlpm._keys,_xlfn.BYROW(_xlpm._names,_xlfn.LAMBDA(_xlpm.r,_xlfn.LET(_xlpm._s,SUBSTITUTE(_xlpm.r," ",""),_xlfn.TEXTJOIN("",TRUE,_xlfn._xlws.SORT(MID(LOWER(_xlpm._s),_xlfn.SEQUENCE(LEN(_xlpm._s)),1)))))), _xlpm._cipher,_xlfn.XLOOKUP(_xlpm._key,_xlpm._keys,'Data Pegawai'!$E$4:$E$53), _xlpm._chars,MID(_xlpm._cipher,_xlfn.SEQUENCE(LEN(_xlpm._cipher)),1), _xlpm._decoded,_xlfn.TEXTJOIN("",TRUE,_xlfn.MAP(_xlpm._chars,_xlfn.LAMBDA(_xlpm.c,IF(CODE(_xlpm.c)=33," ",IF(CODE(_xlpm.c)=65,CHAR(90),IF(CODE(_xlpm.c)=97,CHAR(122),IF(OR(AND(CODE(_xlpm.c)>65,CODE(_xlpm.c)<=90),AND(CODE(_xlpm.c)>97,CODE(_xlpm.c)<=122)),CHAR(CODE(_xlpm.c)-1),_xlpm.c))))))), _xlpm._deckey,_xlfn.LET(_xlpm._d,SUBSTITUTE(_xlpm._decoded," ",""),_xlfn.TEXTJOIN("",TRUE,_xlfn._xlws.SORT(MID(LOWER(_xlpm._d),_xlfn.SEQUENCE(LEN(_xlpm._d)),1)))), _xlpm._jabatan,'Data Pegawai'!$J$4:$J$8, _xlpm._jabkeys,_xlfn.BYROW(_xlpm._jabatan,_xlfn.LAMBDA(_xlpm.j,_xlfn.LET(_xlpm._s,SUBSTITUTE(_xlpm.j," ",""),_xlfn.TEXTJOIN("",TRUE,_xlfn._xlws.SORT(MID(LOWER(_xlpm._s),_xlfn.SEQUENCE(LEN(_xlpm._s)),1)))))), _xlfn.XLOOKUP(_xlpm._deckey,_xlpm._jabkeys,_xlpm._jabatan) )} -> IT Support | I51: {=_xlfn.LET( _xlpm._raw,VLOOKUP(H51,'Data Pegawai'!$J$4:$L$8,2,0), _xlpm._e,FIND("E",_xlpm._raw), VALUE(MID(_xlpm._raw,2,_xlpm._e-2))*10^VALUE(RIGHT(_xlpm._raw,LEN(_xlpm._raw)-_xlpm._e)) )} -> 3000000 | J51: {=_xlfn.LET( _xlpm._raw,VLOOKUP(H51,'Data Pegawai'!$J$4:$L$8,3,0), _xlpm._e,FIND("E",_xlpm._raw), VALUE(MID(_xlpm._raw,2,_xlpm._e-2))*10^VALUE(RIGHT(_xlpm._raw,LEN(_xlpm._raw)-_xlpm._e)) )} -> 500000 | K51: =SUM(I51:J51) -> 3500000
B52: 6 | C52: hAzar hzaJian | D52: {=_xlfn.LET( _xlpm._src,SUBSTITUTE(C52," ",""), _xlpm._key,_xlfn.TEXTJOIN("",TRUE,_xlfn._xlws.SORT(MID(LOWER(_xlpm._src),_xlfn.SEQUENCE(LEN(_xlpm._src)),1))), _xlpm._names,'Data Pegawai'!$A$4:$A$53, _xlpm._keys,_xlfn.BYROW(_xlpm._names,_xlfn.LAMBDA(_xlpm.r,_xlfn.LET(_xlpm._s,SUBSTITUTE(_xlpm.r," ",""),_xlfn.TEXTJOIN("",TRUE,_xlfn._xlws.SORT(MID(LOWER(_xlpm._s),_xlfn.SEQUENCE(LEN(_xlpm._s)),1)))))), _xlfn.XLOOKUP(_xlpm._key,_xlpm._keys,'Data Pegawai'!$B$4:$B$53) )} -> Makassar | E52: {=_xlfn.LET( _xlpm._src,SUBSTITUTE(C52," ",""), _xlpm._key,_xlfn.TEXTJOIN("",TRUE,_xlfn._xlws.SORT(MID(LOWER(_xlpm._src),_xlfn.SEQUENCE(LEN(_xlpm._src)),1))), _xlpm._names,'Data Pegawai'!$A$4:$A$53, _xlpm._keys,_xlfn.BYROW(_xlpm._names,_xlfn.LAMBDA(_xlpm.r,_xlfn.LET(_xlpm._s,SUBSTITUTE(_xlpm.r," ",""),_xlfn.TEXTJOIN("",TRUE,_xlfn._xlws.SORT(MID(LOWER(_xlpm._s),_xlfn.SEQUENCE(LEN(_xlpm._s)),1)))))), _xlfn.XLOOKUP(_xlpm._key,_xlpm._keys,'Data Pegawai'!$C$4:$C$53) )} -> 34830 | F52: {=_xlfn.LET( _xlpm._src,SUBSTITUTE(C52," ",""), _xlpm._key,_xlfn.TEXTJOIN("",TRUE,_xlfn._xlws.SORT(MID(LOWER(_xlpm._src),_xlfn.SEQUENCE(LEN(_xlpm._src)),1))), _xlpm._names,'Data Pegawai'!$A$4:$A$53, _xlpm._keys,_xlfn.BYROW(_xlpm._names,_xlfn.LAMBDA(_xlpm.r,_xlfn.LET(_xlpm._s,SUBSTITUTE(_xlpm.r," ",""),_xlfn.TEXTJOIN("",TRUE,_xlfn._xlws.SORT(MID(LOWER(_xlpm._s),_xlfn.SEQUENCE(LEN(_xlpm._s)),1)))))), _xlfn.XLOOKUP(_xlpm._key,_xlpm._keys,'Data Pegawai'!$D$4:$D$53) )} -> 43794 | G52: {=_xlfn.LET( _xlpm._src,SUBSTITUTE(C52," ",""), _xlpm._key,_xlfn.TEXTJOIN("",TRUE,_xlfn._xlws.SORT(MID(LOWER(_xlpm._src),_xlfn.SEQUENCE(LEN(_xlpm._src)),1))), _xlpm._names,'Data Pegawai'!$A$4:$A$53, _xlpm._keys,_xlfn.BYROW(_xlpm._names,_xlfn.LAMBDA(_xlpm.r,_xlfn.LET(_xlpm._s,SUBSTITUTE(_xlpm.r," ",""),_xlfn.TEXTJOIN("",TRUE,_xlfn._xlws.SORT(MID(LOWER(_xlpm._s),_xlfn.SEQUENCE(LEN(_xlpm._s)),1)))))), _xlpm._cipher,_xlfn.XLOOKUP(_xlpm._key,_xlpm._keys,'Data Pegawai'!$E$4:$E$53), _xlpm._chars,MID(_xlpm._cipher,_xlfn.SEQUENCE(LEN(_xlpm._cipher)),1), _xlpm._decoded,_xlfn.TEXTJOIN("",TRUE,_xlfn.MAP(_xlpm._chars,_xlfn.LAMBDA(_xlpm.c,IF(CODE(_xlpm.c)=33," ",IF(CODE(_xlpm.c)=65,CHAR(90),IF(CODE(_xlpm.c)=97,CHAR(122),IF(OR(AND(CODE(_xlpm.c)>65,CODE(_xlpm.c)<=90),AND(CODE(_xlpm.c)>97,CODE(_xlpm.c)<=122)),CHAR(CODE(_xlpm.c)-1),_xlpm.c))))))), _xlpm._deckey,_xlfn.LET(_xlpm._d,SUBSTITUTE(_xlpm._decoded," ",""),_xlfn.TEXTJOIN("",TRUE,_xlfn._xlws.SORT(MID(LOWER(_xlpm._d),_xlfn.SEQUENCE(LEN(_xlpm._d)),1)))), _xlpm._jabatan,'Data Pegawai'!$J$4:$J$8, _xlpm._jabkeys,_xlfn.BYROW(_xlpm._jabatan,_xlfn.LAMBDA(_xlpm.j,_xlfn.LET(_xlpm._s,SUBSTITUTE(_xlpm.j," ",""),_xlfn.TEXTJOIN("",TRUE,_xlfn._xlws.SORT(MID(LOWER(_xlpm._s),_xlfn.SEQUENCE(LEN(_xlpm._s)),1)))))), _xlfn.XLOOKUP(_xlpm._deckey,_xlpm._jabkeys,'Data Pegawai'!$I$4:$I$8) )} -> MKT | H52: {=_xlfn.LET( _xlpm._src,SUBSTITUTE(C52," ",""), _xlpm._key,_xlfn.TEXTJOIN("",TRUE,_xlfn._xlws.SORT(MID(LOWER(_xlpm._src),_xlfn.SEQUENCE(LEN(_xlpm._src)),1))), _xlpm._names,'Data Pegawai'!$A$4:$A$53, _xlpm._keys,_xlfn.BYROW(_xlpm._names,_xlfn.LAMBDA(_xlpm.r,_xlfn.LET(_xlpm._s,SUBSTITUTE(_xlpm.r," ",""),_xlfn.TEXTJOIN("",TRUE,_xlfn._xlws.SORT(MID(LOWER(_xlpm._s),_xlfn.SEQUENCE(LEN(_xlpm._s)),1)))))), _xlpm._cipher,_xlfn.XLOOKUP(_xlpm._key,_xlpm._keys,'Data Pegawai'!$E$4:$E$53), _xlpm._chars,MID(_xlpm._cipher,_xlfn.SEQUENCE(LEN(_xlpm._cipher)),1), _xlpm._decoded,_xlfn.TEXTJOIN("",TRUE,_xlfn.MAP(_xlpm._chars,_xlfn.LAMBDA(_xlpm.c,IF(CODE(_xlpm.c)=33," ",IF(CODE(_xlpm.c)=65,CHAR(90),IF(CODE(_xlpm.c)=97,CHAR(122),IF(OR(AND(CODE(_xlpm.c)>65,CODE(_xlpm.c)<=90),AND(CODE(_xlpm.c)>97,CODE(_xlpm.c)<=122)),CHAR(CODE(_xlpm.c)-1),_xlpm.c))))))), _xlpm._deckey,_xlfn.LET(_xlpm._d,SUBSTITUTE(_xlpm._decoded," ",""),_xlfn.TEXTJOIN("",TRUE,_xlfn._xlws.SORT(MID(LOWER(_xlpm._d),_xlfn.SEQUENCE(LEN(_xlpm._d)),1)))), _xlpm._jabatan,'Data Pegawai'!$J$4:$J$8, _xlpm._jabkeys,_xlfn.BYROW(_xlpm._jabatan,_xlfn.LAMBDA(_xlpm.j,_xlfn.LET(_xlpm._s,SUBSTITUTE(_xlpm.j," ",""),_xlfn.TEXTJOIN("",TRUE,_xlfn._xlws.SORT(MID(LOWER(_xlpm._s),_xlfn.SEQUENCE(LEN(_xlpm._s)),1)))))), _xlfn.XLOOKUP(_xlpm._deckey,_xlpm._jabkeys,_xlpm._jabatan) )} -> Marketing | I52: {=_xlfn.LET( _xlpm._raw,VLOOKUP(H52,'Data Pegawai'!$J$4:$L$8,2,0), _xlpm._e,FIND("E",_xlpm._raw), VALUE(MID(_xlpm._raw,2,_xlpm._e-2))*10^VALUE(RIGHT(_xlpm._raw,LEN(_xlpm._raw)-_xlpm._e)) )} -> 4500000 | J52: {=_xlfn.LET( _xlpm._raw,VLOOKUP(H52,'Data Pegawai'!$J$4:$L$8,3,0), _xlpm._e,FIND("E",_xlpm._raw), VALUE(MID(_xlpm._raw,2,_xlpm._e-2))*10^VALUE(RIGHT(_xlpm._raw,LEN(_xlpm._raw)-_xlpm._e)) )} -> 100000 | K52: =SUM(I52:J52) -> 4600000
B53: 7 | C53: aa URwmithail | D53: {=_xlfn.LET( _xlpm._src,SUBSTITUTE(C53," ",""), _xlpm._key,_xlfn.TEXTJOIN("",TRUE,_xlfn._xlws.SORT(MID(LOWER(_xlpm._src),_xlfn.SEQUENCE(LEN(_xlpm._src)),1))), _xlpm._names,'Data Pegawai'!$A$4:$A$53, _xlpm._keys,_xlfn.BYROW(_xlpm._names,_xlfn.LAMBDA(_xlpm.r,_xlfn.LET(_xlpm._s,SUBSTITUTE(_xlpm.r," ",""),_xlfn.TEXTJOIN("",TRUE,_xlfn._xlws.SORT(MID(LOWER(_xlpm._s),_xlfn.SEQUENCE(LEN(_xlpm._s)),1)))))), _xlfn.XLOOKUP(_xlpm._key,_xlpm._keys,'Data Pegawai'!$B$4:$B$53) )} -> Denpasar | E53: {=_xlfn.LET( _xlpm._src,SUBSTITUTE(C53," ",""), _xlpm._key,_xlfn.TEXTJOIN("",TRUE,_xlfn._xlws.SORT(MID(LOWER(_xlpm._src),_xlfn.SEQUENCE(LEN(_xlpm._src)),1))), _xlpm._names,'Data Pegawai'!$A$4:$A$53, _xlpm._keys,_xlfn.BYROW(_xlpm._names,_xlfn.LAMBDA(_xlpm.r,_xlfn.LET(_xlpm._s,SUBSTITUTE(_xlpm.r," ",""),_xlfn.TEXTJOIN("",TRUE,_xlfn._xlws.SORT(MID(LOWER(_xlpm._s),_xlfn.SEQUENCE(LEN(_xlpm._s)),1)))))), _xlfn.XLOOKUP(_xlpm._key,_xlpm._keys,'Data Pegawai'!$C$4:$C$53) )} -> 32287 | F53: {=_xlfn.LET( _xlpm._src,SUBSTITUTE(C53," ",""), _xlpm._key,_xlfn.TEXTJOIN("",TRUE,_xlfn._xlws.SORT(MID(LOWER(_xlpm._src),_xlfn.SEQUENCE(LEN(_xlpm._src)),1))), _xlpm._names,'Data Pegawai'!$A$4:$A$53, _xlpm._keys,_xlfn.BYROW(_xlpm._names,_xlfn.LAMBDA(_xlpm.r,_xlfn.LET(_xlpm._s,SUBSTITUTE(_xlpm.r," ",""),_xlfn.TEXTJOIN("",TRUE,_xlfn._xlws.SORT(MID(LOWER(_xlpm._s),_xlfn.SEQUENCE(LEN(_xlpm._s)),1)))))), _xlfn.XLOOKUP(_xlpm._key,_xlpm._keys,'Data Pegawai'!$D$4:$D$53) )} -> 42466 | G53: {=_xlfn.LET( _xlpm._src,SUBSTITUTE(C53," ",""), _xlpm._key,_xlfn.TEXTJOIN("",TRUE,_xlfn._xlws.SORT(MID(LOWER(_xlpm._src),_xlfn.SEQUENCE(LEN(_xlpm._src)),1))), _xlpm._names,'Data Pegawai'!$A$4:$A$53, _xlpm._keys,_xlfn.BYROW(_xlpm._names,_xlfn.LAMBDA(_xlpm.r,_xlfn.LET(_xlpm._s,SUBSTITUTE(_xlpm.r," ",""),_xlfn.TEXTJOIN("",TRUE,_xlfn._xlws.SORT(MID(LOWER(_xlpm._s),_xlfn.SEQUENCE(LEN(_xlpm._s)),1)))))), _xlpm._cipher,_xlfn.XLOOKUP(_xlpm._key,_xlpm._keys,'Data Pegawai'!$E$4:$E$53), _xlpm._chars,MID(_xlpm._cipher,_xlfn.SEQUENCE(LEN(_xlpm._cipher)),1), _xlpm._decoded,_xlfn.TEXTJOIN("",TRUE,_xlfn.MAP(_xlpm._chars,_xlfn.LAMBDA(_xlpm.c,IF(CODE(_xlpm.c)=33," ",IF(CODE(_xlpm.c)=65,CHAR(90),IF(CODE(_xlpm.c)=97,CHAR(122),IF(OR(AND(CODE(_xlpm.c)>65,CODE(_xlpm.c)<=90),AND(CODE(_xlpm.c)>97,CODE(_xlpm.c)<=122)),CHAR(CODE(_xlpm.c)-1),_xlpm.c))))))), _xlpm._deckey,_xlfn.LET(_xlpm._d,SUBSTITUTE(_xlpm._decoded," ",""),_xlfn.TEXTJOIN("",TRUE,_xlfn._xlws.SORT(MID(LOWER(_xlpm._d),_xlfn.SEQUENCE(LEN(_xlpm._d)),1)))), _xlpm._jabatan,'Data Pegawai'!$J$4:$J$8, _xlpm._jabkeys,_xlfn.BYROW(_xlpm._jabatan,_xlfn.LAMBDA(_xlpm.j,_xlfn.LET(_xlpm._s,SUBSTITUTE(_xlpm.j," ",""),_xlfn.TEXTJOIN("",TRUE,_xlfn._xlws.SORT(MID(LOWER(_xlpm._s),_xlfn.SEQUENCE(LEN(_xlpm._s)),1)))))), _xlfn.XLOOKUP(_xlpm._deckey,_xlpm._jabkeys,'Data Pegawai'!$I$4:$I$8) )} -> MKT | H53: {=_xlfn.LET( _xlpm._src,SUBSTITUTE(C53," ",""), _xlpm._key,_xlfn.TEXTJOIN("",TRUE,_xlfn._xlws.SORT(MID(LOWER(_xlpm._src),_xlfn.SEQUENCE(LEN(_xlpm._src)),1))), _xlpm._names,'Data Pegawai'!$A$4:$A$53, _xlpm._keys,_xlfn.BYROW(_xlpm._names,_xlfn.LAMBDA(_xlpm.r,_xlfn.LET(_xlpm._s,SUBSTITUTE(_xlpm.r," ",""),_xlfn.TEXTJOIN("",TRUE,_xlfn._xlws.SORT(MID(LOWER(_xlpm._s),_xlfn.SEQUENCE(LEN(_xlpm._s)),1)))))), _xlpm._cipher,_xlfn.XLOOKUP(_xlpm._key,_xlpm._keys,'Data Pegawai'!$E$4:$E$53), _xlpm._chars,MID(_xlpm._cipher,_xlfn.SEQUENCE(LEN(_xlpm._cipher)),1), _xlpm._decoded,_xlfn.TEXTJOIN("",TRUE,_xlfn.MAP(_xlpm._chars,_xlfn.LAMBDA(_xlpm.c,IF(CODE(_xlpm.c)=33," ",IF(CODE(_xlpm.c)=65,CHAR(90),IF(CODE(_xlpm.c)=97,CHAR(122),IF(OR(AND(CODE(_xlpm.c)>65,CODE(_xlpm.c)<=90),AND(CODE(_xlpm.c)>97,CODE(_xlpm.c)<=122)),CHAR(CODE(_xlpm.c)-1),_xlpm.c))))))), _xlpm._deckey,_xlfn.LET(_xlpm._d,SUBSTITUTE(_xlpm._decoded," ",""),_xlfn.TEXTJOIN("",TRUE,_xlfn._xlws.SORT(MID(LOWER(_xlpm._d),_xlfn.SEQUENCE(LEN(_xlpm._d)),1)))), _xlpm._jabatan,'Data Pegawai'!$J$4:$J$8, _xlpm._jabkeys,_xlfn.BYROW(_xlpm._jabatan,_xlfn.LAMBDA(_xlpm.j,_xlfn.LET(_xlpm._s,SUBSTITUTE(_xlpm.j," ",""),_xlfn.TEXTJOIN("",TRUE,_xlfn._xlws.SORT(MID(LOWER(_xlpm._s),_xlfn.SEQUENCE(LEN(_xlpm._s)),1)))))), _xlfn.XLOOKUP(_xlpm._deckey,_xlpm._jabkeys,_xlpm._jabatan) )} -> Marketing | I53: {=_xlfn.LET( _xlpm._raw,VLOOKUP(H53,'Data Pegawai'!$J$4:$L$8,2,0), _xlpm._e,FIND("E",_xlpm._raw), VALUE(MID(_xlpm._raw,2,_xlpm._e-2))*10^VALUE(RIGHT(_xlpm._raw,LEN(_xlpm._raw)-_xlpm._e)) )} -> 4500000 | J53: {=_xlfn.LET( _xlpm._raw,VLOOKUP(H53,'Data Pegawai'!$J$4:$L$8,3,0), _xlpm._e,FIND("E",_xlpm._raw), VALUE(MID(_xlpm._raw,2,_xlpm._e-2))*10^VALUE(RIGHT(_xlpm._raw,LEN(_xlpm._raw)-_xlpm._e)) )} -> 100000 | K53: =SUM(I53:J53) -> 4600000
B54: 8 | C54: laad mmhhMcImao | D54: {=_xlfn.LET( _xlpm._src,SUBSTITUTE(C54," ",""), _xlpm._key,_xlfn.TEXTJOIN("",TRUE,_xlfn._xlws.SORT(MID(LOWER(_xlpm._src),_xlfn.SEQUENCE(LEN(_xlpm._src)),1))), _xlpm._names,'Data Pegawai'!$A$4:$A$53, _xlpm._keys,_xlfn.BYROW(_xlpm._names,_xlfn.LAMBDA(_xlpm.r,_xlfn.LET(_xlpm._s,SUBSTITUTE(_xlpm.r," ",""),_xlfn.TEXTJOIN("",TRUE,_xlfn._xlws.SORT(MID(LOWER(_xlpm._s),_xlfn.SEQUENCE(LEN(_xlpm._s)),1)))))), _xlfn.XLOOKUP(_xlpm._key,_xlpm._keys,'Data Pegawai'!$B$4:$B$53) )} -> Medan | E54: {=_xlfn.LET( _xlpm._src,SUBSTITUTE(C54," ",""), _xlpm._key,_xlfn.TEXTJOIN("",TRUE,_xlfn._xlws.SORT(MID(LOWER(_xlpm._src),_xlfn.SEQUENCE(LEN(_xlpm._src)),1))), _xlpm._names,'Data Pegawai'!$A$4:$A$53, _xlpm._keys,_xlfn.BYROW(_xlpm._names,_xlfn.LAMBDA(_xlpm.r,_xlfn.LET(_xlpm._s,SUBSTITUTE(_xlpm.r," ",""),_xlfn.TEXTJOIN("",TRUE,_xlfn._xlws.SORT(MID(LOWER(_xlpm._s),_xlfn.SEQUENCE(LEN(_xlpm._s)),1)))))), _xlfn.XLOOKUP(_xlpm._key,_xlpm._keys,'Data Pegawai'!$C$4:$C$53) )} -> 36331 | F54: {=_xlfn.LET( _xlpm._src,SUBSTITUTE(C54," ",""), _xlpm._key,_xlfn.TEXTJOIN("",TRUE,_xlfn._xlws.SORT(MID(LOWER(_xlpm._src),_xlfn.SEQUENCE(LEN(_xlpm._src)),1))), _xlpm._names,'Data Pegawai'!$A$4:$A$53, _xlpm._keys,_xlfn.BYROW(_xlpm._names,_xlfn.LAMBDA(_xlpm.r,_xlfn.LET(_xlpm._s,SUBSTITUTE(_xlpm.r," ",""),_xlfn.TEXTJOIN("",TRUE,_xlfn._xlws.SORT(MID(LOWER(_xlpm._s),_xlfn.SEQUENCE(LEN(_xlpm._s)),1)))))), _xlfn.XLOOKUP(_xlpm._key,_xlpm._keys,'Data Pegawai'!$D$4:$D$53) )} -> 45147 | G54: {=_xlfn.LET( _xlpm._src,SUBSTITUTE(C54," ",""), _xlpm._key,_xlfn.TEXTJOIN("",TRUE,_xlfn._xlws.SORT(MID(LOWER(_xlpm._src),_xlfn.SEQUENCE(LEN(_xlpm._src)),1))), _xlpm._names,'Data Pegawai'!$A$4:$A$53, _xlpm._keys,_xlfn.BYROW(_xlpm._names,_xlfn.LAMBDA(_xlpm.r,_xlfn.LET(_xlpm._s,SUBSTITUTE(_xlpm.r," ",""),_xlfn.TEXTJOIN("",TRUE,_xlfn._xlws.SORT(MID(LOWER(_xlpm._s),_xlfn.SEQUENCE(LEN(_xlpm._s)),1)))))), _xlpm._cipher,_xlfn.XLOOKUP(_xlpm._key,_xlpm._keys,'Data Pegawai'!$E$4:$E$53), _xlpm._chars,MID(_xlpm._cipher,_xlfn.SEQUENCE(LEN(_xlpm._cipher)),1), _xlpm._decoded,_xlfn.TEXTJOIN("",TRUE,_xlfn.MAP(_xlpm._chars,_xlfn.LAMBDA(_xlpm.c,IF(CODE(_xlpm.c)=33," ",IF(CODE(_xlpm.c)=65,CHAR(90),IF(CODE(_xlpm.c)=97,CHAR(122),IF(OR(AND(CODE(_xlpm.c)>65,CODE(_xlpm.c)<=90),AND(CODE(_xlpm.c)>97,CODE(_xlpm.c)<=122)),CHAR(CODE(_xlpm.c)-1),_xlpm.c))))))), _xlpm._deckey,_xlfn.LET(_xlpm._d,SUBSTITUTE(_xlpm._decoded," ",""),_xlfn.TEXTJOIN("",TRUE,_xlfn._xlws.SORT(MID(LOWER(_xlpm._d),_xlfn.SEQUENCE(LEN(_xlpm._d)),1)))), _xlpm._jabatan,'Data Pegawai'!$J$4:$J$8, _xlpm._jabkeys,_xlfn.BYROW(_xlpm._jabatan,_xlfn.LAMBDA(_xlpm.j,_xlfn.LET(_xlpm._s,SUBSTITUTE(_xlpm.j," ",""),_xlfn.TEXTJOIN("",TRUE,_xlfn._xlws.SORT(MID(LOWER(_xlpm._s),_xlfn.SEQUENCE(LEN(_xlpm._s)),1)))))), _xlfn.XLOOKUP(_xlpm._deckey,_xlpm._jabkeys,'Data Pegawai'!$I$4:$I$8) )} -> IT | H54: {=_xlfn.LET( _xlpm._src,SUBSTITUTE(C54," ",""), _xlpm._key,_xlfn.TEXTJOIN("",TRUE,_xlfn._xlws.SORT(MID(LOWER(_xlpm._src),_xlfn.SEQUENCE(LEN(_xlpm._src)),1))), _xlpm._names,'Data Pegawai'!$A$4:$A$53, _xlpm._keys,_xlfn.BYROW(_xlpm._names,_xlfn.LAMBDA(_xlpm.r,_xlfn.LET(_xlpm._s,SUBSTITUTE(_xlpm.r," ",""),_xlfn.TEXTJOIN("",TRUE,_xlfn._xlws.SORT(MID(LOWER(_xlpm._s),_xlfn.SEQUENCE(LEN(_xlpm._s)),1)))))), _xlpm._cipher,_xlfn.XLOOKUP(_xlpm._key,_xlpm._keys,'Data Pegawai'!$E$4:$E$53), _xlpm._chars,MID(_xlpm._cipher,_xlfn.SEQUENCE(LEN(_xlpm._cipher)),1), _xlpm._decoded,_xlfn.TEXTJOIN("",TRUE,_xlfn.MAP(_xlpm._chars,_xlfn.LAMBDA(_xlpm.c,IF(CODE(_xlpm.c)=33," ",IF(CODE(_xlpm.c)=65,CHAR(90),IF(CODE(_xlpm.c)=97,CHAR(122),IF(OR(AND(CODE(_xlpm.c)>65,CODE(_xlpm.c)<=90),AND(CODE(_xlpm.c)>97,CODE(_xlpm.c)<=122)),CHAR(CODE(_xlpm.c)-1),_xlpm.c))))))), _xlpm._deckey,_xlfn.LET(_xlpm._d,SUBSTITUTE(_xlpm._decoded," ",""),_xlfn.TEXTJOIN("",TRUE,_xlfn._xlws.SORT(MID(LOWER(_xlpm._d),_xlfn.SEQUENCE(LEN(_xlpm._d)),1)))), _xlpm._jabatan,'Data Pegawai'!$J$4:$J$8, _xlpm._jabkeys,_xlfn.BYROW(_xlpm._jabatan,_xlfn.LAMBDA(_xlpm.j,_xlfn.LET(_xlpm._s,SUBSTITUTE(_xlpm.j," ",""),_xlfn.TEXTJOIN("",TRUE,_xlfn._xlws.SORT(MID(LOWER(_xlpm._s),_xlfn.SEQUENCE(LEN(_xlpm._s)),1)))))), _xlfn.XLOOKUP(_xlpm._deckey,_xlpm._jabkeys,_xlpm._jabatan) )} -> IT Support | I54: {=_xlfn.LET( _xlpm._raw,VLOOKUP(H54,'Data Pegawai'!$J$4:$L$8,2,0), _xlpm._e,FIND("E",_xlpm._raw), VALUE(MID(_xlpm._raw,2,_xlpm._e-2))*10^VALUE(RIGHT(_xlpm._raw,LEN(_xlpm._raw)-_xlpm._e)) )} -> 3000000 | J54: {=_xlfn.LET( _xlpm._raw,VLOOKUP(H54,'Data Pegawai'!$J$4:$L$8,3,0), _xlpm._e,FIND("E",_xlpm._raw), VALUE(MID(_xlpm._raw,2,_xlpm._e-2))*10^VALUE(RIGHT(_xlpm._raw,LEN(_xlpm._raw)-_xlpm._e)) )} -> 500000 | K54: =SUM(I54:J54) -> 3500000
B55: 9 | C55: liaa StferlBi | D55: {=_xlfn.LET( _xlpm._src,SUBSTITUTE(C55," ",""), _xlpm._key,_xlfn.TEXTJOIN("",TRUE,_xlfn._xlws.SORT(MID(LOWER(_xlpm._src),_xlfn.SEQUENCE(LEN(_xlpm._src)),1))), _xlpm._names,'Data Pegawai'!$A$4:$A$53, _xlpm._keys,_xlfn.BYROW(_xlpm._names,_xlfn.LAMBDA(_xlpm.r,_xlfn.LET(_xlpm._s,SUBSTITUTE(_xlpm.r," ",""),_xlfn.TEXTJOIN("",TRUE,_xlfn._xlws.SORT(MID(LOWER(_xlpm._s),_xlfn.SEQUENCE(LEN(_xlpm._s)),1)))))), _xlfn.XLOOKUP(_xlpm._key,_xlpm._keys,'Data Pegawai'!$B$4:$B$53) )} -> Semarang | E55: {=_xlfn.LET( _xlpm._src,SUBSTITUTE(C55," ",""), _xlpm._key,_xlfn.TEXTJOIN("",TRUE,_xlfn._xlws.SORT(MID(LOWER(_xlpm._src),_xlfn.SEQUENCE(LEN(_xlpm._src)),1))), _xlpm._names,'Data Pegawai'!$A$4:$A$53, _xlpm._keys,_xlfn.BYROW(_xlpm._names,_xlfn.LAMBDA(_xlpm.r,_xlfn.LET(_xlpm._s,SUBSTITUTE(_xlpm.r," ",""),_xlfn.TEXTJOIN("",TRUE,_xlfn._xlws.SORT(MID(LOWER(_xlpm._s),_xlfn.SEQUENCE(LEN(_xlpm._s)),1)))))), _xlfn.XLOOKUP(_xlpm._key,_xlpm._keys,'Data Pegawai'!$C$4:$C$53) )} -> 37890 | F55: {=_xlfn.LET( _xlpm._src,SUBSTITUTE(C55," ",""), _xlpm._key,_xlfn.TEXTJOIN("",TRUE,_xlfn._xlws.SORT(MID(LOWER(_xlpm._src),_xlfn.SEQUENCE(LEN(_xlpm._src)),1))), _xlpm._names,'Data Pegawai'!$A$4:$A$53, _xlpm._keys,_xlfn.BYROW(_xlpm._names,_xlfn.LAMBDA(_xlpm.r,_xlfn.LET(_xlpm._s,SUBSTITUTE(_xlpm.r," ",""),_xlfn.TEXTJOIN("",TRUE,_xlfn._xlws.SORT(MID(LOWER(_xlpm._s),_xlfn.SEQUENCE(LEN(_xlpm._s)),1)))))), _xlfn.XLOOKUP(_xlpm._key,_xlpm._keys,'Data Pegawai'!$D$4:$D$53) )} -> 43361 | G55: {=_xlfn.LET( _xlpm._src,SUBSTITUTE(C55," ",""), _xlpm._key,_xlfn.TEXTJOIN("",TRUE,_xlfn._xlws.SORT(MID(LOWER(_xlpm._src),_xlfn.SEQUENCE(LEN(_xlpm._src)),1))), _xlpm._names,'Data Pegawai'!$A$4:$A$53, _xlpm._keys,_xlfn.BYROW(_xlpm._names,_xlfn.LAMBDA(_xlpm.r,_xlfn.LET(_xlpm._s,SUBSTITUTE(_xlpm.r," ",""),_xlfn.TEXTJOIN("",TRUE,_xlfn._xlws.SORT(MID(LOWER(_xlpm._s),_xlfn.SEQUENCE(LEN(_xlpm._s)),1)))))), _xlpm._cipher,_xlfn.XLOOKUP(_xlpm._key,_xlpm._keys,'Data Pegawai'!$E$4:$E$53), _xlpm._chars,MID(_xlpm._cipher,_xlfn.SEQUENCE(LEN(_xlpm._cipher)),1), _xlpm._decoded,_xlfn.TEXTJOIN("",TRUE,_xlfn.MAP(_xlpm._chars,_xlfn.LAMBDA(_xlpm.c,IF(CODE(_xlpm.c)=33," ",IF(CODE(_xlpm.c)=65,CHAR(90),IF(CODE(_xlpm.c)=97,CHAR(122),IF(OR(AND(CODE(_xlpm.c)>65,CODE(_xlpm.c)<=90),AND(CODE(_xlpm.c)>97,CODE(_xlpm.c)<=122)),CHAR(CODE(_xlpm.c)-1),_xlpm.c))))))), _xlpm._deckey,_xlfn.LET(_xlpm._d,SUBSTITUTE(_xlpm._decoded," ",""),_xlfn.TEXTJOIN("",TRUE,_xlfn._xlws.SORT(MID(LOWER(_xlpm._d),_xlfn.SEQUENCE(LEN(_xlpm._d)),1)))), _xlpm._jabatan,'Data Pegawai'!$J$4:$J$8, _xlpm._jabkeys,_xlfn.BYROW(_xlpm._jabatan,_xlfn.LAMBDA(_xlpm.j,_xlfn.LET(_xlpm._s,SUBSTITUTE(_xlpm.j," ",""),_xlfn.TEXTJOIN("",TRUE,_xlfn._xlws.SORT(MID(LOWER(_xlpm._s),_xlfn.SEQUENCE(LEN(_xlpm._s)),1)))))), _xlfn.XLOOKUP(_xlpm._deckey,_xlpm._jabkeys,'Data Pegawai'!$I$4:$I$8) )} -> ADM | H55: {=_xlfn.LET( _xlpm._src,SUBSTITUTE(C55," ",""), _xlpm._key,_xlfn.TEXTJOIN("",TRUE,_xlfn._xlws.SORT(MID(LOWER(_xlpm._src),_xlfn.SEQUENCE(LEN(_xlpm._src)),1))), _xlpm._names,'Data Pegawai'!$A$4:$A$53, _xlpm._keys,_xlfn.BYROW(_xlpm._names,_xlfn.LAMBDA(_xlpm.r,_xlfn.LET(_xlpm._s,SUBSTITUTE(_xlpm.r," ",""),_xlfn.TEXTJOIN("",TRUE,_xlfn._xlws.SORT(MID(LOWER(_xlpm._s),_xlfn.SEQUENCE(LEN(_xlpm._s)),1)))))), _xlpm._cipher,_xlfn.XLOOKUP(_xlpm._key,_xlpm._keys,'Data Pegawai'!$E$4:$E$53), _xlpm._chars,MID(_xlpm._cipher,_xlfn.SEQUENCE(LEN(_xlpm._cipher)),1), _xlpm._decoded,_xlfn.TEXTJOIN("",TRUE,_xlfn.MAP(_xlpm._chars,_xlfn.LAMBDA(_xlpm.c,IF(CODE(_xlpm.c)=33," ",IF(CODE(_xlpm.c)=65,CHAR(90),IF(CODE(_xlpm.c)=97,CHAR(122),IF(OR(AND(CODE(_xlpm.c)>65,CODE(_xlpm.c)<=90),AND(CODE(_xlpm.c)>97,CODE(_xlpm.c)<=122)),CHAR(CODE(_xlpm.c)-1),_xlpm.c))))))), _xlpm._deckey,_xlfn.LET(_xlpm._d,SUBSTITUTE(_xlpm._decoded," ",""),_xlfn.TEXTJOIN("",TRUE,_xlfn._xlws.SORT(MID(LOWER(_xlpm._d),_xlfn.SEQUENCE(LEN(_xlpm._d)),1)))), _xlpm._jabatan,'Data Pegawai'!$J$4:$J$8, _xlpm._jabkeys,_xlfn.BYROW(_xlpm._jabatan,_xlfn.LAMBDA(_xlpm.j,_xlfn.LET(_xlpm._s,SUBSTITUTE(_xlpm.j," ",""),_xlfn.TEXTJOIN("",TRUE,_xlfn._xlws.SORT(MID(LOWER(_xlpm._s),_xlfn.SEQUENCE(LEN(_xlpm._s)),1)))))), _xlfn.XLOOKUP(_xlpm._deckey,_xlpm._jabkeys,_xlpm._jabatan) )} -> Admin | I55: {=_xlfn.LET( _xlpm._raw,VLOOKUP(H55,'Data Pegawai'!$J$4:$L$8,2,0), _xlpm._e,FIND("E",_xlpm._raw), VALUE(MID(_xlpm._raw,2,_xlpm._e-2))*10^VALUE(RIGHT(_xlpm._raw,LEN(_xlpm._raw)-_xlpm._e)) )} -> 2500000 | J55: {=_xlfn.LET( _xlpm._raw,VLOOKUP(H55,'Data Pegawai'!$J$4:$L$8,3,0), _xlpm._e,FIND("E",_xlpm._raw), VALUE(MID(_xlpm._raw,2,_xlpm._e-2))*10^VALUE(RIGHT(_xlpm._raw,LEN(_xlpm._raw)-_xlpm._e)) )} -> 50000 | K55: =SUM(I55:J55) -> 2550000
B56: 10 | C56: rud kisoPaYo | D56: {=_xlfn.LET( _xlpm._src,SUBSTITUTE(C56," ",""), _xlpm._key,_xlfn.TEXTJOIN("",TRUE,_xlfn._xlws.SORT(MID(LOWER(_xlpm._src),_xlfn.SEQUENCE(LEN(_xlpm._src)),1))), _xlpm._names,'Data Pegawai'!$A$4:$A$53, _xlpm._keys,_xlfn.BYROW(_xlpm._names,_xlfn.LAMBDA(_xlpm.r,_xlfn.LET(_xlpm._s,SUBSTITUTE(_xlpm.r," ",""),_xlfn.TEXTJOIN("",TRUE,_xlfn._xlws.SORT(MID(LOWER(_xlpm._s),_xlfn.SEQUENCE(LEN(_xlpm._s)),1)))))), _xlfn.XLOOKUP(_xlpm._key,_xlpm._keys,'Data Pegawai'!$B$4:$B$53) )} -> Semarang | E56: {=_xlfn.LET( _xlpm._src,SUBSTITUTE(C56," ",""), _xlpm._key,_xlfn.TEXTJOIN("",TRUE,_xlfn._xlws.SORT(MID(LOWER(_xlpm._src),_xlfn.SEQUENCE(LEN(_xlpm._src)),1))), _xlpm._names,'Data Pegawai'!$A$4:$A$53, _xlpm._keys,_xlfn.BYROW(_xlpm._names,_xlfn.LAMBDA(_xlpm.r,_xlfn.LET(_xlpm._s,SUBSTITUTE(_xlpm.r," ",""),_xlfn.TEXTJOIN("",TRUE,_xlfn._xlws.SORT(MID(LOWER(_xlpm._s),_xlfn.SEQUENCE(LEN(_xlpm._s)),1)))))), _xlfn.XLOOKUP(_xlpm._key,_xlpm._keys,'Data Pegawai'!$C$4:$C$53) )} -> 33236 | F56: {=_xlfn.LET( _xlpm._src,SUBSTITUTE(C56," ",""), _xlpm._key,_xlfn.TEXTJOIN("",TRUE,_xlfn._xlws.SORT(MID(LOWER(_xlpm._src),_xlfn.SEQUENCE(LEN(_xlpm._src)),1))), _xlpm._names,'Data Pegawai'!$A$4:$A$53, _xlpm._keys,_xlfn.BYROW(_xlpm._names,_xlfn.LAMBDA(_xlpm.r,_xlfn.LET(_xlpm._s,SUBSTITUTE(_xlpm.r," ",""),_xlfn.TEXTJOIN("",TRUE,_xlfn._xlws.SORT(MID(LOWER(_xlpm._s),_xlfn.SEQUENCE(LEN(_xlpm._s)),1)))))), _xlfn.XLOOKUP(_xlpm._key,_xlpm._keys,'Data Pegawai'!$D$4:$D$53) )} -> 44761 | G56: {=_xlfn.LET( _xlpm._src,SUBSTITUTE(C56," ",""), _xlpm._key,_xlfn.TEXTJOIN("",TRUE,_xlfn._xlws.SORT(MID(LOWER(_xlpm._src),_xlfn.SEQUENCE(LEN(_xlpm._src)),1))), _xlpm._names,'Data Pegawai'!$A$4:$A$53, _xlpm._keys,_xlfn.BYROW(_xlpm._names,_xlfn.LAMBDA(_xlpm.r,_xlfn.LET(_xlpm._s,SUBSTITUTE(_xlpm.r," ",""),_xlfn.TEXTJOIN("",TRUE,_xlfn._xlws.SORT(MID(LOWER(_xlpm._s),_xlfn.SEQUENCE(LEN(_xlpm._s)),1)))))), _xlpm._cipher,_xlfn.XLOOKUP(_xlpm._key,_xlpm._keys,'Data Pegawai'!$E$4:$E$53), _xlpm._chars,MID(_xlpm._cipher,_xlfn.SEQUENCE(LEN(_xlpm._cipher)),1), _xlpm._decoded,_xlfn.TEXTJOIN("",TRUE,_xlfn.MAP(_xlpm._chars,_xlfn.LAMBDA(_xlpm.c,IF(CODE(_xlpm.c)=33," ",IF(CODE(_xlpm.c)=65,CHAR(90),IF(CODE(_xlpm.c)=97,CHAR(122),IF(OR(AND(CODE(_xlpm.c)>65,CODE(_xlpm.c)<=90),AND(CODE(_xlpm.c)>97,CODE(_xlpm.c)<=122)),CHAR(CODE(_xlpm.c)-1),_xlpm.c))))))), _xlpm._deckey,_xlfn.LET(_xlpm._d,SUBSTITUTE(_xlpm._decoded," ",""),_xlfn.TEXTJOIN("",TRUE,_xlfn._xlws.SORT(MID(LOWER(_xlpm._d),_xlfn.SEQUENCE(LEN(_xlpm._d)),1)))), _xlpm._jabatan,'Data Pegawai'!$J$4:$J$8, _xlpm._jabkeys,_xlfn.BYROW(_xlpm._jabatan,_xlfn.LAMBDA(_xlpm.j,_xlfn.LET(_xlpm._s,SUBSTITUTE(_xlpm.j," ",""),_xlfn.TEXTJOIN("",TRUE,_xlfn._xlws.SORT(MID(LOWER(_xlpm._s),_xlfn.SEQUENCE(LEN(_xlpm._s)),1)))))), _xlfn.XLOOKUP(_xlpm._deckey,_xlpm._jabkeys,'Data Pegawai'!$I$4:$I$8) )} -> IT | H56: {=_xlfn.LET( _xlpm._src,SUBSTITUTE(C56," ",""), _xlpm._key,_xlfn.TEXTJOIN("",TRUE,_xlfn._xlws.SORT(MID(LOWER(_xlpm._src),_xlfn.SEQUENCE(LEN(_xlpm._src)),1))), _xlpm._names,'Data Pegawai'!$A$4:$A$53, _xlpm._keys,_xlfn.BYROW(_xlpm._names,_xlfn.LAMBDA(_xlpm.r,_xlfn.LET(_xlpm._s,SUBSTITUTE(_xlpm.r," ",""),_xlfn.TEXTJOIN("",TRUE,_xlfn._xlws.SORT(MID(LOWER(_xlpm._s),_xlfn.SEQUENCE(LEN(_xlpm._s)),1)))))), _xlpm._cipher,_xlfn.XLOOKUP(_xlpm._key,_xlpm._keys,'Data Pegawai'!$E$4:$E$53), _xlpm._chars,MID(_xlpm._cipher,_xlfn.SEQUENCE(LEN(_xlpm._cipher)),1), _xlpm._decoded,_xlfn.TEXTJOIN("",TRUE,_xlfn.MAP(_xlpm._chars,_xlfn.LAMBDA(_xlpm.c,IF(CODE(_xlpm.c)=33," ",IF(CODE(_xlpm.c)=65,CHAR(90),IF(CODE(_xlpm.c)=97,CHAR(122),IF(OR(AND(CODE(_xlpm.c)>65,CODE(_xlpm.c)<=90),AND(CODE(_xlpm.c)>97,CODE(_xlpm.c)<=122)),CHAR(CODE(_xlpm.c)-1),_xlpm.c))))))), _xlpm._deckey,_xlfn.LET(_xlpm._d,SUBSTITUTE(_xlpm._decoded," ",""),_xlfn.TEXTJOIN("",TRUE,_xlfn._xlws.SORT(MID(LOWER(_xlpm._d),_xlfn.SEQUENCE(LEN(_xlpm._d)),1)))), _xlpm._jabatan,'Data Pegawai'!$J$4:$J$8, _xlpm._jabkeys,_xlfn.BYROW(_xlpm._jabatan,_xlfn.LAMBDA(_xlpm.j,_xlfn.LET(_xlpm._s,SUBSTITUTE(_xlpm.j," ",""),_xlfn.TEXTJOIN("",TRUE,_xlfn._xlws.SORT(MID(LOWER(_xlpm._s),_xlfn.SEQUENCE(LEN(_xlpm._s)),1)))))), _xlfn.XLOOKUP(_xlpm._deckey,_xlpm._jabkeys,_xlpm._jabatan) )} -> IT Support | I56: {=_xlfn.LET( _xlpm._raw,VLOOKUP(H56,'Data Pegawai'!$J$4:$L$8,2,0), _xlpm._e,FIND("E",_xlpm._raw), VALUE(MID(_xlpm._raw,2,_xlpm._e-2))*10^VALUE(RIGHT(_xlpm._raw,LEN(_xlpm._raw)-_xlpm._e)) )} -> 3000000 | J56: {=_xlfn.LET( _xlpm._raw,VLOOKUP(H56,'Data Pegawai'!$J$4:$L$8,3,0), _xlpm._e,FIND("E",_xlpm._raw), VALUE(MID(_xlpm._raw,2,_xlpm._e-2))*10^VALUE(RIGHT(_xlpm._raw,LEN(_xlpm._raw)-_xlpm._e)) )} -> 500000 | K56: =SUM(I56:J56) -> 3500000
B57: 11 | C57: aWi iSnrlaardu | D57: {=_xlfn.LET( _xlpm._src,SUBSTITUTE(C57," ",""), _xlpm._key,_xlfn.TEXTJOIN("",TRUE,_xlfn._xlws.SORT(MID(LOWER(_xlpm._src),_xlfn.SEQUENCE(LEN(_xlpm._src)),1))), _xlpm._names,'Data Pegawai'!$A$4:$A$53, _xlpm._keys,_xlfn.BYROW(_xlpm._names,_xlfn.LAMBDA(_xlpm.r,_xlfn.LET(_xlpm._s,SUBSTITUTE(_xlpm.r," ",""),_xlfn.TEXTJOIN("",TRUE,_xlfn._xlws.SORT(MID(LOWER(_xlpm._s),_xlfn.SEQUENCE(LEN(_xlpm._s)),1)))))), _xlfn.XLOOKUP(_xlpm._key,_xlpm._keys,'Data Pegawai'!$B$4:$B$53) )} -> Palembang | E57: {=_xlfn.LET( _xlpm._src,SUBSTITUTE(C57," ",""), _xlpm._key,_xlfn.TEXTJOIN("",TRUE,_xlfn._xlws.SORT(MID(LOWER(_xlpm._src),_xlfn.SEQUENCE(LEN(_xlpm._src)),1))), _xlpm._names,'Data Pegawai'!$A$4:$A$53, _xlpm._keys,_xlfn.BYROW(_xlpm._names,_xlfn.LAMBDA(_xlpm.r,_xlfn.LET(_xlpm._s,SUBSTITUTE(_xlpm.r," ",""),_xlfn.TEXTJOIN("",TRUE,_xlfn._xlws.SORT(MID(LOWER(_xlpm._s),_xlfn.SEQUENCE(LEN(_xlpm._s)),1)))))), _xlfn.XLOOKUP(_xlpm._key,_xlpm._keys,'Data Pegawai'!$C$4:$C$53) )} -> 33698 | F57: {=_xlfn.LET( _xlpm._src,SUBSTITUTE(C57," ",""), _xlpm._key,_xlfn.TEXTJOIN("",TRUE,_xlfn._xlws.SORT(MID(LOWER(_xlpm._src),_xlfn.SEQUENCE(LEN(_xlpm._src)),1))), _xlpm._names,'Data Pegawai'!$A$4:$A$53, _xlpm._keys,_xlfn.BYROW(_xlpm._names,_xlfn.LAMBDA(_xlpm.r,_xlfn.LET(_xlpm._s,SUBSTITUTE(_xlpm.r," ",""),_xlfn.TEXTJOIN("",TRUE,_xlfn._xlws.SORT(MID(LOWER(_xlpm._s),_xlfn.SEQUENCE(LEN(_xlpm._s)),1)))))), _xlfn.XLOOKUP(_xlpm._key,_xlpm._keys,'Data Pegawai'!$D$4:$D$53) )} -> 45148 | G57: {=_xlfn.LET( _xlpm._src,SUBSTITUTE(C57," ",""), _xlpm._key,_xlfn.TEXTJOIN("",TRUE,_xlfn._xlws.SORT(MID(LOWER(_xlpm._src),_xlfn.SEQUENCE(LEN(_xlpm._src)),1))), _xlpm._names,'Data Pegawai'!$A$4:$A$53, _xlpm._keys,_xlfn.BYROW(_xlpm._names,_xlfn.LAMBDA(_xlpm.r,_xlfn.LET(_xlpm._s,SUBSTITUTE(_xlpm.r," ",""),_xlfn.TEXTJOIN("",TRUE,_xlfn._xlws.SORT(MID(LOWER(_xlpm._s),_xlfn.SEQUENCE(LEN(_xlpm._s)),1)))))), _xlpm._cipher,_xlfn.XLOOKUP(_xlpm._key,_xlpm._keys,'Data Pegawai'!$E$4:$E$53), _xlpm._chars,MID(_xlpm._cipher,_xlfn.SEQUENCE(LEN(_xlpm._cipher)),1), _xlpm._decoded,_xlfn.TEXTJOIN("",TRUE,_xlfn.MAP(_xlpm._chars,_xlfn.LAMBDA(_xlpm.c,IF(CODE(_xlpm.c)=33," ",IF(CODE(_xlpm.c)=65,CHAR(90),IF(CODE(_xlpm.c)=97,CHAR(122),IF(OR(AND(CODE(_xlpm.c)>65,CODE(_xlpm.c)<=90),AND(CODE(_xlpm.c)>97,CODE(_xlpm.c)<=122)),CHAR(CODE(_xlpm.c)-1),_xlpm.c))))))), _xlpm._deckey,_xlfn.LET(_xlpm._d,SUBSTITUTE(_xlpm._decoded," ",""),_xlfn.TEXTJOIN("",TRUE,_xlfn._xlws.SORT(MID(LOWER(_xlpm._d),_xlfn.SEQUENCE(LEN(_xlpm._d)),1)))), _xlpm._jabatan,'Data Pegawai'!$J$4:$J$8, _xlpm._jabkeys,_xlfn.BYROW(_xlpm._jabatan,_xlfn.LAMBDA(_xlpm.j,_xlfn.LET(_xlpm._s,SUBSTITUTE(_xlpm.j," ",""),_xlfn.TEXTJOIN("",TRUE,_xlfn._xlws.SORT(MID(LOWER(_xlpm._s),_xlfn.SEQUENCE(LEN(_xlpm._s)),1)))))), _xlfn.XLOOKUP(_xlpm._deckey,_xlpm._jabkeys,'Data Pegawai'!$I$4:$I$8) )} -> MKT | H57: {=_xlfn.LET( _xlpm._src,SUBSTITUTE(C57," ",""), _xlpm._key,_xlfn.TEXTJOIN("",TRUE,_xlfn._xlws.SORT(MID(LOWER(_xlpm._src),_xlfn.SEQUENCE(LEN(_xlpm._src)),1))), _xlpm._names,'Data Pegawai'!$A$4:$A$53, _xlpm._keys,_xlfn.BYROW(_xlpm._names,_xlfn.LAMBDA(_xlpm.r,_xlfn.LET(_xlpm._s,SUBSTITUTE(_xlpm.r," ",""),_xlfn.TEXTJOIN("",TRUE,_xlfn._xlws.SORT(MID(LOWER(_xlpm._s),_xlfn.SEQUENCE(LEN(_xlpm._s)),1)))))), _xlpm._cipher,_xlfn.XLOOKUP(_xlpm._key,_xlpm._keys,'Data Pegawai'!$E$4:$E$53), _xlpm._chars,MID(_xlpm._cipher,_xlfn.SEQUENCE(LEN(_xlpm._cipher)),1), _xlpm._decoded,_xlfn.TEXTJOIN("",TRUE,_xlfn.MAP(_xlpm._chars,_xlfn.LAMBDA(_xlpm.c,IF(CODE(_xlpm.c)=33," ",IF(CODE(_xlpm.c)=65,CHAR(90),IF(CODE(_xlpm.c)=97,CHAR(122),IF(OR(AND(CODE(_xlpm.c)>65,CODE(_xlpm.c)<=90),AND(CODE(_xlpm.c)>97,CODE(_xlpm.c)<=122)),CHAR(CODE(_xlpm.c)-1),_xlpm.c))))))), _xlpm._deckey,_xlfn.LET(_xlpm._d,SUBSTITUTE(_xlpm._decoded," ",""),_xlfn.TEXTJOIN("",TRUE,_xlfn._xlws.SORT(MID(LOWER(_xlpm._d),_xlfn.SEQUENCE(LEN(_xlpm._d)),1)))), _xlpm._jabatan,'Data Pegawai'!$J$4:$J$8, _xlpm._jabkeys,_xlfn.BYROW(_xlpm._jabatan,_xlfn.LAMBDA(_xlpm.j,_xlfn.LET(_xlpm._s,SUBSTITUTE(_xlpm.j," ",""),_xlfn.TEXTJOIN("",TRUE,_xlfn._xlws.SORT(MID(LOWER(_xlpm._s),_xlfn.SEQUENCE(LEN(_xlpm._s)),1)))))), _xlfn.XLOOKUP(_xlpm._deckey,_xlpm._jabkeys,_xlpm._jabatan) )} -> Marketing | I57: {=_xlfn.LET( _xlpm._raw,VLOOKUP(H57,'Data Pegawai'!$J$4:$L$8,2,0), _xlpm._e,FIND("E",_xlpm._raw), VALUE(MID(_xlpm._raw,2,_xlpm._e-2))*10^VALUE(RIGHT(_xlpm._raw,LEN(_xlpm._raw)-_xlpm._e)) )} -> 4500000 | J57: {=_xlfn.LET( _xlpm._raw,VLOOKUP(H57,'Data Pegawai'!$J$4:$L$8,3,0), _xlpm._e,FIND("E",_xlpm._raw), VALUE(MID(_xlpm._raw,2,_xlpm._e-2))*10^VALUE(RIGHT(_xlpm._raw,LEN(_xlpm._raw)-_xlpm._e)) )} -> 100000 | K57: =SUM(I57:J57) -> 4600000
B58: 12 | C58: rnaD tikaaiK | D58: {=_xlfn.LET( _xlpm._src,SUBSTITUTE(C58," ",""), _xlpm._key,_xlfn.TEXTJOIN("",TRUE,_xlfn._xlws.SORT(MID(LOWER(_xlpm._src),_xlfn.SEQUENCE(LEN(_xlpm._src)),1))), _xlpm._names,'Data Pegawai'!$A$4:$A$53, _xlpm._keys,_xlfn.BYROW(_xlpm._names,_xlfn.LAMBDA(_xlpm.r,_xlfn.LET(_xlpm._s,SUBSTITUTE(_xlpm.r," ",""),_xlfn.TEXTJOIN("",TRUE,_xlfn._xlws.SORT(MID(LOWER(_xlpm._s),_xlfn.SEQUENCE(LEN(_xlpm._s)),1)))))), _xlfn.XLOOKUP(_xlpm._key,_xlpm._keys,'Data Pegawai'!$B$4:$B$53) )} -> Medan | E58: {=_xlfn.LET( _xlpm._src,SUBSTITUTE(C58," ",""), _xlpm._key,_xlfn.TEXTJOIN("",TRUE,_xlfn._xlws.SORT(MID(LOWER(_xlpm._src),_xlfn.SEQUENCE(LEN(_xlpm._src)),1))), _xlpm._names,'Data Pegawai'!$A$4:$A$53, _xlpm._keys,_xlfn.BYROW(_xlpm._names,_xlfn.LAMBDA(_xlpm.r,_xlfn.LET(_xlpm._s,SUBSTITUTE(_xlpm.r," ",""),_xlfn.TEXTJOIN("",TRUE,_xlfn._xlws.SORT(MID(LOWER(_xlpm._s),_xlfn.SEQUENCE(LEN(_xlpm._s)),1)))))), _xlfn.XLOOKUP(_xlpm._key,_xlpm._keys,'Data Pegawai'!$C$4:$C$53) )} -> 31930 | F58: {=_xlfn.LET( _xlpm._src,SUBSTITUTE(C58," ",""), _xlpm._key,_xlfn.TEXTJOIN("",TRUE,_xlfn._xlws.SORT(MID(LOWER(_xlpm._src),_xlfn.SEQUENCE(LEN(_xlpm._src)),1))), _xlpm._names,'Data Pegawai'!$A$4:$A$53, _xlpm._keys,_xlfn.BYROW(_xlpm._names,_xlfn.LAMBDA(_xlpm.r,_xlfn.LET(_xlpm._s,SUBSTITUTE(_xlpm.r," ",""),_xlfn.TEXTJOIN("",TRUE,_xlfn._xlws.SORT(MID(LOWER(_xlpm._s),_xlfn.SEQUENCE(LEN(_xlpm._s)),1)))))), _xlfn.XLOOKUP(_xlpm._key,_xlpm._keys,'Data Pegawai'!$D$4:$D$53) )} -> 42136 | G58: {=_xlfn.LET( _xlpm._src,SUBSTITUTE(C58," ",""), _xlpm._key,_xlfn.TEXTJOIN("",TRUE,_xlfn._xlws.SORT(MID(LOWER(_xlpm._src),_xlfn.SEQUENCE(LEN(_xlpm._src)),1))), _xlpm._names,'Data Pegawai'!$A$4:$A$53, _xlpm._keys,_xlfn.BYROW(_xlpm._names,_xlfn.LAMBDA(_xlpm.r,_xlfn.LET(_xlpm._s,SUBSTITUTE(_xlpm.r," ",""),_xlfn.TEXTJOIN("",TRUE,_xlfn._xlws.SORT(MID(LOWER(_xlpm._s),_xlfn.SEQUENCE(LEN(_xlpm._s)),1)))))), _xlpm._cipher,_xlfn.XLOOKUP(_xlpm._key,_xlpm._keys,'Data Pegawai'!$E$4:$E$53), _xlpm._chars,MID(_xlpm._cipher,_xlfn.SEQUENCE(LEN(_xlpm._cipher)),1), _xlpm._decoded,_xlfn.TEXTJOIN("",TRUE,_xlfn.MAP(_xlpm._chars,_xlfn.LAMBDA(_xlpm.c,IF(CODE(_xlpm.c)=33," ",IF(CODE(_xlpm.c)=65,CHAR(90),IF(CODE(_xlpm.c)=97,CHAR(122),IF(OR(AND(CODE(_xlpm.c)>65,CODE(_xlpm.c)<=90),AND(CODE(_xlpm.c)>97,CODE(_xlpm.c)<=122)),CHAR(CODE(_xlpm.c)-1),_xlpm.c))))))), _xlpm._deckey,_xlfn.LET(_xlpm._d,SUBSTITUTE(_xlpm._decoded," ",""),_xlfn.TEXTJOIN("",TRUE,_xlfn._xlws.SORT(MID(LOWER(_xlpm._d),_xlfn.SEQUENCE(LEN(_xlpm._d)),1)))), _xlpm._jabatan,'Data Pegawai'!$J$4:$J$8, _xlpm._jabkeys,_xlfn.BYROW(_xlpm._jabatan,_xlfn.LAMBDA(_xlpm.j,_xlfn.LET(_xlpm._s,SUBSTITUTE(_xlpm.j," ",""),_xlfn.TEXTJOIN("",TRUE,_xlfn._xlws.SORT(MID(LOWER(_xlpm._s),_xlfn.SEQUENCE(LEN(_xlpm._s)),1)))))), _xlfn.XLOOKUP(_xlpm._deckey,_xlpm._jabkeys,'Data Pegawai'!$I$4:$I$8) )} -> SPV | H58: {=_xlfn.LET( _xlpm._src,SUBSTITUTE(C58," ",""), _xlpm._key,_xlfn.TEXTJOIN("",TRUE,_xlfn._xlws.SORT(MID(LOWER(_xlpm._src),_xlfn.SEQUENCE(LEN(_xlpm._src)),1))), _xlpm._names,'Data Pegawai'!$A$4:$A$53, _xlpm._keys,_xlfn.BYROW(_xlpm._names,_xlfn.LAMBDA(_xlpm.r,_xlfn.LET(_xlpm._s,SUBSTITUTE(_xlpm.r," ",""),_xlfn.TEXTJOIN("",TRUE,_xlfn._xlws.SORT(MID(LOWER(_xlpm._s),_xlfn.SEQUENCE(LEN(_xlpm._s)),1)))))), _xlpm._cipher,_xlfn.XLOOKUP(_xlpm._key,_xlpm._keys,'Data Pegawai'!$E$4:$E$53), _xlpm._chars,MID(_xlpm._cipher,_xlfn.SEQUENCE(LEN(_xlpm._cipher)),1), _xlpm._decoded,_xlfn.TEXTJOIN("",TRUE,_xlfn.MAP(_xlpm._chars,_xlfn.LAMBDA(_xlpm.c,IF(CODE(_xlpm.c)=33," ",IF(CODE(_xlpm.c)=65,CHAR(90),IF(CODE(_xlpm.c)=97,CHAR(122),IF(OR(AND(CODE(_xlpm.c)>65,CODE(_xlpm.c)<=90),AND(CODE(_xlpm.c)>97,CODE(_xlpm.c)<=122)),CHAR(CODE(_xlpm.c)-1),_xlpm.c))))))), _xlpm._deckey,_xlfn.LET(_xlpm._d,SUBSTITUTE(_xlpm._decoded," ",""),_xlfn.TEXTJOIN("",TRUE,_xlfn._xlws.SORT(MID(LOWER(_xlpm._d),_xlfn.SEQUENCE(LEN(_xlpm._d)),1)))), _xlpm._jabatan,'Data Pegawai'!$J$4:$J$8, _xlpm._jabkeys,_xlfn.BYROW(_xlpm._jabatan,_xlfn.LAMBDA(_xlpm.j,_xlfn.LET(_xlpm._s,SUBSTITUTE(_xlpm.j," ",""),_xlfn.TEXTJOIN("",TRUE,_xlfn._xlws.SORT(MID(LOWER(_xlpm._s),_xlfn.SEQUENCE(LEN(_xlpm._s)),1)))))), _xlfn.XLOOKUP(_xlpm._deckey,_xlpm._jabkeys,_xlpm._jabatan) )} -> Supervisor | I58: {=_xlfn.LET( _xlpm._raw,VLOOKUP(H58,'Data Pegawai'!$J$4:$L$8,2,0), _xlpm._e,FIND("E",_xlpm._raw), VALUE(MID(_xlpm._raw,2,_xlpm._e-2))*10^VALUE(RIGHT(_xlpm._raw,LEN(_xlpm._raw)-_xlpm._e)) )} -> 5000000 | J58: {=_xlfn.LET( _xlpm._raw,VLOOKUP(H58,'Data Pegawai'!$J$4:$L$8,3,0), _xlpm._e,FIND("E",_xlpm._raw), VALUE(MID(_xlpm._raw,2,_xlpm._e-2))*10^VALUE(RIGHT(_xlpm._raw,LEN(_xlpm._raw)-_xlpm._e)) )} -> 150000 | K58: =SUM(I58:J58) -> 5150000
... B62: 16 | C62: amkikma HunL | D62: {=_xlfn.LET( _xlpm._src,SUBSTITUTE(C62," ",""), _xlpm._key,_xlfn.TEXTJOIN("",TRUE,_xlfn._xlws.SORT(MID(LOWER(_xlpm._src),_xlfn.SEQUENCE(LEN(_xlpm._src)),1))), _xlpm._names,'Data Pegawai'!$A$4:$A$53, _xlpm._keys,_xlfn.BYROW(_xlpm._names,_xlfn.LAMBDA(_xlpm.r,_xlfn.LET(_xlpm._s,SUBSTITUTE(_xlpm.r," ",""),_xlfn.TEXTJOIN("",TRUE,_xlfn._xlws.SORT(MID(LOWER(_xlpm._s),_xlfn.SEQUENCE(LEN(_xlpm._s)),1)))))), _xlfn.XLOOKUP(_xlpm._key,_xlpm._keys,'Data Pegawai'!$B$4:$B$53) )} -> Bandung | E62: {=_xlfn.LET( _xlpm._src,SUBSTITUTE(C62," ",""), _xlpm._key,_xlfn.TEXTJOIN("",TRUE,_xlfn._xlws.SORT(MID(LOWER(_xlpm._src),_xlfn.SEQUENCE(LEN(_xlpm._src)),1))), _xlpm._names,'Data Pegawai'!$A$4:$A$53, _xlpm._keys,_xlfn.BYROW(_xlpm._names,_xlfn.LAMBDA(_xlpm.r,_xlfn.LET(_xlpm._s,SUBSTITUTE(_xlpm.r," ",""),_xlfn.TEXTJOIN("",TRUE,_xlfn._xlws.SORT(MID(LOWER(_xlpm._s),_xlfn.SEQUENCE(LEN(_xlpm._s)),1)))))), _xlfn.XLOOKUP(_xlpm._key,_xlpm._keys,'Data Pegawai'!$C$4:$C$53) )} -> 36696 | F62: {=_xlfn.LET( _xlpm._src,SUBSTITUTE(C62," ",""), _xlpm._key,_xlfn.TEXTJOIN("",TRUE,_xlfn._xlws.SORT(MID(LOWER(_xlpm._src),_xlfn.SEQUENCE(LEN(_xlpm._src)),1))), _xlpm._names,'Data Pegawai'!$A$4:$A$53, _xlpm._keys,_xlfn.BYROW(_xlpm._names,_xlfn.LAMBDA(_xlpm.r,_xlfn.LET(_xlpm._s,SUBSTITUTE(_xlpm.r," ",""),_xlfn.TEXTJOIN("",TRUE,_xlfn._xlws.SORT(MID(LOWER(_xlpm._s),_xlfn.SEQUENCE(LEN(_xlpm._s)),1)))))), _xlfn.XLOOKUP(_xlpm._key,_xlpm._keys,'Data Pegawai'!$D$4:$D$53) )} -> 42444 | G62: {=_xlfn.LET( _xlpm._src,SUBSTITUTE(C62," ",""), _xlpm._key,_xlfn.TEXTJOIN("",TRUE,_xlfn._xlws.SORT(MID(LOWER(_xlpm._src),_xlfn.SEQUENCE(LEN(_xlpm._src)),1))), _xlpm._names,'Data Pegawai'!$A$4:$A$53, _xlpm._keys,_xlfn.BYROW(_xlpm._names,_xlfn.LAMBDA(_xlpm.r,_xlfn.LET(_xlpm._s,SUBSTITUTE(_xlpm.r," ",""),_xlfn.TEXTJOIN("",TRUE,_xlfn._xlws.SORT(MID(LOWER(_xlpm._s),_xlfn.SEQUENCE(LEN(_xlpm._s)),1)))))), _xlpm._cipher,_xlfn.XLOOKUP(_xlpm._key,_xlpm._keys,'Data Pegawai'!$E$4:$E$53), _xlpm._chars,MID(_xlpm._cipher,_xlfn.SEQUENCE(LEN(_xlpm._cipher)),1), _xlpm._decoded,_xlfn.TEXTJOIN("",TRUE,_xlfn.MAP(_xlpm._chars,_xlfn.LAMBDA(_xlpm.c,IF(CODE(_xlpm.c)=33," ",IF(CODE(_xlpm.c)=65,CHAR(90),IF(CODE(_xlpm.c)=97,CHAR(122),IF(OR(AND(CODE(_xlpm.c)>65,CODE(_xlpm.c)<=90),AND(CODE(_xlpm.c)>97,CODE(_xlpm.c)<=122)),CHAR(CODE(_xlpm.c)-1),_xlpm.c))))))), _xlpm._deckey,_xlfn.LET(_xlpm._d,SUBSTITUTE(_xlpm._decoded," ",""),_xlfn.TEXTJOIN("",TRUE,_xlfn._xlws.SORT(MID(LOWER(_xlpm._d),_xlfn.SEQUENCE(LEN(_xlpm._d)),1)))), _xlpm._jabatan,'Data Pegawai'!$J$4:$J$8, _xlpm._jabkeys,_xlfn.BYROW(_xlpm._jabatan,_xlfn.LAMBDA(_xlpm.j,_xlfn.LET(_xlpm._s,SUBSTITUTE(_xlpm.j," ",""),_xlfn.TEXTJOIN("",TRUE,_xlfn._xlws.SORT(MID(LOWER(_xlpm._s),_xlfn.SEQUENCE(LEN(_xlpm._s)),1)))))), _xlfn.XLOOKUP(_xlpm._deckey,_xlpm._jabkeys,'Data Pegawai'!$I$4:$I$8) )} -> ACC | H62: {=_xlfn.LET( _xlpm._src,SUBSTITUTE(C62," ",""), _xlpm._key,_xlfn.TEXTJOIN("",TRUE,_xlfn._xlws.SORT(MID(LOWER(_xlpm._src),_xlfn.SEQUENCE(LEN(_xlpm._src)),1))), _xlpm._names,'Data Pegawai'!$A$4:$A$53, _xlpm._keys,_xlfn.BYROW(_xlpm._names,_xlfn.LAMBDA(_xlpm.r,_xlfn.LET(_xlpm._s,SUBSTITUTE(_xlpm.r," ",""),_xlfn.TEXTJOIN("",TRUE,_xlfn._xlws.SORT(MID(LOWER(_xlpm._s),_xlfn.SEQUENCE(LEN(_xlpm._s)),1)))))), _xlpm._cipher,_xlfn.XLOOKUP(_xlpm._key,_xlpm._keys,'Data Pegawai'!$E$4:$E$53), _xlpm._chars,MID(_xlpm._cipher,_xlfn.SEQUENCE(LEN(_xlpm._cipher)),1), _xlpm._decoded,_xlfn.TEXTJOIN("",TRUE,_xlfn.MAP(_xlpm._chars,_xlfn.LAMBDA(_xlpm.c,IF(CODE(_xlpm.c)=33," ",IF(CODE(_xlpm.c)=65,CHAR(90),IF(CODE(_xlpm.c)=97,CHAR(122),IF(OR(AND(CODE(_xlpm.c)>65,CODE(_xlpm.c)<=90),AND(CODE(_xlpm.c)>97,CODE(_xlpm.c)<=122)),CHAR(CODE(_xlpm.c)-1),_xlpm.c))))))), _xlpm._deckey,_xlfn.LET(_xlpm._d,SUBSTITUTE(_xlpm._decoded," ",""),_xlfn.TEXTJOIN("",TRUE,_xlfn._xlws.SORT(MID(LOWER(_xlpm._d),_xlfn.SEQUENCE(LEN(_xlpm._d)),1)))), _xlpm._jabatan,'Data Pegawai'!$J$4:$J$8, _xlpm._jabkeys,_xlfn.BYROW(_xlpm._jabatan,_xlfn.LAMBDA(_xlpm.j,_xlfn.LET(_xlpm._s,SUBSTITUTE(_xlpm.j," ",""),_xlfn.TEXTJOIN("",TRUE,_xlfn._xlws.SORT(MID(LOWER(_xlpm._s),_xlfn.SEQUENCE(LEN(_xlpm._s)),1)))))), _xlfn.XLOOKUP(_xlpm._deckey,_xlpm._jabkeys,_xlpm._jabatan) )} -> Accounting | I62: {=_xlfn.LET( _xlpm._raw,VLOOKUP(H62,'Data Pegawai'!$J$4:$L$8,2,0), _xlpm._e,FIND("E",_xlpm._raw), VALUE(MID(_xlpm._raw,2,_xlpm._e-2))*10^VALUE(RIGHT(_xlpm._raw,LEN(_xlpm._raw)-_xlpm._e)) )} -> 3500000 | J62: {=_xlfn.LET( _xlpm._raw,VLOOKUP(H62,'Data Pegawai'!$J$4:$L$8,3,0), _xlpm._e,FIND("E",_xlpm._raw), VALUE(MID(_xlpm._raw,2,_xlpm._e-2))*10^VALUE(RIGHT(_xlpm._raw,LEN(_xlpm._raw)-_xlpm._e)) )} -> 500000 | K62: =SUM(I62:J62) -> 4000000
A67: Dilarang mengubah Table atau Menambah Table Baru atau Menambah Kolom Bantuan !!, Gunakan Table seperti yang sudah di sediakan soal.

Sheet DF
A1: DF | C1: 1 | D1: 2 | E1: 3 | F1: 4 | G1: 5 | H1: 6 | I1: 7 | J1: 8 | K1: 9 | L1: 10 | M1: 11 | O1: 1 | P1: 2 | Q1: 3 | R1: 4 | S1: 5 | T1: 6 | U1: 7 | V1: 8
A2: XG2 | B2: 1 | C2: ='XL-Test'!D47 -> Semarang | D2: ='XL-Test'!E47 -> 38606 | E2: ='XL-Test'!F47 -> 44871 | F2: ='XL-Test'!G47 -> ADM | G2: ='XL-Test'!H47 -> Admin | H2: ='XL-Test'!I47 -> 2500000 | I2: ='XL-Test'!J47 -> 50000 | J2: ='XL-Test'!K47 -> 2550000 | N2: 1 | O2: =_xlfn.FORMULATEXT('XL-Test'!D47) -> =LET( _src;SUBSTITUTE(C47;" ";""); _key;TEXTJOIN("";TRUE;SORT(MID(LOWER(_src);SEQUENCE(LEN(_src));1))); _names;'Data Pegawai'!$A$4:$A$53; _keys;BYROW(_names;LAMBDA(r;LET(_s;SUBSTITUTE(r;" ";"");TEXTJOIN("";TRUE;SORT(MID(LOWER(_s);SEQUENCE(LEN(_s));1)))))); XLOOKUP(_key;_keys;'Data Pegawai'!$B$4:$B$53) ) | P2: =_xlfn.FORMULATEXT('XL-Test'!E47) -> =LET( _src;SUBSTITUTE(C47;" ";""); _key;TEXTJOIN("";TRUE;SORT(MID(LOWER(_src);SEQUENCE(LEN(_src));1))); _names;'Data Pegawai'!$A$4:$A$53; _keys;BYROW(_names;LAMBDA(r;LET(_s;SUBSTITUTE(r;" ";"");TEXTJOIN("";TRUE;SORT(MID(LOWER(_s);SEQUENCE(LEN(_s));1)))))); XLOOKUP(_key;_keys;'Data Pegawai'!$C$4:$C$53) ) | Q2: =_xlfn.FORMULATEXT('XL-Test'!F47) -> =LET( _src;SUBSTITUTE(C47;" ";""); _key;TEXTJOIN("";TRUE;SORT(MID(LOWER(_src);SEQUENCE(LEN(_src));1))); _names;'Data Pegawai'!$A$4:$A$53; _keys;BYROW(_names;LAMBDA(r;LET(_s;SUBSTITUTE(r;" ";"");TEXTJOIN("";TRUE;SORT(MID(LOWER(_s);SEQUENCE(LEN(_s));1)))))); XLOOKUP(_key;_keys;'Data Pegawai'!$D$4:$D$53) ) | R2: =_xlfn.FORMULATEXT('XL-Test'!G47) -> =LET( _src;SUBSTITUTE(C47;" ";""); _key;TEXTJOIN("";TRUE;SORT(MID(LOWER(_src);SEQUENCE(LEN(_src));1))); _names;'Data Pegawai'!$A$4:$A$53; _keys;BYROW(_names;LAMBDA(r;LET(_s;SUBSTITUTE(r;" ";"");TEXTJOIN("";TRUE;SORT(MID(LOWER(_s);SEQUENCE(LEN(_s));1)))))); _cipher;XLOOKUP(_key;_keys;'Data Pegawai'!$E$4:$E$53); _chars;MID(_cipher;SEQUENCE(LEN(_cipher));1); _decoded;TEXTJOIN("";TRUE;MAP(_chars;LAMBDA(c;IF(CODE(c)=33;" ";IF(CODE(c)=65;CHAR(90);IF(CODE(c)=97;CHAR(122);IF(OR(AND(CODE(c)>65;CODE(c)<=90);AND(CODE(c)>97;CODE(c)<=122));CHAR(CODE(c)-1);c))))))); _deckey;LET(_d;SUBSTITUTE(_decoded;" ";"");TEXTJOIN("";TRUE;SORT(MID(LOWER(_d);SEQUENCE(LEN(_d));1)))); _jabatan;'Data Pegawai'!$J$4:$J$8; _jabkeys;BYROW(_jabatan;LAMBDA(j;LET(_s;SUBSTITUTE(j;" ";"");TEXTJOIN("";TRUE;SORT(MID(LOWER(_s);SEQUENCE(LEN(_s));1)))))); XLOOKUP(_deckey;_jabkeys;'Data Pegawai'!$I$4:$I$8) ) | S2: =_xlfn.FORMULATEXT('XL-Test'!H47) -> =LET( _src;SUBSTITUTE(C47;" ";""); _key;TEXTJOIN("";TRUE;SORT(MID(LOWER(_src);SEQUENCE(LEN(_src));1))); _names;'Data Pegawai'!$A$4:$A$53; _keys;BYROW(_names;LAMBDA(r;LET(_s;SUBSTITUTE(r;" ";"");TEXTJOIN("";TRUE;SORT(MID(LOWER(_s);SEQUENCE(LEN(_s));1)))))); _cipher;XLOOKUP(_key;_keys;'Data Pegawai'!$E$4:$E$53); _chars;MID(_cipher;SEQUENCE(LEN(_cipher));1); _decoded;TEXTJOIN("";TRUE;MAP(_chars;LAMBDA(c;IF(CODE(c)=33;" ";IF(CODE(c)=65;CHAR(90);IF(CODE(c)=97;CHAR(122);IF(OR(AND(CODE(c)>65;CODE(c)<=90);AND(CODE(c)>97;CODE(c)<=122));CHAR(CODE(c)-1);c))))))); _deckey;LET(_d;SUBSTITUTE(_decoded;" ";"");TEXTJOIN("";TRUE;SORT(MID(LOWER(_d);SEQUENCE(LEN(_d));1)))); _jabatan;'Data Pegawai'!$J$4:$J$8; _jabkeys;BYROW(_jabatan;LAMBDA(j;LET(_s;SUBSTITUTE(j;" ";"");TEXTJOIN("";TRUE;SORT(MID(LOWER(_s);SEQUENCE(LEN(_s));1)))))); XLOOKUP(_deckey;_jabkeys;_jabatan) ) | T2: =_xlfn.FORMULATEXT('XL-Test'!I47) -> =LET( _raw;VLOOKUP(H47;'Data Pegawai'!$J$4:$L$8;2;0); _e;FIND("E";_raw); VALUE(MID(_raw;2;_e-2))*10^VALUE(RIGHT(_raw;LEN(_raw)-_e)) ) | U2: =_xlfn.FORMULATEXT('XL-Test'!J47) -> =LET( _raw;VLOOKUP(H47;'Data Pegawai'!$J$4:$L$8;3;0); _e;FIND("E";_raw); VALUE(MID(_raw;2;_e-2))*10^VALUE(RIGHT(_raw;LEN(_raw)-_e)) ) | V2: =_xlfn.FORMULATEXT('XL-Test'!K47) -> =SUM(I47:J47)
B3: 2 | C3: ='XL-Test'!D48 -> Palembang | D3: ='XL-Test'!E48 -> 33862 | E3: ='XL-Test'!F48 -> 42777 | F3: ='XL-Test'!G48 -> MKT | G3: ='XL-Test'!H48 -> Marketing | H3: ='XL-Test'!I48 -> 4500000 | I3: ='XL-Test'!J48 -> 100000 | J3: ='XL-Test'!K48 -> 4600000 | N3: 2 | O3: =_xlfn.FORMULATEXT('XL-Test'!E47) -> =LET( _src;SUBSTITUTE(C47;" ";""); _key;TEXTJOIN("";TRUE;SORT(MID(LOWER(_src);SEQUENCE(LEN(_src));1))); _names;'Data Pegawai'!$A$4:$A$53; _keys;BYROW(_names;LAMBDA(r;LET(_s;SUBSTITUTE(r;" ";"");TEXTJOIN("";TRUE;SORT(MID(LOWER(_s);SEQUENCE(LEN(_s));1)))))); XLOOKUP(_key;_keys;'Data Pegawai'!$C$4:$C$53) )
B4: 3 | C4: ='XL-Test'!D49 -> Surabaya | D4: ='XL-Test'!E49 -> 36308 | E4: ='XL-Test'!F49 -> 44626 | F4: ='XL-Test'!G49 -> IT | G4: ='XL-Test'!H49 -> IT Support | H4: ='XL-Test'!I49 -> 3000000 | I4: ='XL-Test'!J49 -> 500000 | J4: ='XL-Test'!K49 -> 3500000 | N4: 3 | O4: =_xlfn.FORMULATEXT('XL-Test'!F47) -> =LET( _src;SUBSTITUTE(C47;" ";""); _key;TEXTJOIN("";TRUE;SORT(MID(LOWER(_src);SEQUENCE(LEN(_src));1))); _names;'Data Pegawai'!$A$4:$A$53; _keys;BYROW(_names;LAMBDA(r;LET(_s;SUBSTITUTE(r;" ";"");TEXTJOIN("";TRUE;SORT(MID(LOWER(_s);SEQUENCE(LEN(_s));1)))))); XLOOKUP(_key;_keys;'Data Pegawai'!$D$4:$D$53) )
B5: 4 | C5: ='XL-Test'!D50 -> Bandung | D5: ='XL-Test'!E50 -> 37155 | E5: ='XL-Test'!F50 -> 44109 | F5: ='XL-Test'!G50 -> IT | G5: ='XL-Test'!H50 -> IT Support | H5: ='XL-Test'!I50 -> 3000000 | I5: ='XL-Test'!J50 -> 500000 | J5: ='XL-Test'!K50 -> 3500000 | N5: 4 | O5: =_xlfn.FORMULATEXT('XL-Test'!G47) -> =LET( _src;SUBSTITUTE(C47;" ";""); _key;TEXTJOIN("";TRUE;SORT(MID(LOWER(_src);SEQUENCE(LEN(_src));1))); _names;'Data Pegawai'!$A$4:$A$53; _keys;BYROW(_names;LAMBDA(r;LET(_s;SUBSTITUTE(r;" ";"");TEXTJOIN("";TRUE;SORT(MID(LOWER(_s);SEQUENCE(LEN(_s));1)))))); _cipher;XLOOKUP(_key;_keys;'Data Pegawai'!$E$4:$E$53); _chars;MID(_cipher;SEQUENCE(LEN(_cipher));1); _decoded;TEXTJOIN("";TRUE;MAP(_chars;LAMBDA(c;IF(CODE(c)=33;" ";IF(CODE(c)=65;CHAR(90);IF(CODE(c)=97;CHAR(122);IF(OR(AND(CODE(c)>65;CODE(c)<=90);AND(CODE(c)>97;CODE(c)<=122));CHAR(CODE(c)-1);c))))))); _deckey;LET(_d;SUBSTITUTE(_decoded;" ";"");TEXTJOIN("";TRUE;SORT(MID(LOWER(_d);SEQUENCE(LEN(_d));1)))); _jabatan;'Data Pegawai'!$J$4:$J$8; _jabkeys;BYROW(_jabatan;LAMBDA(j;LET(_s;SUBSTITUTE(j;" ";"");TEXTJOIN("";TRUE;SORT(MID(LOWER(_s);SEQUENCE(LEN(_s));1)))))); XLOOKUP(_deckey;_jabkeys;'Data Pegawai'!$I$4:$I$8) )
B6: 5 | C6: ='XL-Test'!D51 -> Medan | D6: ='XL-Test'!E51 -> 36381 | E6: ='XL-Test'!F51 -> 42023 | F6: ='XL-Test'!G51 -> IT | G6: ='XL-Test'!H51 -> IT Support | H6: ='XL-Test'!I51 -> 3000000 | I6: ='XL-Test'!J51 -> 500000 | J6: ='XL-Test'!K51 -> 3500000 | N6: 5 | O6: =_xlfn.FORMULATEXT('XL-Test'!H47) -> =LET( _src;SUBSTITUTE(C47;" ";""); _key;TEXTJOIN("";TRUE;SORT(MID(LOWER(_src);SEQUENCE(LEN(_src));1))); _names;'Data Pegawai'!$A$4:$A$53; _keys;BYROW(_names;LAMBDA(r;LET(_s;SUBSTITUTE(r;" ";"");TEXTJOIN("";TRUE;SORT(MID(LOWER(_s);SEQUENCE(LEN(_s));1)))))); _cipher;XLOOKUP(_key;_keys;'Data Pegawai'!$E$4:$E$53); _chars;MID(_cipher;SEQUENCE(LEN(_cipher));1); _decoded;TEXTJOIN("";TRUE;MAP(_chars;LAMBDA(c;IF(CODE(c)=33;" ";IF(CODE(c)=65;CHAR(90);IF(CODE(c)=97;CHAR(122);IF(OR(AND(CODE(c)>65;CODE(c)<=90);AND(CODE(c)>97;CODE(c)<=122));CHAR(CODE(c)-1);c))))))); _deckey;LET(_d;SUBSTITUTE(_decoded;" ";"");TEXTJOIN("";TRUE;SORT(MID(LOWER(_d);SEQUENCE(LEN(_d));1)))); _jabatan;'Data Pegawai'!$J$4:$J$8; _jabkeys;BYROW(_jabatan;LAMBDA(j;LET(_s;SUBSTITUTE(j;" ";"");TEXTJOIN("";TRUE;SORT(MID(LOWER(_s);SEQUENCE(LEN(_s));1)))))); XLOOKUP(_deckey;_jabkeys;_jabatan) )
B7: 6 | C7: ='XL-Test'!D52 -> Makassar | D7: ='XL-Test'!E52 -> 34830 | E7: ='XL-Test'!F52 -> 43794 | F7: ='XL-Test'!G52 -> MKT | G7: ='XL-Test'!H52 -> Marketing | H7: ='XL-Test'!I52 -> 4500000 | I7: ='XL-Test'!J52 -> 100000 | J7: ='XL-Test'!K52 -> 4600000 | N7: 6 | O7: =_xlfn.FORMULATEXT('XL-Test'!I47) -> =LET( _raw;VLOOKUP(H47;'Data Pegawai'!$J$4:$L$8;2;0); _e;FIND("E";_raw); VALUE(MID(_raw;2;_e-2))*10^VALUE(RIGHT(_raw;LEN(_raw)-_e)) )
B8: 7 | C8: ='XL-Test'!D53 -> Denpasar | D8: ='XL-Test'!E53 -> 32287 | E8: ='XL-Test'!F53 -> 42466 | F8: ='XL-Test'!G53 -> MKT | G8: ='XL-Test'!H53 -> Marketing | H8: ='XL-Test'!I53 -> 4500000 | I8: ='XL-Test'!J53 -> 100000 | J8: ='XL-Test'!K53 -> 4600000 | N8: 7 | O8: =_xlfn.FORMULATEXT('XL-Test'!J47) -> =LET( _raw;VLOOKUP(H47;'Data Pegawai'!$J$4:$L$8;3;0); _e;FIND("E";_raw); VALUE(MID(_raw;2;_e-2))*10^VALUE(RIGHT(_raw;LEN(_raw)-_e)) )
B9: 8 | C9: ='XL-Test'!D54 -> Medan | D9: ='XL-Test'!E54 -> 36331 | E9: ='XL-Test'!F54 -> 45147 | F9: ='XL-Test'!G54 -> IT | G9: ='XL-Test'!H54 -> IT Support | H9: ='XL-Test'!I54 -> 3000000 | I9: ='XL-Test'!J54 -> 500000 | J9: ='XL-Test'!K54 -> 3500000 | N9: 8 | O9: =_xlfn.FORMULATEXT('XL-Test'!K47) -> =SUM(I47:J47)
B10: 9 | C10: ='XL-Test'!D55 -> Semarang | D10: ='XL-Test'!E55 -> 37890 | E10: ='XL-Test'!F55 -> 43361 | F10: ='XL-Test'!G55 -> ADM | G10: ='XL-Test'!H55 -> Admin | H10: ='XL-Test'!I55 -> 2500000 | I10: ='XL-Test'!J55 -> 50000 | J10: ='XL-Test'!K55 -> 2550000
B11: 10 | C11: ='XL-Test'!D56 -> Semarang | D11: ='XL-Test'!E56 -> 33236 | E11: ='XL-Test'!F56 -> 44761 | F11: ='XL-Test'!G56 -> IT | G11: ='XL-Test'!H56 -> IT Support | H11: ='XL-Test'!I56 -> 3000000 | I11: ='XL-Test'!J56 -> 500000 | J11: ='XL-Test'!K56 -> 3500000
B12: 11 | C12: ='XL-Test'!D57 -> Palembang | D12: ='XL-Test'!E57 -> 33698 | E12: ='XL-Test'!F57 -> 45148 | F12: ='XL-Test'!G57 -> MKT | G12: ='XL-Test'!H57 -> Marketing | H12: ='XL-Test'!I57 -> 4500000 | I12: ='XL-Test'!J57 -> 100000 | J12: ='XL-Test'!K57 -> 4600000
B13: 12 | C13: ='XL-Test'!D58 -> Medan | D13: ='XL-Test'!E58 -> 31930 | E13: ='XL-Test'!F58 -> 42136 | F13: ='XL-Test'!G58 -> SPV | G13: ='XL-Test'!H58 -> Supervisor | H13: ='XL-Test'!I58 -> 5000000 | I13: ='XL-Test'!J58 -> 150000 | J13: ='XL-Test'!K58 -> 5150000
B14: 13 | C14: ='XL-Test'!D59 -> Jakarta | D14: ='XL-Test'!E59 -> 37140 | E14: ='XL-Test'!F59 -> 42395 | F14: ='XL-Test'!G59 -> MKT | G14: ='XL-Test'!H59 -> Marketing | H14: ='XL-Test'!I59 -> 4500000 | I14: ='XL-Test'!J59 -> 100000 | J14: ='XL-Test'!K59 -> 4600000
B15: 14 | C15: ='XL-Test'!D60 -> Surabaya | D15: ='XL-Test'!E60 -> 32918 | E15: ='XL-Test'!F60 -> 44201 | F15: ='XL-Test'!G60 -> IT | G15: ='XL-Test'!H60 -> IT Support | H15: ='XL-Test'!I60 -> 3000000 | I15: ='XL-Test'!J60 -> 500000 | J15: ='XL-Test'!K60 -> 3500000
B16: 15 | C16: ='XL-Test'!D61 -> Medan | D16: ='XL-Test'!E61 -> 35042 | E16: ='XL-Test'!F61 -> 43370 | F16: ='XL-Test'!G61 -> SPV | G16: ='XL-Test'!H61 -> Supervisor | H16: ='XL-Test'!I61 -> 5000000 | I16: ='XL-Test'!J61 -> 150000 | J16: ='XL-Test'!K61 -> 5150000
B17: 16 | C17: ='XL-Test'!D62 -> Bandung | D17: ='XL-Test'!E62 -> 36696 | E17: ='XL-Test'!F62 -> 42444 | F17: ='XL-Test'!G62 -> ACC | G17: ='XL-Test'!H62 -> Accounting | H17: ='XL-Test'!I62 -> 3500000 | I17: ='XL-Test'!J62 -> 500000 | J17: ='XL-Test'!K62 -> 4000000
C19: =CODE(LEFT(C2))+CODE(LEFT(C3))+CODE(LEFT(C4))+CODE(LEFT(C5))+CODE(LEFT(C6))+CODE(LEFT(C7))+CODE(LEFT(C8))+CODE(LEFT(C9))+CODE(LEFT(C10))+CODE(LEFT(C11))+CODE(LEFT(C12))+CODE(LEFT(C13))+CODE(LEFT(C14))+CODE(LEFT(C15))+CODE(LEFT(C16))+CODE(LEFT(C17))+CODE(RIGHT(C7))+CODE(RIGHT(C10))+CODE(RIGHT(C3))+CODE(RIGHT(C14))+CODE(RIGHT(C16))+CODE(RIGHT(C2)) -> 1864 | D19: =SUM(D2:D17)+D3+D5+D8+D10+D12+D14+D16 -> 811384 | E19: =SUM(E2:E17)+E3+E5+E8+E10+E12+E14+E16 -> 1001255 | F19: =CODE(LEFT(F2))+CODE(LEFT(F3))+CODE(LEFT(F4))+CODE(LEFT(F5))+CODE(LEFT(F6))+CODE(LEFT(F7))+CODE(LEFT(F8))+CODE(LEFT(F9))+CODE(LEFT(F10))+CODE(LEFT(F11))+CODE(LEFT(F12))+CODE(LEFT(F13))+CODE(LEFT(F14))+CODE(LEFT(F15))+CODE(LEFT(F16))+CODE(LEFT(F17))+CODE(RIGHT(F7))+CODE(RIGHT(F10))+CODE(RIGHT(F3))+CODE(RIGHT(F14))+CODE(RIGHT(F16))+CODE(RIGHT(F2)) -> 1676 | G19: =CODE(LEFT(G2))+CODE(LEFT(G3))+CODE(LEFT(G4))+CODE(LEFT(G5))+CODE(LEFT(G6))+CODE(LEFT(G7))+CODE(LEFT(G8))+CODE(LEFT(G9))+CODE(LEFT(G10))+CODE(LEFT(G11))+CODE(LEFT(G12))+CODE(LEFT(G13))+CODE(LEFT(G14))+CODE(LEFT(G15))+CODE(LEFT(G16))+CODE(LEFT(G17))+CODE(RIGHT(G7))+CODE(RIGHT(G10))+CODE(RIGHT(G3))+CODE(RIGHT(G14))+CODE(RIGHT(G16))+CODE(RIGHT(G2)) -> 1827 | H19: =SUM(H2:H17)+H3+H5+H8+H10+H12+H14+H16 -> 87500000 | I19: =SUM(I2:I17)+I3+I5+I8+I10+I12+I14+I16 -> 5500000 | J19: =SUM(J2:J17)+J3+J5+J8+J10+J12+J14+J16+J6 -> 96500000
C20: =C19 -> 1864 | D20: =D19 -> 811384 | E20: =E19 -> 1001255 | F20: =F19 -> 1676 | G20: =G19 -> 1827 | H20: =H19/1000 -> 87500 | I20: =I19/1000 -> 5500 | J20: =J19/1000 -> 96500
B22: x | C22: 9580 | D22: 8563 | E22: 7759 | F22: 2687 | G22: 9227 | H22: 8546 | I22: 2031 | J22: 5218
B24: TRUE | C24: =LEFT(DEC2HEX(C22+COLUMN()),2) -> 25 | D24: =LEFT(DEC2HEX(D22+COLUMN()),2) -> 21 | E24: =LEFT(DEC2HEX(E22+COLUMN()),2) -> 1E | F24: =LEFT(DEC2HEX(F22+COLUMN()),2) -> A8 | G24: =LEFT(DEC2HEX(G22+COLUMN()),2) -> 24 | H24: =LEFT(DEC2HEX(H22+COLUMN()),2) -> 21 | I24: =LEFT(DEC2HEX(I22+COLUMN()),2) -> 7F | J24: =LEFT(DEC2HEX(J22+COLUMN()),2) -> 14
B25: FALSE | C25: =RIGHT(DEC2HEX(C22+COLUMN()),2) -> 6F | D25: =RIGHT(DEC2HEX(D22+COLUMN()),2) -> 77 | E25: =RIGHT(DEC2HEX(E22+COLUMN()),2) -> 54 | F25: =RIGHT(DEC2HEX(F22+COLUMN()),2) -> 85 | G25: =RIGHT(DEC2HEX(G22+COLUMN()),2) -> 12 | H25: =RIGHT(DEC2HEX(H22+COLUMN()),2) -> 6A | I25: =RIGHT(DEC2HEX(I22+COLUMN()),2) -> F8 | J25: =RIGHT(DEC2HEX(J22+COLUMN()),2) -> 6C
B27: cek | C27: =NOT(OR(C2=0,C2="")) -> TRUE | D27: =NOT(OR(D2=0,D2="")) -> TRUE | E27: =NOT(OR(E2=0,E2="")) -> TRUE | F27: =NOT(OR(F2=0,F2="")) -> TRUE | G27: =NOT(OR(G2=0,G2="")) -> TRUE | H27: =NOT(OR(H2=0,H2="")) -> TRUE | I27: =NOT(OR(I2=0,I2="")) -> TRUE | J27: =NOT(OR(J2=0,J2="")) -> TRUE
B28: Cek F | C28: =AND(ISNUMBER(SEARCH("=",O2)),ISNUMBER(SEARCH("(",O2)),ISERROR(FIND(":F",SUBSTITUTE(O2,"$",""))),ISERROR(FIND(":G",SUBSTITUTE(O2,"$",""))),ISERROR(FIND(":H",SUBSTITUTE(O2,"$",""))),ISERROR(FIND(":M",SUBSTITUTE(O2,"$",""))),ISERROR(FIND(":N",SUBSTITUTE(O2,"$",""))),ISERROR(FIND(":O",SUBSTITUTE(O2,"$","")))) -> TRUE | D28: =AND(ISNUMBER(SEARCH("=",P2)),ISNUMBER(SEARCH("(",P2)),ISERROR(FIND(":F",SUBSTITUTE(P2,"$",""))),ISERROR(FIND(":G",SUBSTITUTE(P2,"$",""))),ISERROR(FIND(":H",SUBSTITUTE(P2,"$",""))),ISERROR(FIND(":M",SUBSTITUTE(P2,"$",""))),ISERROR(FIND(":N",SUBSTITUTE(P2,"$",""))),ISERROR(FIND(":O",SUBSTITUTE(P2,"$","")))) -> TRUE | E28: =AND(ISNUMBER(SEARCH("=",Q2)),ISNUMBER(SEARCH("(",Q2)),ISERROR(FIND(":F",SUBSTITUTE(Q2,"$",""))),ISERROR(FIND(":G",SUBSTITUTE(Q2,"$",""))),ISERROR(FIND(":H",SUBSTITUTE(Q2,"$",""))),ISERROR(FIND(":M",SUBSTITUTE(Q2,"$",""))),ISERROR(FIND(":N",SUBSTITUTE(Q2,"$",""))),ISERROR(FIND(":O",SUBSTITUTE(Q2,"$","")))) -> TRUE | F28: =AND(ISNUMBER(SEARCH("=",R2)),ISNUMBER(SEARCH("(",R2)),ISERROR(FIND(":F",SUBSTITUTE(R2,"$",""))),ISERROR(FIND(":G",SUBSTITUTE(R2,"$",""))),ISERROR(FIND(":H",SUBSTITUTE(R2,"$",""))),ISERROR(FIND(":M",SUBSTITUTE(R2,"$",""))),ISERROR(FIND(":N",SUBSTITUTE(R2,"$",""))),ISERROR(FIND(":O",SUBSTITUTE(R2,"$","")))) -> TRUE | G28: =AND(ISNUMBER(SEARCH("=",S2)),ISNUMBER(SEARCH("(",S2)),ISERROR(FIND(":F",SUBSTITUTE(S2,"$",""))),ISERROR(FIND(":G",SUBSTITUTE(S2,"$",""))),ISERROR(FIND(":H",SUBSTITUTE(S2,"$",""))),ISERROR(FIND(":M",SUBSTITUTE(S2,"$",""))),ISERROR(FIND(":N",SUBSTITUTE(S2,"$",""))),ISERROR(FIND(":O",SUBSTITUTE(S2,"$","")))) -> TRUE | H28: =AND(ISNUMBER(SEARCH("=",T2)),ISNUMBER(SEARCH("(",T2)),ISERROR(FIND(":F",SUBSTITUTE(T2,"$",""))),ISERROR(FIND(":G",SUBSTITUTE(T2,"$",""))),ISERROR(FIND(":H",SUBSTITUTE(T2,"$",""))),ISERROR(FIND(":M",SUBSTITUTE(T2,"$",""))),ISERROR(FIND(":N",SUBSTITUTE(T2,"$",""))),ISERROR(FIND(":O",SUBSTITUTE(T2,"$","")))) -> TRUE | I28: =AND(ISNUMBER(SEARCH("=",U2)),ISNUMBER(SEARCH("(",U2)),ISERROR(FIND(":F",SUBSTITUTE(U2,"$",""))),ISERROR(FIND(":G",SUBSTITUTE(U2,"$",""))),ISERROR(FIND(":H",SUBSTITUTE(U2,"$",""))),ISERROR(FIND(":M",SUBSTITUTE(U2,"$",""))),ISERROR(FIND(":N",SUBSTITUTE(U2,"$",""))),ISERROR(FIND(":O",SUBSTITUTE(U2,"$","")))) -> TRUE | J28: =AND(ISNUMBER(SEARCH("=",V2))) -> TRUE
B29: Cek Drag | C29: =C57 -> TRUE | D29: =D57 -> TRUE | E29: =E57 -> TRUE | F29: =F57 -> TRUE | G29: =G57 -> TRUE | H29: =H57 -> TRUE | I29: =I57 -> TRUE | J29: =J57 -> TRUE
C30: =AND(C27:C29) -> TRUE | D30: =AND(D27:D29) -> TRUE | E30: =AND(E27:E29) -> TRUE | F30: =AND(F27:F29) -> TRUE | G30: =AND(G27:G29) -> TRUE | H30: =AND(H27:H29) -> TRUE | I30: =AND(I27:I29) -> TRUE | J30: =AND(J27:J29) -> TRUE
B32: Cek F | C32: =AND(OR(ISNUMBER(SEARCH("LOOK",O2)),ISNUMBER(SEARCH("NDE",O2))),OR(ISNUMBER(FIND(":A",SUBSTITUTE(O2,"$",""))),ISNUMBER(FIND(":B",SUBSTITUTE(O2,"$",""))),ISNUMBER(FIND(":C",SUBSTITUTE(O2,"$",""))),ISNUMBER(FIND(":D",SUBSTITUTE(O2,"$",""))),ISNUMBER(FIND(":E",SUBSTITUTE(O2,"$",""))))) -> TRUE | D32: =AND(OR(ISNUMBER(SEARCH("LOOK",P2)),ISNUMBER(SEARCH("NDE",P2))),OR(ISNUMBER(FIND(":A",SUBSTITUTE(P2,"$",""))),ISNUMBER(FIND(":B",SUBSTITUTE(P2,"$",""))),ISNUMBER(FIND(":C",SUBSTITUTE(P2,"$",""))),ISNUMBER(FIND(":D",SUBSTITUTE(P2,"$",""))),ISNUMBER(FIND(":E",SUBSTITUTE(P2,"$",""))))) -> TRUE | E32: =AND(OR(ISNUMBER(SEARCH("LOOK",Q2)),ISNUMBER(SEARCH("NDE",Q2))),OR(ISNUMBER(FIND(":A",SUBSTITUTE(Q2,"$",""))),ISNUMBER(FIND(":B",SUBSTITUTE(Q2,"$",""))),ISNUMBER(FIND(":C",SUBSTITUTE(Q2,"$",""))),ISNUMBER(FIND(":D",SUBSTITUTE(Q2,"$",""))),ISNUMBER(FIND(":E",SUBSTITUTE(Q2,"$",""))))) -> TRUE | F32: =AND(OR(ISNUMBER(SEARCH("LOOK",R2)),ISNUMBER(SEARCH("NDE",R2))),OR(ISNUMBER(FIND(":A",SUBSTITUTE(R2,"$",""))),ISNUMBER(FIND(":B",SUBSTITUTE(R2,"$",""))),ISNUMBER(FIND(":C",SUBSTITUTE(R2,"$",""))),ISNUMBER(FIND(":D",SUBSTITUTE(R2,"$",""))),ISNUMBER(FIND(":E",SUBSTITUTE(R2,"$",""))))) -> TRUE | G32: =AND(OR(ISNUMBER(SEARCH("LOOK",S2)),ISNUMBER(SEARCH("NDE",S2))),OR(ISNUMBER(FIND(":I",SUBSTITUTE(S2,"$",""))),ISNUMBER(FIND(":J",SUBSTITUTE(S2,"$",""))),ISNUMBER(FIND(":K",SUBSTITUTE(S2,"$",""))),ISNUMBER(FIND(":L",SUBSTITUTE(S2,"$",""))))) -> TRUE | H32: =AND(OR(ISNUMBER(SEARCH("LOOK",T2)),ISNUMBER(SEARCH("NDE",T2))),OR(ISNUMBER(FIND(":I",SUBSTITUTE(T2,"$",""))),ISNUMBER(FIND(":J",SUBSTITUTE(T2,"$",""))),ISNUMBER(FIND(":K",SUBSTITUTE(T2,"$",""))),ISNUMBER(FIND(":L",SUBSTITUTE(T2,"$","")))),OR(ISNUMBER(SEARCH("MID",T2)),ISNUMBER(SEARCH("LEFT",T2)),ISNUMBER(SEARCH("RIGH",T2)))) -> TRUE | I32: =AND(OR(ISNUMBER(SEARCH("LOOK",U2)),ISNUMBER(SEARCH("NDE",U2))),OR(ISNUMBER(FIND(":I",SUBSTITUTE(U2,"$",""))),ISNUMBER(FIND(":J",SUBSTITUTE(U2,"$",""))),ISNUMBER(FIND(":K",SUBSTITUTE(U2,"$",""))),ISNUMBER(FIND(":L",SUBSTITUTE(U2,"$","")))),OR(ISNUMBER(SEARCH("MID",U2)),ISNUMBER(SEARCH("LEFT",U2)),ISNUMBER(SEARCH("RIGH",U2)))) -> TRUE | J32: =OR(ISNUMBER(SEARCH("+",V2)),ISNUMBER(SEARCH("SUM",V2))) -> TRUE
B35: ='XL-Test'!B47 -> 1 | C35: =IFERROR(LEN(_xlfn.FORMULATEXT('XL-Test'!D47)),0) -> 314 | D35: =IFERROR(LEN(_xlfn.FORMULATEXT('XL-Test'!E47)),0) -> 314 | E35: =IFERROR(LEN(_xlfn.FORMULATEXT('XL-Test'!F47)),0) -> 314 | F35: =IFERROR(LEN(_xlfn.FORMULATEXT('XL-Test'!G47)),0) -> 896 | G35: =IFERROR(LEN(_xlfn.FORMULATEXT('XL-Test'!H47)),0) -> 880 | H35: =IFERROR(LEN(_xlfn.FORMULATEXT('XL-Test'!I47)),0) -> 139 | I35: =IFERROR(LEN(_xlfn.FORMULATEXT('XL-Test'!J47)),0) -> 139 | J35: =IFERROR(LEN(_xlfn.FORMULATEXT('XL-Test'!K47)),0) -> 13
B36: ='XL-Test'!B48 -> 2 | C36: =IFERROR(LEN(_xlfn.FORMULATEXT('XL-Test'!D48)),0) -> 314 | D36: =IFERROR(LEN(_xlfn.FORMULATEXT('XL-Test'!E48)),0) -> 314 | E36: =IFERROR(LEN(_xlfn.FORMULATEXT('XL-Test'!F48)),0) -> 314 | F36: =IFERROR(LEN(_xlfn.FORMULATEXT('XL-Test'!G48)),0) -> 896 | G36: =IFERROR(LEN(_xlfn.FORMULATEXT('XL-Test'!H48)),0) -> 880 | H36: =IFERROR(LEN(_xlfn.FORMULATEXT('XL-Test'!I48)),0) -> 139 | I36: =IFERROR(LEN(_xlfn.FORMULATEXT('XL-Test'!J48)),0) -> 139 | J36: =IFERROR(LEN(_xlfn.FORMULATEXT('XL-Test'!K48)),0) -> 13
B37: ='XL-Test'!B49 -> 3 | C37: =IFERROR(LEN(_xlfn.FORMULATEXT('XL-Test'!D49)),0) -> 314 | D37: =IFERROR(LEN(_xlfn.FORMULATEXT('XL-Test'!E49)),0) -> 314 | E37: =IFERROR(LEN(_xlfn.FORMULATEXT('XL-Test'!F49)),0) -> 314 | F37: =IFERROR(LEN(_xlfn.FORMULATEXT('XL-Test'!G49)),0) -> 896 | G37: =IFERROR(LEN(_xlfn.FORMULATEXT('XL-Test'!H49)),0) -> 880 | H37: =IFERROR(LEN(_xlfn.FORMULATEXT('XL-Test'!I49)),0) -> 139 | I37: =IFERROR(LEN(_xlfn.FORMULATEXT('XL-Test'!J49)),0) -> 139 | J37: =IFERROR(LEN(_xlfn.FORMULATEXT('XL-Test'!K49)),0) -> 13
B38: ='XL-Test'!B50 -> 4 | C38: =IFERROR(LEN(_xlfn.FORMULATEXT('XL-Test'!D50)),0) -> 314 | D38: =IFERROR(LEN(_xlfn.FORMULATEXT('XL-Test'!E50)),0) -> 314 | E38: =IFERROR(LEN(_xlfn.FORMULATEXT('XL-Test'!F50)),0) -> 314 | F38: =IFERROR(LEN(_xlfn.FORMULATEXT('XL-Test'!G50)),0) -> 896 | G38: =IFERROR(LEN(_xlfn.FORMULATEXT('XL-Test'!H50)),0) -> 880 | H38: =IFERROR(LEN(_xlfn.FORMULATEXT('XL-Test'!I50)),0) -> 139 | I38: =IFERROR(LEN(_xlfn.FORMULATEXT('XL-Test'!J50)),0) -> 139 | J38: =IFERROR(LEN(_xlfn.FORMULATEXT('XL-Test'!K50)),0) -> 13
B39: ='XL-Test'!B51 -> 5 | C39: =IFERROR(LEN(_xlfn.FORMULATEXT('XL-Test'!D51)),0) -> 314 | D39: =IFERROR(LEN(_xlfn.FORMULATEXT('XL-Test'!E51)),0) -> 314 | E39: =IFERROR(LEN(_xlfn.FORMULATEXT('XL-Test'!F51)),0) -> 314 | F39: =IFERROR(LEN(_xlfn.FORMULATEXT('XL-Test'!G51)),0) -> 896 | G39: =IFERROR(LEN(_xlfn.FORMULATEXT('XL-Test'!H51)),0) -> 880 | H39: =IFERROR(LEN(_xlfn.FORMULATEXT('XL-Test'!I51)),0) -> 139 | I39: =IFERROR(LEN(_xlfn.FORMULATEXT('XL-Test'!J51)),0) -> 139 | J39: =IFERROR(LEN(_xlfn.FORMULATEXT('XL-Test'!K51)),0) -> 13
B40: ='XL-Test'!B52 -> 6 | C40: =IFERROR(LEN(_xlfn.FORMULATEXT('XL-Test'!D52)),0) -> 314 | D40: =IFERROR(LEN(_xlfn.FORMULATEXT('XL-Test'!E52)),0) -> 314 | E40: =IFERROR(LEN(_xlfn.FORMULATEXT('XL-Test'!F52)),0) -> 314 | F40: =IFERROR(LEN(_xlfn.FORMULATEXT('XL-Test'!G52)),0) -> 896 | G40: =IFERROR(LEN(_xlfn.FORMULATEXT('XL-Test'!H52)),0) -> 880 | H40: =IFERROR(LEN(_xlfn.FORMULATEXT('XL-Test'!I52)),0) -> 139 | I40: =IFERROR(LEN(_xlfn.FORMULATEXT('XL-Test'!J52)),0) -> 139 | J40: =IFERROR(LEN(_xlfn.FORMULATEXT('XL-Test'!K52)),0) -> 13
B41: ='XL-Test'!B53 -> 7 | C41: =IFERROR(LEN(_xlfn.FORMULATEXT('XL-Test'!D53)),0) -> 314 | D41: =IFERROR(LEN(_xlfn.FORMULATEXT('XL-Test'!E53)),0) -> 314 | E41: =IFERROR(LEN(_xlfn.FORMULATEXT('XL-Test'!F53)),0) -> 314 | F41: =IFERROR(LEN(_xlfn.FORMULATEXT('XL-Test'!G53)),0) -> 896 | G41: =IFERROR(LEN(_xlfn.FORMULATEXT('XL-Test'!H53)),0) -> 880 | H41: =IFERROR(LEN(_xlfn.FORMULATEXT('XL-Test'!I53)),0) -> 139 | I41: =IFERROR(LEN(_xlfn.FORMULATEXT('XL-Test'!J53)),0) -> 139 | J41: =IFERROR(LEN(_xlfn.FORMULATEXT('XL-Test'!K53)),0) -> 13
B42: ='XL-Test'!B54 -> 8 | C42: =IFERROR(LEN(_xlfn.FORMULATEXT('XL-Test'!D54)),0) -> 314 | D42: =IFERROR(LEN(_xlfn.FORMULATEXT('XL-Test'!E54)),0) -> 314 | E42: =IFERROR(LEN(_xlfn.FORMULATEXT('XL-Test'!F54)),0) -> 314 | F42: =IFERROR(LEN(_xlfn.FORMULATEXT('XL-Test'!G54)),0) -> 896 | G42: =IFERROR(LEN(_xlfn.FORMULATEXT('XL-Test'!H54)),0) -> 880 | H42: =IFERROR(LEN(_xlfn.FORMULATEXT('XL-Test'!I54)),0) -> 139 | I42: =IFERROR(LEN(_xlfn.FORMULATEXT('XL-Test'!J54)),0) -> 139 | J42: =IFERROR(LEN(_xlfn.FORMULATEXT('XL-Test'!K54)),0) -> 13
B43: ='XL-Test'!B55 -> 9 | C43: =IFERROR(LEN(_xlfn.FORMULATEXT('XL-Test'!D55)),0) -> 314 | D43: =IFERROR(LEN(_xlfn.FORMULATEXT('XL-Test'!E55)),0) -> 314 | E43: =IFERROR(LEN(_xlfn.FORMULATEXT('XL-Test'!F55)),0) -> 314 | F43: =IFERROR(LEN(_xlfn.FORMULATEXT('XL-Test'!G55)),0) -> 896 | G43: =IFERROR(LEN(_xlfn.FORMULATEXT('XL-Test'!H55)),0) -> 880 | H43: =IFERROR(LEN(_xlfn.FORMULATEXT('XL-Test'!I55)),0) -> 139 | I43: =IFERROR(LEN(_xlfn.FORMULATEXT('XL-Test'!J55)),0) -> 139 | J43: =IFERROR(LEN(_xlfn.FORMULATEXT('XL-Test'!K55)),0) -> 13
B44: ='XL-Test'!B56 -> 10 | C44: =IFERROR(LEN(_xlfn.FORMULATEXT('XL-Test'!D56)),0) -> 314 | D44: =IFERROR(LEN(_xlfn.FORMULATEXT('XL-Test'!E56)),0) -> 314 | E44: =IFERROR(LEN(_xlfn.FORMULATEXT('XL-Test'!F56)),0) -> 314 | F44: =IFERROR(LEN(_xlfn.FORMULATEXT('XL-Test'!G56)),0) -> 896 | G44: =IFERROR(LEN(_xlfn.FORMULATEXT('XL-Test'!H56)),0) -> 880 | H44: =IFERROR(LEN(_xlfn.FORMULATEXT('XL-Test'!I56)),0) -> 139 | I44: =IFERROR(LEN(_xlfn.FORMULATEXT('XL-Test'!J56)),0) -> 139 | J44: =IFERROR(LEN(_xlfn.FORMULATEXT('XL-Test'!K56)),0) -> 13
B45: ='XL-Test'!B57 -> 11 | C45: =IFERROR(LEN(_xlfn.FORMULATEXT('XL-Test'!D57)),0) -> 314 | D45: =IFERROR(LEN(_xlfn.FORMULATEXT('XL-Test'!E57)),0) -> 314 | E45: =IFERROR(LEN(_xlfn.FORMULATEXT('XL-Test'!F57)),0) -> 314 | F45: =IFERROR(LEN(_xlfn.FORMULATEXT('XL-Test'!G57)),0) -> 896 | G45: =IFERROR(LEN(_xlfn.FORMULATEXT('XL-Test'!H57)),0) -> 880 | H45: =IFERROR(LEN(_xlfn.FORMULATEXT('XL-Test'!I57)),0) -> 139 | I45: =IFERROR(LEN(_xlfn.FORMULATEXT('XL-Test'!J57)),0) -> 139 | J45: =IFERROR(LEN(_xlfn.FORMULATEXT('XL-Test'!K57)),0) -> 13
B46: ='XL-Test'!B58 -> 12 | C46: =IFERROR(LEN(_xlfn.FORMULATEXT('XL-Test'!D58)),0) -> 314 | D46: =IFERROR(LEN(_xlfn.FORMULATEXT('XL-Test'!E58)),0) -> 314 | E46: =IFERROR(LEN(_xlfn.FORMULATEXT('XL-Test'!F58)),0) -> 314 | F46: =IFERROR(LEN(_xlfn.FORMULATEXT('XL-Test'!G58)),0) -> 896 | G46: =IFERROR(LEN(_xlfn.FORMULATEXT('XL-Test'!H58)),0) -> 880 | H46: =IFERROR(LEN(_xlfn.FORMULATEXT('XL-Test'!I58)),0) -> 139 | I46: =IFERROR(LEN(_xlfn.FORMULATEXT('XL-Test'!J58)),0) -> 139 | J46: =IFERROR(LEN(_xlfn.FORMULATEXT('XL-Test'!K58)),0) -> 13
... B50: ='XL-Test'!B62 -> 16 | C50: =IFERROR(LEN(_xlfn.FORMULATEXT('XL-Test'!D62)),0) -> 314 | D50: =IFERROR(LEN(_xlfn.FORMULATEXT('XL-Test'!E62)),0) -> 314 | E50: =IFERROR(LEN(_xlfn.FORMULATEXT('XL-Test'!F62)),0) -> 314 | F50: =IFERROR(LEN(_xlfn.FORMULATEXT('XL-Test'!G62)),0) -> 896 | G50: =IFERROR(LEN(_xlfn.FORMULATEXT('XL-Test'!H62)),0) -> 880 | H50: =IFERROR(LEN(_xlfn.FORMULATEXT('XL-Test'!I62)),0) -> 139 | I50: =IFERROR(LEN(_xlfn.FORMULATEXT('XL-Test'!J62)),0) -> 139 | J50: =IFERROR(LEN(_xlfn.FORMULATEXT('XL-Test'!K62)),0) -> 13
C53: =AVERAGE(C35:C50)=C35 -> TRUE | D53: =AVERAGE(D35:D50)=D35 -> TRUE | E53: =AVERAGE(E35:E50)=E35 -> TRUE | F53: =AVERAGE(F35:F50)=F35 -> TRUE | G53: =AVERAGE(G35:G50)=G35 -> TRUE | H53: =AVERAGE(H35:H50)=H35 -> TRUE | I53: =AVERAGE(I35:I50)=I35 -> TRUE | J53: =AVERAGE(J35:J50)=J35 -> TRUE
B55: Arra | C55: =IF(C35>0,C37=0,C4>0) -> FALSE | D55: =IF(D35>0,D37=0,D4>0) -> FALSE | E55: =IF(E35>0,E37=0,E4>0) -> FALSE | F55: =IF(F35>0,F37=0,F4>0) -> FALSE | G55: =IF(G35>0,G37=0,G4>0) -> FALSE | H55: =IF(H35>0,H37=0,H4>0) -> FALSE | I55: =IF(I35>0,I37=0,I4>0) -> FALSE | J55: =IF(J35>0,J37=0,J4>0) -> FALSE
B57: GB | C57: =IFERROR(OR(C53,C55),FALSE) -> TRUE | D57: =IFERROR(OR(D53,D55),FALSE) -> TRUE | E57: =IFERROR(OR(E53,E55),FALSE) -> TRUE | F57: =IFERROR(OR(F53,F55),FALSE) -> TRUE | G57: =IFERROR(OR(G53,G55),FALSE) -> TRUE | H57: =IFERROR(OR(H53,H55),FALSE) -> TRUE | I57: =IFERROR(OR(I53,I55),FALSE) -> TRUE | J57: =IFERROR(OR(J53,J55),FALSE) -> TRUE
C60: =DEC2HEX(IF(C30,C20,C22)) -> 748 | D60: =DEC2HEX(IF(D30,D20,D22)) -> C6178 | E60: =DEC2HEX(IF(E30,E20,E22)) -> F4727 | F60: =DEC2HEX(IF(F30,F20,F22)) -> 68C | G60: =DEC2HEX(IF(G30,G20,G22)) -> 723 | H60: =DEC2HEX(IF(H30,H20,H22)) -> 155CC | I60: =DEC2HEX(IF(I30,I20,I22)) -> 157C | J60: =DEC2HEX(IF(J30,J20,J22)) -> 178F4
C61: =IF(C32,C24,C25) -> 25 | D61: =IF(D32,D24,D25) -> 21 | E61: =IF(E32,E24,E25) -> 1E | F61: =IF(F32,F24,F25) -> A8 | G61: =IF(G32,G24,G25) -> 24 | H61: =IF(H32,H24,H25) -> 21 | I61: =IF(I32,I24,I25) -> 7F | J61: =IF(J32,J24,J25) -> 14 | M61: 1 | N61: UK
C62: =C61&"-"&C60&";" -> 25-748; | D62: =D61&"-"&D60&";" -> 21-C6178; | E62: =E61&"-"&E60&";" -> 1E-F4727; | F62: =F61&"-"&F60&";" -> A8-68C; | G62: =G61&"-"&G60&";" -> 24-723; | H62: =H61&"-"&H60&";" -> 21-155CC; | I62: =I61&"-"&I60&";" -> 7F-157C; | J62: =J61&"-"&J60 -> 14-178F4 | M62: 2 | N62: HJ
C63: =A2&"|"&C62&D62&E62&F62&G62&H62&I62&J62 -> XG2|25-748;21-C6178;1E-F4727;A8-68C;24-723;21-155CC;7F-157C;14-178F4 | M63: 3 | N63: KO
C66: {=INDIRECT("XG"&INDEX(N61:N63,B36))} -> XG2|25-748;21-C6178;1E-F4727;A8-68C;24-723;21-155CC;7F-157C;14-178F4

Sheet Data Pegawai
A1: Dilarang mengubah Table atau Menambah Table Baru atau Menambah Kolom Bantuan !!, Gunakan Table seperti yang sudah di sediakan soal.
A3: Nama | B3: Asal | C3: Tanggal Lahir | D3: Tanggal Join | E3: Jabatan | I3: Kode Jabatan | J3: Jabatan | K3: Gaji Pokok | L3: Bonus
A4: Andi Pratama | B4: Surabaya | C4: 36308 | D4: 44626 | E4: pvuqTsJ!qU | I4: IT | J4: IT Support | K4: G3E6 | L4: B5E5
A5: Budi Santoso | B5: Makassar | C5: 33120 | D5: 44840 | E5: djdhvBoopu | I5: ACC | J5: Accounting | K5: G35E5 | L5: B5E5
A6: Citra Lestari | B6: Malang | C6: 38713 | D6: 44415 | E6: uNblosfjh | I6: MKT | J6: Marketing | K6: G45E5 | L6: B1E5
A7: Dewi Anggraini | B7: Yogyakarta | C7: 37928 | D7: 43544 | E7: qtspTfwjvs | I7: SPV | J7: Supervisor | K7: G5E6 | L7: B15E4
A8: Eko Saputra | B8: Medan | C8: 35042 | D8: 43370 | E8: vwsqjsfTpt | I8: ADM | J8: Admin | K8: G25E5 | L8: B5E4
A9: Fajar Hidayat | B9: Palembang | C9: 35140 | D9: 45329 | E9: Bejno
A10: Gita Permata | B10: Yogyakarta | C10: 32196 | D10: 43250 | E10: jfulobhsN
A11: Hadi Kurniawan | B11: Semarang | C11: 33329 | D11: 45156 | E11: wqsjTstpfv
A12: Indah Puspita | B12: Medan | C12: 38933 | D12: 43935 | E12: slfuNhbjo
A13: Joko Widodo | B13: Makassar | C13: 34756 | D13: 44992 | E13: jsohfNulb
A14: Kartika Sari | B14: Surabaya | C14: 38479 | D14: 44151 | E14: pq!TJUqvsu
A15: Lukman Hakim | B15: Bandung | C15: 36696 | D15: 42444 | E15: houdjvodBp
A16: Maya Salsabila | B16: Makassar | C16: 35192 | D16: 43759 | E16: T!pUuqsJqv
A17: Nur Aini | B17: Makassar | C17: 36771 | D17: 42861 | E17: fjublshoN
A18: Oka Mahendra | B18: Malang | C18: 31481 | D18: 44820 | E18: oeBjn
A19: Putri Amelia | B19: Semarang | C19: 38606 | D19: 44871 | E19: Boenj
A20: Qori Annisa | B20: Palembang | C20: 33862 | D20: 42777 | E20: blNufjhos
... A53: Zaki Fadhillah | B53: Makassar | C53: 33456 | D53: 44012 | E53: ouhjdpBvdo

Sheet About
I6: XL-TEST adalah platform inovatif yang menyediakan latihan Excel interaktif dengan pemeriksaan otomatis,
I7: sehingga pengguna dapat langsung mengetahui jawaban yang benar maupun salah.
I10: Terdapat 5 Level soal :
J12: Easy Level | L12: (⭐)
J13: Medium Level | L13: (⭐⭐)
J14: Hard Level | L14: (⭐⭐⭐)
J15: Extreme Level | L15: (⭐⭐⭐⭐)
J16: Championship Level | L16: (⭐⭐⭐⭐⭐)
B17: Saya adalah seorang Excel Holic yang percaya bahwa setiap angka memiliki cerita yang bisa ditemukan dengan cara yang tepat. | I17: Free Access
B18: “Excel bukan cuma soal kerjaan tapi juga hobi yang aku nikmati.” | I18: https://belajarexcel.id/xl-test/
B19: Contact :
B20: 🌐 Web | C20: https://setiadi.me
B21: 🪡threads | C21: https://www.threads.com/@andisetiadi
D27: Perlu Video Penjelasan atau Kunci Jawaban ?
D28: Scan barcode atau kunjungi
D29: https://lynk.id/setiadi/page/jawaban-xl-test
