Workbook
Name kode_jawaban: DF!$C$8

Sheet XL-test
B2: KODE SOAL | C2: SBEX004 | D2: KODE JAWABAN | E2: =kode_jawaban -> DEF2|7B01-7B701;A881-48A81;8381-13881;F181-11F81;1081-60181
C4: 1 | D4: 2 | E4: 3 | F4: 4 | G4: 5
B5: Nama | C5: Jumlah Tepat Waktu | D5: Jumlah Terlambat | E5: Terlambat Berturut | F5: Jumlah Terlambat Berturut | G5: Poin Terlambat
B6: Mira | C6: =COUNTIF(Absensi!C4:AG4,"<=7.00") -> 13 | D6: =COUNTIF(Absensi!C4:AG4,">7.00") -> 10 | E6: {=_xlfn.LET(_xlpm._m,MAX(FREQUENCY(IF(Absensi!C4:AG4>7/24,COLUMN(Absensi!C4:AG4)),IF(Absensi!C4:AG4<=7/24,COLUMN(Absensi!C4:AG4)))),IF(_xlpm._m>=2,_xlpm._m,0))} -> 3 | F6: {=SUMPRODUCT((FREQUENCY(IF(Absensi!C4:AG4>7/24,COLUMN(Absensi!C4:AG4)),IF(Absensi!C4:AG4<=7/24,COLUMN(Absensi!C4:AG4)))>=2)*1)} -> 2 | G6: {=SUMPRODUCT((Absensi!C4:AG4>7/24)*1)+SUMPRODUCT((Absensi!C4:AG4>7/24)*(Absensi!D4:AH4>7/24)*1)} -> 13
B7: Chandra | C7: =COUNTIF(Absensi!C5:AG5,"<=7.00") -> 14 | D7: =COUNTIF(Absensi!C5:AG5,">7.00") -> 8 | E7: {=_xlfn.LET(_xlpm._m,MAX(FREQUENCY(IF(Absensi!C5:AG5>7/24,COLUMN(Absensi!C5:AG5)),IF(Absensi!C5:AG5<=7/24,COLUMN(Absensi!C5:AG5)))),IF(_xlpm._m>=2,_xlpm._m,0))} -> 2 | F7: {=SUMPRODUCT((FREQUENCY(IF(Absensi!C5:AG5>7/24,COLUMN(Absensi!C5:AG5)),IF(Absensi!C5:AG5<=7/24,COLUMN(Absensi!C5:AG5)))>=2)*1)} -> 2 | G7: {=SUMPRODUCT((Absensi!C5:AG5>7/24)*1)+SUMPRODUCT((Absensi!C5:AG5>7/24)*(Absensi!D5:AH5>7/24)*1)} -> 10
B8: Dina | C8: =COUNTIF(Absensi!C6:AG6,"<=7.00") -> 13 | D8: =COUNTIF(Absensi!C6:AG6,">7.00") -> 10 | E8: {=_xlfn.LET(_xlpm._m,MAX(FREQUENCY(IF(Absensi!C6:AG6>7/24,COLUMN(Absensi!C6:AG6)),IF(Absensi!C6:AG6<=7/24,COLUMN(Absensi!C6:AG6)))),IF(_xlpm._m>=2,_xlpm._m,0))} -> 3 | F8: {=SUMPRODUCT((FREQUENCY(IF(Absensi!C6:AG6>7/24,COLUMN(Absensi!C6:AG6)),IF(Absensi!C6:AG6<=7/24,COLUMN(Absensi!C6:AG6)))>=2)*1)} -> 3 | G8: {=SUMPRODUCT((Absensi!C6:AG6>7/24)*1)+SUMPRODUCT((Absensi!C6:AG6>7/24)*(Absensi!D6:AH6>7/24)*1)} -> 14
B9: Hendra | C9: =COUNTIF(Absensi!C7:AG7,"<=7.00") -> 15 | D9: =COUNTIF(Absensi!C7:AG7,">7.00") -> 8 | E9: {=_xlfn.LET(_xlpm._m,MAX(FREQUENCY(IF(Absensi!C7:AG7>7/24,COLUMN(Absensi!C7:AG7)),IF(Absensi!C7:AG7<=7/24,COLUMN(Absensi!C7:AG7)))),IF(_xlpm._m>=2,_xlpm._m,0))} -> 2 | F9: {=SUMPRODUCT((FREQUENCY(IF(Absensi!C7:AG7>7/24,COLUMN(Absensi!C7:AG7)),IF(Absensi!C7:AG7<=7/24,COLUMN(Absensi!C7:AG7)))>=2)*1)} -> 2 | G9: {=SUMPRODUCT((Absensi!C7:AG7>7/24)*1)+SUMPRODUCT((Absensi!C7:AG7>7/24)*(Absensi!D7:AH7>7/24)*1)} -> 10
B10: Fajar | C10: =COUNTIF(Absensi!C8:AG8,"<=7.00") -> 17 | D10: =COUNTIF(Absensi!C8:AG8,">7.00") -> 6 | E10: {=_xlfn.LET(_xlpm._m,MAX(FREQUENCY(IF(Absensi!C8:AG8>7/24,COLUMN(Absensi!C8:AG8)),IF(Absensi!C8:AG8<=7/24,COLUMN(Absensi!C8:AG8)))),IF(_xlpm._m>=2,_xlpm._m,0))} -> 0 | F10: {=SUMPRODUCT((FREQUENCY(IF(Absensi!C8:AG8>7/24,COLUMN(Absensi!C8:AG8)),IF(Absensi!C8:AG8<=7/24,COLUMN(Absensi!C8:AG8)))>=2)*1)} -> 0 | G10: {=SUMPRODUCT((Absensi!C8:AG8>7/24)*1)+SUMPRODUCT((Absensi!C8:AG8>7/24)*(Absensi!D8:AH8>7/24)*1)} -> 6
B11: Bella | C11: =COUNTIF(Absensi!C9:AG9,"<=7.00") -> 12 | D11: =COUNTIF(Absensi!C9:AG9,">7.00") -> 11 | E11: {=_xlfn.LET(_xlpm._m,MAX(FREQUENCY(IF(Absensi!C9:AG9>7/24,COLUMN(Absensi!C9:AG9)),IF(Absensi!C9:AG9<=7/24,COLUMN(Absensi!C9:AG9)))),IF(_xlpm._m>=2,_xlpm._m,0))} -> 3 | F11: {=SUMPRODUCT((FREQUENCY(IF(Absensi!C9:AG9>7/24,COLUMN(Absensi!C9:AG9)),IF(Absensi!C9:AG9<=7/24,COLUMN(Absensi!C9:AG9)))>=2)*1)} -> 3 | G11: {=SUMPRODUCT((Absensi!C9:AG9>7/24)*1)+SUMPRODUCT((Absensi!C9:AG9>7/24)*(Absensi!D9:AH9>7/24)*1)} -> 17
B12: Guntur | C12: =COUNTIF(Absensi!C10:AG10,"<=7.00") -> 12 | D12: =COUNTIF(Absensi!C10:AG10,">7.00") -> 10 | E12: {=_xlfn.LET(_xlpm._m,MAX(FREQUENCY(IF(Absensi!C10:AG10>7/24,COLUMN(Absensi!C10:AG10)),IF(Absensi!C10:AG10<=7/24,COLUMN(Absensi!C10:AG10)))),IF(_xlpm._m>=2,_xlpm._m,0))} -> 3 | F12: {=SUMPRODUCT((FREQUENCY(IF(Absensi!C10:AG10>7/24,COLUMN(Absensi!C10:AG10)),IF(Absensi!C10:AG10<=7/24,COLUMN(Absensi!C10:AG10)))>=2)*1)} -> 3 | G12: {=SUMPRODUCT((Absensi!C10:AG10>7/24)*1)+SUMPRODUCT((Absensi!C10:AG10>7/24)*(Absensi!D10:AH10>7/24)*1)} -> 14
B13: Eva | C13: =COUNTIF(Absensi!C11:AG11,"<=7.00") -> 17 | D13: =COUNTIF(Absensi!C11:AG11,">7.00") -> 6 | E13: {=_xlfn.LET(_xlpm._m,MAX(FREQUENCY(IF(Absensi!C11:AG11>7/24,COLUMN(Absensi!C11:AG11)),IF(Absensi!C11:AG11<=7/24,COLUMN(Absensi!C11:AG11)))),IF(_xlpm._m>=2,_xlpm._m,0))} -> 2 | F13: {=SUMPRODUCT((FREQUENCY(IF(Absensi!C11:AG11>7/24,COLUMN(Absensi!C11:AG11)),IF(Absensi!C11:AG11<=7/24,COLUMN(Absensi!C11:AG11)))>=2)*1)} -> 2 | G13: {=SUMPRODUCT((Absensi!C11:AG11>7/24)*1)+SUMPRODUCT((Absensi!C11:AG11>7/24)*(Absensi!D11:AH11>7/24)*1)} -> 8
B15: Kirimkan Kode Jawaban diatas ke alamat : https://belajarexcel.id/xl-test/ untuk mengecek hasil jawaban
B17: Soal
B18: 1 | C18: Berapa hari jumlah masuk tepat waku? Masuk <= jam 7.00
C19: Contoh : Mira masuk tepat waktu di tanggal 1,2,6,8,10,13,14,17,20,24,27,28,30 (lihat tabel di Absensi).
C20: Jumlah masuk tepat waktu adalah 13
B22: 2 | C22: Berapa hari jumlah terlambat datang? Masuk lebih dari jam 7.00
C23: Contoh : Mira terlambat di tanggal 3,7,9,15,16,21,22,23,29,31 (lihat tabel di Absensi).
C24: Jumlah terlambat adalah 10
G25: Copyright © 2025 | BelajarExcel.id
B26: 3 | C26: Berapa hari jumlah terlambat datang secara berturut-turut paling banyak?
C27: Contoh : Mira terlambat di tanggal 3,7,9,15,16,21,22,23,29,31 (lihat tabel di Absensi).
C28: Tanggal yang berurutan adalah 15,16 dan 21,22,23.
C29: Jumlah terlambat berturut paling banyak adalah 3.
B31: 4 | C31: Berapa kali para murid terlambat datang secara berturut-turut?
C32: Contoh : Mira terlambat di tanggal 3,7,9,15,16,21,22,23,29,31 (lihat tabel di Absensi).
C33: Tanggal yang berurutan adalah 15,16 dan 21,22,23.
C34: Total terlambat berturut-turut adalah 2.
B36: 5 | C36: Berapa total poin keterlambatan tiap murid?
C37: Bila terlambat hanya 1 kali, maka poin yang didapat adalah 1. Namun jika terlambat 2 kali/lebih berturut-turut, maka poin untuk hari ke-1 adalah 1, dan hari-hari berikutnya 2.
C38: Contoh : Mira terlambat di tanggal 3,7,9,15,16,21,22,23,29,31 (lihat tabel di Absensi).
C39: Maka poin Mira adalah 1+1+1+1+2+1+2+2+1+1 = 13

Sheet Absensi
B1: Waktu Kedatangan Murid
B3: Nama | C3: 1 | D3: 2 | E3: 3 | F3: 4 | G3: 5 | H3: 6 | I3: 7 | J3: 8 | K3: 9 | L3: 10 | M3: 11 | N3: 12 | O3: 13 | P3: 14 | Q3: 15 | R3: 16 | S3: 17 | T3: 18 | U3: 19 | V3: 20 | W3: 21 | X3: 22 | Y3: 23 | Z3: 24 | AA3: 25 | AB3: 26 | AC3: 27 | AD3: 28 | AE3: 29 | AF3: 30 | AG3: 31
B4: Mira | C4: 0.28125 | D4: 0.28888889 | E4: 0.29861111 | H4: 0.28472222 | I4: 0.29513889 | J4: 0.28958333 | K4: 0.30208333 | L4: 0.27083333 | O4: 0.29166667 | P4: 0.28611111 | Q4: 0.30902778 | R4: 0.30416667 | S4: 0.27916667 | V4: 0.27291667 | W4: 0.3 | X4: 0.30833333 | Y4: 0.30486111 | Z4: 0.28333333 | AC4: 0.27430556 | AD4: 0.28055556 | AE4: 0.30138889 | AF4: 0.28541667 | AG4: 0.29652778
B5: Chandra | C5: 0.27291667 | D5: 0.3 | E5: 0.30833333 | H5: 0.27916667 | I5: 0.27638889 | J5: 0.28402778 | K5: 0.29791667 | L5: 0.29236111 | O5: 0.28263889 | P5: 0.29722222 | Q5: 0.27083333 | R5: 0.29375 | S5: 0.28819444 | V5: 0.29861111 | W5: 0.27777778 | X5: 0.27986111 | Y5: 0.28611111 | Z5: 0.30277778 | AC5: 0.29027778 | AD5: 0.27847222 | AE5: 0.27430556 | AG5: 0.27361111
B6: Dina | C6: 0.30208333 | D6: 0.30486111 | E6: 0.27291667 | H6: 0.29722222 | I6: 0.28263889 | J6: 0.2875 | K6: 0.27638889 | L6: 0.28888889 | O6: 0.29513889 | P6: 0.3 | Q6: 0.29861111 | R6: 0.28958333 | S6: 0.27777778 | V6: 0.28125 | W6: 0.29236111 | X6: 0.28611111 | Y6: 0.30347222 | Z6: 0.27083333 | AC6: 0.28819444 | AD6: 0.30555556 | AE6: 0.30277778 | AF6: 0.27430556 | AG6: 0.28402778
B7: Hendra | C7: 0.3 | D7: 0.27291667 | E7: 0.28819444 | H7: 0.29513889 | I7: 0.28611111 | J7: 0.27083333 | K7: 0.29236111 | L7: 0.29791667 | O7: 0.30208333 | P7: 0.29930556 | Q7: 0.2875 | R7: 0.27916667 | S7: 0.29027778 | V7: 0.28541667 | W7: 0.30902778 | X7: 0.27777778 | Y7: 0.28263889 | Z7: 0.27638889 | AC7: 0.27569444 | AD7: 0.29722222 | AE7: 0.28333333 | AF7: 0.27986111 | AG7: 0.27847222
B8: Fajar | C8: 0.27638889 | D8: 0.28125 | E8: 0.275 | H8: 0.27083333 | I8: 0.28402778 | J8: 0.29305556 | K8: 0.27569444 | L8: 0.27916667 | O8: 0.27708333 | P8: 0.28541667 | Q8: 0.29652778 | R8: 0.28819444 | S8: 0.29375 | V8: 0.27777778 | W8: 0.2875 | X8: 0.27430556 | Y8: 0.29583333 | Z8: 0.28680556 | AC8: 0.29236111 | AD8: 0.27986111 | AE8: 0.27361111 | AF8: 0.28888889 | AG8: 0.29722222
B9: Bella | C9: 0.28402778 | D9: 0.27083333 | E9: 0.30208333 | H9: 0.30347222 | I9: 0.30694444 | J9: 0.29513889 | K9: 0.27291667 | L9: 0.28541667 | O9: 0.27638889 | P9: 0.28819444 | Q9: 0.29375 | R9: 0.29236111 | S9: 0.3 | V9: 0.30069444 | W9: 0.29861111 | X9: 0.29652778 | Y9: 0.27152778 | Z9: 0.2875 | AC9: 0.275 | AD9: 0.28263889 | AE9: 0.29722222 | AF9: 0.28611111 | AG9: 0.28125
B10: Guntur | C10: 0.27083333 | D10: 0.29236111 | E10: 0.27638889 | H10: 0.28402778 | I10: 0.29722222 | J10: 0.27291667 | K10: 0.30347222 | L10: 0.30138889 | O10: 0.27569444 | Q10: 0.28611111 | R10: 0.29027778 | S10: 0.28263889 | V10: 0.29375 | W10: 0.27430556 | X10: 0.29861111 | Y10: 0.30069444 | Z10: 0.27777778 | AC10: 0.28541667 | AD10: 0.29513889 | AE10: 0.30208333 | AF10: 0.29930556 | AG10: 0.28958333
B11: Eva | C11: 0.27986111 | D11: 0.275 | E11: 0.29236111 | H11: 0.28125 | I11: 0.28333333 | J11: 0.27777778 | K11: 0.3 | L11: 0.29375 | O11: 0.28194444 | P11: 0.28402778 | Q11: 0.27638889 | R11: 0.27152778 | S11: 0.27083333 | V11: 0.29166667 | W11: 0.28888889 | X11: 0.2875 | Y11: 0.29861111 | Z11: 0.29930556 | AC11: 0.29930556 | AD11: 0.28680556 | AE11: 0.27916667 | AF11: 0.28472222 | AG11: 0.29027778

Sheet DF
A1: DEF | C1: F/Value | H1: Fcek | I1: TRUE | J1: FALSE | K1: F/C
A2: DEF2 | C2: ='XL-test'!C6 -> 13 | D2: ='XL-test'!C9 -> 15 | E2: ='XL-test'!C13 -> 17 | F2: =SUM('XL-test'!C6:C13) -> 113 | G2: =IF(C2=0,"AB10",DEC2HEX(SUM(C2:F2)*200)&H2) -> 7B701 | H2: =AND(ISNUMBER(FIND("C4",SUBSTITUTE(P2,"$",""))),ISNUMBER(FIND("(",P2)),ISNUMBER(FIND("=",P2)))+0 -> 1 | I2: =MID(G2,3,1)&MID(G2,2,1)&RIGHT(G2,2) -> 7B01 | J2: =LEFT(G2,3) -> 7B7 | K2: =IF(ISNUMBER(FIND("NTI",P2)),I2,J2) -> 7B01 | L2: =K2&"-"&G2&";" -> 7B01-7B701; | P2: =_xlfn.FORMULATEXT('XL-test'!C6) -> =COUNTIF(Absensi!C4:AG4;"<=7.00")
C3: ='XL-test'!D6 -> 10 | D3: ='XL-test'!D9 -> 8 | E3: ='XL-test'!D13 -> 6 | F3: =SUM('XL-test'!D6:D13) -> 69 | G3: =IF(C3=0,"BC10",DEC2HEX(SUM(C3:F3)*200)&H3) -> 48A81 | H3: =AND(ISNUMBER(FIND("C4",SUBSTITUTE(P3,"$",""))),ISNUMBER(FIND("(",P3)),ISNUMBER(FIND("=",P3)))+0 -> 1 | I3: =MID(G3,3,1)&MID(G3,2,1)&RIGHT(G3,2) -> A881 | J3: =LEFT(G3,3) -> 48A | K3: =IF(ISNUMBER(FIND("NTI",P3)),I3,J3) -> A881 | L3: =K3&"-"&G3&";" -> A881-48A81; | P3: =_xlfn.FORMULATEXT('XL-test'!D6) -> =COUNTIF(Absensi!C4:AG4;">7.00")
C4: ='XL-test'!E6 -> 3 | D4: ='XL-test'!E9 -> 2 | E4: ='XL-test'!E13 -> 2 | F4: =SUM('XL-test'!E6:E13) -> 18 | G4: =IF(C4=0,"CB10",DEC2HEX(SUM(C4:F4)*200)&H4) -> 13881 | H4: =AND(ISNUMBER(FIND("C4",SUBSTITUTE(P4,"$",""))),ISNUMBER(FIND("(",P4)),ISNUMBER(FIND("=",P4)))+0 -> 1 | I4: =MID(G4,3,1)&MID(G4,2,1)&RIGHT(G4,2) -> 8381 | J4: =LEFT(G4,3) -> 138 | K4: =IF(ISNUMBER(FIND("ENC",P4)),I4,J4) -> 8381 | L4: =K4&"-"&G4&";" -> 8381-13881; | P4: =_xlfn.FORMULATEXT('XL-test'!E6) -> =LET(_m;MAX(FREQUENCY(IF(Absensi!C4:AG4>7/24;COLUMN(Absensi!C4:AG4));IF(Absensi!C4:AG4<=7/24;COLUMN(Absensi!C4:AG4))));IF(_m>=2;_m;0))
C5: ='XL-test'!F6 -> 2 | D5: ='XL-test'!F9 -> 2 | E5: ='XL-test'!F13 -> 2 | F5: =SUM('XL-test'!F6:F13) -> 17 | G5: =IF(C5=0,"FB10",DEC2HEX(SUM(C5:F5)*200)&H5) -> 11F81 | H5: =AND(ISNUMBER(FIND("C4",SUBSTITUTE(P5,"$",""))),ISNUMBER(FIND("(",P5)),ISNUMBER(FIND("=",P5)))+0 -> 1 | I5: =MID(G5,3,1)&MID(G5,2,1)&RIGHT(G5,2) -> F181 | J5: =LEFT(G5,3) -> 11F | K5: =IF(ISNUMBER(FIND("ENC",P5)),I5,J5) -> F181 | L5: =K5&"-"&G5&";" -> F181-11F81; | P5: =_xlfn.FORMULATEXT('XL-test'!F6) -> =SUMPRODUCT((FREQUENCY(IF(Absensi!C4:AG4>7/24;COLUMN(Absensi!C4:AG4));IF(Absensi!C4:AG4<=7/24;COLUMN(Absensi!C4:AG4)))>=2)*1)
C6: ='XL-test'!G6 -> 13 | D6: ='XL-test'!G9 -> 10 | E6: ='XL-test'!G13 -> 8 | F6: =SUM('XL-test'!G6:G13) -> 92 | G6: =IF(C6=0,"ED10",DEC2HEX(SUM(C6:F6)*200)&H6) -> 60181 | H6: =AND(ISNUMBER(FIND("C4",SUBSTITUTE(P6,"$",""))),ISNUMBER(FIND("(",P6)),ISNUMBER(FIND("=",P6)))+0 -> 1 | I6: =MID(G6,3,1)&MID(G6,2,1)&RIGHT(G6,2) -> 1081 | J6: =LEFT(G6,3) -> 601 | K6: =IF(ISNUMBER(FIND("UM",P6)),I6,J6) -> 1081 | L6: =K6&"-"&G6 -> 1081-60181 | P6: =_xlfn.FORMULATEXT('XL-test'!G6) -> =SUMPRODUCT((Absensi!C4:AG4>7/24)*1)+SUMPRODUCT((Absensi!C4:AG4>7/24)*(Absensi!D4:AH4>7/24)*1)
C8: =A2&"|"&L2&L3&L4&L5&L6 -> DEF2|7B01-7B701;A881-48A81;8381-13881;F181-11F81;1081-60181
