Workbook
Name kode_jawaban: DF!$C$19

Sheet XL-Test
B1: Extreme Level (⭐⭐⭐⭐)
B2: KODE SOAL | C2: SBEX006 | E2: KODE JAWABAN | G2: =kode_jawaban -> XF8|151-41A1;401-2F701;311-1C31;761-12B1;981-C81111;001-321;601-1A21;951-3CA1;561-26D1;301-33D1
E5: 1 | F5: 2 | G5: 3 | H5: 4 | I5: 5 | J5: 6 | K5: 7 | L5: 8 | M5: 9 | N5: 10
B6: Kode Surat | C6: Nama Peserta Raw | D6: Nilai | E6: Nama Peserta | F6: Tahun Surat | G6: Bulan Surat | H6: Tanggal Surat | I6: Tanggal | J6: Jumlah Hurup A | K6: Inisial Nama | L6: Inisial & Tanggal | M6: Status Nilai | N6: Sensor Nama Peserta
B7: B-001/2024/08/19 | C7: aNdi sApUtRa | D7: 56 | E7: =SUBSTITUTE(PROPER(TRIM(SUBSTITUTE(C7,CHAR(160)," "))),"'A","'a") -> Andi Saputra | F7: =MID(TRIM(SUBSTITUTE(B7, CHAR(160)," ")),7,4) -> 2024 | G7: =MID(TRIM(SUBSTITUTE(B7, CHAR(160)," ")),12,2) -> 08 | H7: =RIGHT(TRIM(SUBSTITUTE(B7, CHAR(160)," ")),2) -> 19 | I7: =(F7&"-"&G7&"-"&H7)*1 -> 45523 | J7: =LEN(C7)-LEN(SUBSTITUTE(UPPER(C7),"A","")) -> 3 | K7: =LEFT(E7,1)&MID(E7,FIND(" ",E7,1)+1,1) -> AS | L7: =K7&TEXT(I7,"[$-id-ID]dd-mmm-yyyy") -> AS19-Agu-2024 | M7: =TEXT(D7,"[>80]""Bagus"";[>60]""Baik"";""Cukup""") -> Cukup | N7: =REPLACE(REPLACE(E7,2,FIND(" ",E7)-3,REPT("*",FIND(" ",E7)-3)),FIND(" ",E7)+2,LEN(E7)-FIND(" ",E7)-2,REPT("*",LEN(E7)-FIND(" ",E7)-2)) -> A**i S*****a
B8: R-002/2024/04/20 | C8: bUDi sANtoSo | D8: 77 | E8: =SUBSTITUTE(PROPER(TRIM(SUBSTITUTE(C8,CHAR(160)," "))),"'A","'a") -> Budi Santoso | F8: =MID(TRIM(SUBSTITUTE(B8, CHAR(160)," ")),7,4) -> 2024 | G8: =MID(TRIM(SUBSTITUTE(B8, CHAR(160)," ")),12,2) -> 04 | H8: =RIGHT(TRIM(SUBSTITUTE(B8, CHAR(160)," ")),2) -> 20 | I8: =(F8&"-"&G8&"-"&H8)*1 -> 45402 | J8: =LEN(C8)-LEN(SUBSTITUTE(UPPER(C8),"A","")) -> 1 | K8: =LEFT(E8,1)&MID(E8,FIND(" ",E8,1)+1,1) -> BS | L8: =K8&TEXT(I8,"[$-id-ID]dd-mmm-yyyy") -> BS20-Apr-2024 | M8: =TEXT(D8,"[>80]""Bagus"";[>60]""Baik"";""Cukup""") -> Baik | N8: =REPLACE(REPLACE(E8,2,FIND(" ",E8)-3,REPT("*",FIND(" ",E8)-3)),FIND(" ",E8)+2,LEN(E8)-FIND(" ",E8)-2,REPT("*",LEN(E8)-FIND(" ",E8)-2)) -> B**i S*****o
B9: B-003/2024/05/21 | C9: mA'Arif AlFaRizi | D9: 40 | E9: =SUBSTITUTE(PROPER(TRIM(SUBSTITUTE(C9,CHAR(160)," "))),"'A","'a") -> Ma'arif Alfarizi | F9: =MID(TRIM(SUBSTITUTE(B9, CHAR(160)," ")),7,4) -> 2024 | G9: =MID(TRIM(SUBSTITUTE(B9, CHAR(160)," ")),12,2) -> 05 | H9: =RIGHT(TRIM(SUBSTITUTE(B9, CHAR(160)," ")),2) -> 21 | I9: =(F9&"-"&G9&"-"&H9)*1 -> 45433 | J9: =LEN(C9)-LEN(SUBSTITUTE(UPPER(C9),"A","")) -> 4 | K9: =LEFT(E9,1)&MID(E9,FIND(" ",E9,1)+1,1) -> MA | L9: =K9&TEXT(I9,"[$-id-ID]dd-mmm-yyyy") -> MA21-Mei-2024 | M9: =TEXT(D9,"[>80]""Bagus"";[>60]""Baik"";""Cukup""") -> Cukup | N9: =REPLACE(REPLACE(E9,2,FIND(" ",E9)-3,REPT("*",FIND(" ",E9)-3)),FIND(" ",E9)+2,LEN(E9)-FIND(" ",E9)-2,REPT("*",LEN(E9)-FIND(" ",E9)-2)) -> M*****f A******i
B10: B-004/2024/08/22 | C10: dIaN prAseTyo | D10: 67 | E10: =SUBSTITUTE(PROPER(TRIM(SUBSTITUTE(C10,CHAR(160)," "))),"'A","'a") -> Dian Prasetyo | F10: =MID(TRIM(SUBSTITUTE(B10, CHAR(160)," ")),7,4) -> 2024 | G10: =MID(TRIM(SUBSTITUTE(B10, CHAR(160)," ")),12,2) -> 08 | H10: =RIGHT(TRIM(SUBSTITUTE(B10, CHAR(160)," ")),2) -> 22 | I10: =(F10&"-"&G10&"-"&H10)*1 -> 45526 | J10: =LEN(C10)-LEN(SUBSTITUTE(UPPER(C10),"A","")) -> 2 | K10: =LEFT(E10,1)&MID(E10,FIND(" ",E10,1)+1,1) -> DP | L10: =K10&TEXT(I10,"[$-id-ID]dd-mmm-yyyy") -> DP22-Agu-2024 | M10: =TEXT(D10,"[>80]""Bagus"";[>60]""Baik"";""Cukup""") -> Baik | N10: =REPLACE(REPLACE(E10,2,FIND(" ",E10)-3,REPT("*",FIND(" ",E10)-3)),FIND(" ",E10)+2,LEN(E10)-FIND(" ",E10)-2,REPT("*",LEN(E10)-FIND(" ",E10)-2)) -> D**n P******o
B11: S-005/2023/07/23 | C11: AlfA'iZ muHaMmad | D11: 28 | E11: =SUBSTITUTE(PROPER(TRIM(SUBSTITUTE(C11,CHAR(160)," "))),"'I","'i") -> Alfa'iz Muhammad | F11: =MID(TRIM(SUBSTITUTE(B11, CHAR(160)," ")),7,4) -> 2023 | G11: =MID(TRIM(SUBSTITUTE(B11, CHAR(160)," ")),12,2) -> 07 | H11: =RIGHT(TRIM(SUBSTITUTE(B11, CHAR(160)," ")),2) -> 23 | I11: =(F11&"-"&G11&"-"&H11)*1 -> 45130 | J11: =LEN(C11)-LEN(SUBSTITUTE(UPPER(C11),"A","")) -> 4 | K11: =LEFT(E11,1)&MID(E11,FIND(" ",E11,1)+1,1) -> AM | L11: =K11&TEXT(I11,"[$-id-ID]dd-mmm-yyyy") -> AM23-Jul-2023 | M11: =TEXT(D11,"[>80]""Bagus"";[>60]""Baik"";""Cukup""") -> Cukup | N11: =REPLACE(REPLACE(E11,2,FIND(" ",E11)-3,REPT("*",FIND(" ",E11)-3)),FIND(" ",E11)+2,LEN(E11)-FIND(" ",E11)-2,REPT("*",LEN(E11)-FIND(" ",E11)-2)) -> A*****z M******d
B12: B-006/2024/08/24 | C12: fiTRi aNJaNi | D12: 32 | E12: =SUBSTITUTE(PROPER(TRIM(SUBSTITUTE(C12,CHAR(160)," "))),"'A","'a") -> Fitri Anjani | F12: =MID(TRIM(SUBSTITUTE(B12, CHAR(160)," ")),7,4) -> 2024 | G12: =MID(TRIM(SUBSTITUTE(B12, CHAR(160)," ")),12,2) -> 08 | H12: =RIGHT(TRIM(SUBSTITUTE(B12, CHAR(160)," ")),2) -> 24 | I12: =(F12&"-"&G12&"-"&H12)*1 -> 45528 | J12: =LEN(C12)-LEN(SUBSTITUTE(UPPER(C12),"A","")) -> 2 | K12: =LEFT(E12,1)&MID(E12,FIND(" ",E12,1)+1,1) -> FA | L12: =K12&TEXT(I12,"[$-id-ID]dd-mmm-yyyy") -> FA24-Agu-2024 | M12: =TEXT(D12,"[>80]""Bagus"";[>60]""Baik"";""Cukup""") -> Cukup | N12: =REPLACE(REPLACE(E12,2,FIND(" ",E12)-3,REPT("*",FIND(" ",E12)-3)),FIND(" ",E12)+2,LEN(E12)-FIND(" ",E12)-2,REPT("*",LEN(E12)-FIND(" ",E12)-2)) -> F***i A****i
B13: B-007/2024/08/25 | C13: gAlIh pErMAnA | D13: 75 | E13: =SUBSTITUTE(PROPER(TRIM(SUBSTITUTE(C13,CHAR(160)," "))),"'A","'a") -> Galih Permana | F13: =MID(TRIM(SUBSTITUTE(B13, CHAR(160)," ")),7,4) -> 2024 | G13: =MID(TRIM(SUBSTITUTE(B13, CHAR(160)," ")),12,2) -> 08 | H13: =RIGHT(TRIM(SUBSTITUTE(B13, CHAR(160)," ")),2) -> 25 | I13: =(F13&"-"&G13&"-"&H13)*1 -> 45529 | J13: =LEN(C13)-LEN(SUBSTITUTE(UPPER(C13),"A","")) -> 3 | K13: =LEFT(E13,1)&MID(E13,FIND(" ",E13,1)+1,1) -> GP | L13: =K13&TEXT(I13,"[$-id-ID]dd-mmm-yyyy") -> GP25-Agu-2024 | M13: =TEXT(D13,"[>80]""Bagus"";[>60]""Baik"";""Cukup""") -> Baik | N13: =REPLACE(REPLACE(E13,2,FIND(" ",E13)-3,REPT("*",FIND(" ",E13)-3)),FIND(" ",E13)+2,LEN(E13)-FIND(" ",E13)-2,REPT("*",LEN(E13)-FIND(" ",E13)-2)) -> G***h P*****a
B14: R-008/2024/08/02 | C14: ba'ASyir aNaNDa | D14: 37 | E14: =SUBSTITUTE(PROPER(TRIM(SUBSTITUTE(C14,CHAR(160)," "))),"'A","'a") -> Ba'asyir Ananda | F14: =MID(TRIM(SUBSTITUTE(B14, CHAR(160)," ")),7,4) -> 2024 | G14: =MID(TRIM(SUBSTITUTE(B14, CHAR(160)," ")),12,2) -> 08 | H14: =RIGHT(TRIM(SUBSTITUTE(B14, CHAR(160)," ")),2) -> 02 | I14: =(F14&"-"&G14&"-"&H14)*1 -> 45506 | J14: =LEN(C14)-LEN(SUBSTITUTE(UPPER(C14),"A","")) -> 5 | K14: =LEFT(E14,1)&MID(E14,FIND(" ",E14,1)+1,1) -> BA | L14: =K14&TEXT(I14,"[$-id-ID]dd-mmm-yyyy") -> BA02-Agu-2024 | M14: =TEXT(D14,"[>80]""Bagus"";[>60]""Baik"";""Cukup""") -> Cukup | N14: =REPLACE(REPLACE(E14,2,FIND(" ",E14)-3,REPT("*",FIND(" ",E14)-3)),FIND(" ",E14)+2,LEN(E14)-FIND(" ",E14)-2,REPT("*",LEN(E14)-FIND(" ",E14)-2)) -> B******r A****a
B15: S-009/2024/09/27 | C15: iNdAh sARi | D15: 93 | E15: =SUBSTITUTE(PROPER(TRIM(SUBSTITUTE(C15,CHAR(160)," "))),"'A","'a") -> Indah Sari | F15: =MID(TRIM(SUBSTITUTE(B15, CHAR(160)," ")),7,4) -> 2024 | G15: =MID(TRIM(SUBSTITUTE(B15, CHAR(160)," ")),12,2) -> 09 | H15: =RIGHT(TRIM(SUBSTITUTE(B15, CHAR(160)," ")),2) -> 27 | I15: =(F15&"-"&G15&"-"&H15)*1 -> 45562 | J15: =LEN(C15)-LEN(SUBSTITUTE(UPPER(C15),"A","")) -> 2 | K15: =LEFT(E15,1)&MID(E15,FIND(" ",E15,1)+1,1) -> IS | L15: =K15&TEXT(I15,"[$-id-ID]dd-mmm-yyyy") -> IS27-Sep-2024 | M15: =TEXT(D15,"[>80]""Bagus"";[>60]""Baik"";""Cukup""") -> Bagus | N15: =REPLACE(REPLACE(E15,2,FIND(" ",E15)-3,REPT("*",FIND(" ",E15)-3)),FIND(" ",E15)+2,LEN(E15)-FIND(" ",E15)-2,REPT("*",LEN(E15)-FIND(" ",E15)-2)) -> I***h S**i
B16: B-010/2024/10/28 | C16: joKo sUSiLo | D16: 34 | E16: =SUBSTITUTE(PROPER(TRIM(SUBSTITUTE(C16,CHAR(160)," "))),"'A","'a") -> Joko Susilo | F16: =MID(TRIM(SUBSTITUTE(B16, CHAR(160)," ")),7,4) -> 2024 | G16: =MID(TRIM(SUBSTITUTE(B16, CHAR(160)," ")),12,2) -> 10 | H16: =RIGHT(TRIM(SUBSTITUTE(B16, CHAR(160)," ")),2) -> 28 | I16: =(F16&"-"&G16&"-"&H16)*1 -> 45593 | J16: =LEN(C16)-LEN(SUBSTITUTE(UPPER(C16),"A","")) -> 0 | K16: =LEFT(E16,1)&MID(E16,FIND(" ",E16,1)+1,1) -> JS | L16: =K16&TEXT(I16,"[$-id-ID]dd-mmm-yyyy") -> JS28-Okt-2024 | M16: =TEXT(D16,"[>80]""Bagus"";[>60]""Baik"";""Cukup""") -> Cukup | N16: =REPLACE(REPLACE(E16,2,FIND(" ",E16)-3,REPT("*",FIND(" ",E16)-3)),FIND(" ",E16)+2,LEN(E16)-FIND(" ",E16)-2,REPT("*",LEN(E16)-FIND(" ",E16)-2)) -> J**o S****o
B17: B-011/2024/08/29 | C17: KaRTiKa pUtRi | D17: 50 | E17: =SUBSTITUTE(PROPER(TRIM(SUBSTITUTE(C17,CHAR(160)," "))),"'A","'a") -> Kartika Putri | F17: =MID(TRIM(SUBSTITUTE(B17, CHAR(160)," ")),7,4) -> 2024 | G17: =MID(TRIM(SUBSTITUTE(B17, CHAR(160)," ")),12,2) -> 08 | H17: =RIGHT(TRIM(SUBSTITUTE(B17, CHAR(160)," ")),2) -> 29 | I17: =(F17&"-"&G17&"-"&H17)*1 -> 45533 | J17: =LEN(C17)-LEN(SUBSTITUTE(UPPER(C17),"A","")) -> 2 | K17: =LEFT(E17,1)&MID(E17,FIND(" ",E17,1)+1,1) -> KP | L17: =K17&TEXT(I17,"[$-id-ID]dd-mmm-yyyy") -> KP29-Agu-2024 | M17: =TEXT(D17,"[>80]""Bagus"";[>60]""Baik"";""Cukup""") -> Cukup | N17: =REPLACE(REPLACE(E17,2,FIND(" ",E17)-3,REPT("*",FIND(" ",E17)-3)),FIND(" ",E17)+2,LEN(E17)-FIND(" ",E17)-2,REPT("*",LEN(E17)-FIND(" ",E17)-2)) -> K*****a P***i
B18: R-012/2024/08/29 | C18: SYa'baN riZki | D18: 82 | E18: =SUBSTITUTE(PROPER(TRIM(SUBSTITUTE(C18,CHAR(160)," "))),"'B","'b") -> Sya'ban Rizki | F18: =MID(TRIM(SUBSTITUTE(B18, CHAR(160)," ")),7,4) -> 2024 | G18: =MID(TRIM(SUBSTITUTE(B18, CHAR(160)," ")),12,2) -> 08 | H18: =RIGHT(TRIM(SUBSTITUTE(B18, CHAR(160)," ")),2) -> 29 | I18: =(F18&"-"&G18&"-"&H18)*1 -> 45533 | J18: =LEN(C18)-LEN(SUBSTITUTE(UPPER(C18),"A","")) -> 2 | K18: =LEFT(E18,1)&MID(E18,FIND(" ",E18,1)+1,1) -> SR | L18: =K18&TEXT(I18,"[$-id-ID]dd-mmm-yyyy") -> SR29-Agu-2024 | M18: =TEXT(D18,"[>80]""Bagus"";[>60]""Baik"";""Cukup""") -> Bagus | N18: =REPLACE(REPLACE(E18,2,FIND(" ",E18)-3,REPT("*",FIND(" ",E18)-3)),FIND(" ",E18)+2,LEN(E18)-FIND(" ",E18)-2,REPT("*",LEN(E18)-FIND(" ",E18)-2)) -> S*****n R***i
B19: S-013/2024/08/30 | C19: muHAmMad RiZkY | D19: 95 | E19: =SUBSTITUTE(PROPER(TRIM(SUBSTITUTE(C19,CHAR(160)," "))),"'A","'a") -> Muhammad Rizky | F19: =MID(TRIM(SUBSTITUTE(B19, CHAR(160)," ")),7,4) -> 2024 | G19: =MID(TRIM(SUBSTITUTE(B19, CHAR(160)," ")),12,2) -> 08 | H19: =RIGHT(TRIM(SUBSTITUTE(B19, CHAR(160)," ")),2) -> 30 | I19: =(F19&"-"&G19&"-"&H19)*1 -> 45534 | J19: =LEN(C19)-LEN(SUBSTITUTE(UPPER(C19),"A","")) -> 2 | K19: =LEFT(E19,1)&MID(E19,FIND(" ",E19,1)+1,1) -> MR | L19: =K19&TEXT(I19,"[$-id-ID]dd-mmm-yyyy") -> MR30-Agu-2024 | M19: =TEXT(D19,"[>80]""Bagus"";[>60]""Baik"";""Cukup""") -> Bagus | N19: =REPLACE(REPLACE(E19,2,FIND(" ",E19)-3,REPT("*",FIND(" ",E19)-3)),FIND(" ",E19)+2,LEN(E19)-FIND(" ",E19)-2,REPT("*",LEN(E19)-FIND(" ",E19)-2)) -> M******d R***y
B20: S-014/2025/11/30 | C20: naDiA kUsUmA | D20: 75 | E20: =SUBSTITUTE(PROPER(TRIM(SUBSTITUTE(C20,CHAR(160)," "))),"'A","'a") -> Nadia Kusuma | F20: =MID(TRIM(SUBSTITUTE(B20, CHAR(160)," ")),7,4) -> 2025 | G20: =MID(TRIM(SUBSTITUTE(B20, CHAR(160)," ")),12,2) -> 11 | H20: =RIGHT(TRIM(SUBSTITUTE(B20, CHAR(160)," ")),2) -> 30 | I20: =(F20&"-"&G20&"-"&H20)*1 -> 45991 | J20: =LEN(C20)-LEN(SUBSTITUTE(UPPER(C20),"A","")) -> 3 | K20: =LEFT(E20,1)&MID(E20,FIND(" ",E20,1)+1,1) -> NK | L20: =K20&TEXT(I20,"[$-id-ID]dd-mmm-yyyy") -> NK30-Nov-2025 | M20: =TEXT(D20,"[>80]""Bagus"";[>60]""Baik"";""Cukup""") -> Baik | N20: =REPLACE(REPLACE(E20,2,FIND(" ",E20)-3,REPT("*",FIND(" ",E20)-3)),FIND(" ",E20)+2,LEN(E20)-FIND(" ",E20)-2,REPT("*",LEN(E20)-FIND(" ",E20)-2)) -> N***a K****a
B22: Data soal harus tetap "as is" alias tidak boleh diubah.
C24: Soal: | N24: Website:
C25: Isi Kolom-kolom kosong diatas hanya menggunakan Fungsi yang tergolong dalam fungsi Text yang ada pada list dibawah ini :
C26: Fungsi Text : | D26: LEFT, MID, RIGHT, LEN, SUBSTITUTE, CLEAN, TRIM, CODE, CHAR, CONCAT, CONCATENATE, SEARCH, FIND, LOWER, UPPER, PROPER, TEXT, REPT
B28: 1 | C28: isi kolom Nama Peserta dari nama peserta raw yang sudah dirapihkan dalam bentuk Proper Case (Hurup Pertama yang Hurup Besar) | N28: https://belajarexcel.id
B29: 2 | C29: Isi kolom Tahun Surat berdasarkan kode surat diambil dari karakter ke 7 sampai karakter ke 10 | N29: Copyright © 2023 | BelajarExcel.id
B30: 3 | C30: Isi kolom Bulan Surat berdasarkan kode surat diambil dari karakter ke 12 sampai karakter ke 13
B31: 4 | C31: Isi kolom Tanggal Surat berdasarkan kode surat diambil dari 2 karakter ke terakhir
B32: 5 | C32: Isi Tanggal dengan Tangal yang valid didapat dari gabungan Tahun surat, bulan surat dan tanggal surat dengan Format DD-MMM-YYYY
B33: 6 | C33: Isi Jumlah Hurup A dengan jumlah semua hurup A yang ada pada kolom nama peserta
B34: 7 | C34: Isi Kolom Inisial Nama dengan Inisial dari Nama Peserta yang diambil dari hurup pertama, contoh: AS untuk Andi Saputra
B35: 8 | C35: Gabungkan Inisial dan juga tanggal dalam format InisialDD-MMM-YYYY dimana bulan harus berbahasa indonesia, contoh : AS19-Agu-2024
B36: 9 | C36: Isi kolom kolom status nilai jika nilai 0-60 "Cukup", jika nilai 61-80 "Baik", lebih besar dari 80 maka "Bagus"
B37: 10 | C37: Isi Kolom Sensor Nama dengan ketentuan hanya 1 hurup diawal dan 1 hurup diakhir yang ditampilkan, contoh: Andi Saputra maka akan menjadi A***i S*****a
C39: Selesai mengerjakan,
C40: Kirimkan Kode Jawaban diatas ke alamat : https://belajarexcel.id/xl-test/ untuk mengecek hasil jawaban

Sheet DF
A1: DF | C1: ='XL-Test'!E7 -> Andi Saputra | D1: ='XL-Test'!F7 -> 2024 | E1: ='XL-Test'!G7 -> 08 | F1: ='XL-Test'!H7 -> 19 | G1: ='XL-Test'!I7 -> 45523 | H1: ='XL-Test'!J7 -> 3 | I1: ='XL-Test'!K7 -> AS | J1: ='XL-Test'!L7 -> AS19-Agu-2024 | ... L1: ='XL-Test'!N7 -> A**i S*****a | Q1: 1 | R1: =_xlfn.FORMULATEXT('XL-Test'!E7) -> =SUBSTITUTE(PROPER(TRIM(SUBSTITUTE(C7;CHAR(160);" ")));"'A";"'a") | S1: =_xlfn.FORMULATEXT('XL-Test'!F7) -> =MID(TRIM(SUBSTITUTE(B7; CHAR(160);" "));7;4) | T1: =_xlfn.FORMULATEXT('XL-Test'!G7) -> =MID(TRIM(SUBSTITUTE(B7; CHAR(160);" "));12;2) | U1: =_xlfn.FORMULATEXT('XL-Test'!H7) -> =RIGHT(TRIM(SUBSTITUTE(B7; CHAR(160);" "));2) | V1: =_xlfn.FORMULATEXT('XL-Test'!I7) -> =(F7&"-"&G7&"-"&H7)*1 | W1: =_xlfn.FORMULATEXT('XL-Test'!J7) -> =LEN(C7)-LEN(SUBSTITUTE(UPPER(C7);"A";"")) | X1: =_xlfn.FORMULATEXT('XL-Test'!K7) -> =LEFT(E7;1)&MID(E7;FIND(" ";E7;1)+1;1) | Y1: =_xlfn.FORMULATEXT('XL-Test'!L7) -> =K7&TEXT(I7;"[$-id-ID]dd-mmm-yyyy") | ... AA1: =_xlfn.FORMULATEXT('XL-Test'!N7) -> =REPLACE(REPLACE(E7;2;FIND(" ";E7)-3;REPT("*";FIND(" ";E7)-3));FIND(" ";E7)+2;LEN(E7)-FIND(" ";E7)-2;REPT("*";LEN(E7)-FIND(" ";E7)-2))
A2: XF8 | C2: ='XL-Test'!E11 -> Alfa'iz Muhammad | D2: ='XL-Test'!F11 -> 2023 | E2: ='XL-Test'!G11 -> 07 | F2: ='XL-Test'!H11 -> 23 | G2: ='XL-Test'!I11 -> 45130 | H2: ='XL-Test'!J11 -> 4 | I2: ='XL-Test'!K11 -> AM | J2: ='XL-Test'!L11 -> AM23-Jul-2023 | K2: ='XL-Test'!M10 -> Baik | L2: ='XL-Test'!N11 -> A*****z M******d | Q2: 2 | R2: =_xlfn.FORMULATEXT('XL-Test'!F7) -> =MID(TRIM(SUBSTITUTE(B7; CHAR(160);" "));7;4)
C3: ='XL-Test'!E14 -> Ba'asyir Ananda | D3: ='XL-Test'!F14 -> 2024 | E3: ='XL-Test'!G14 -> 08 | F3: ='XL-Test'!H14 -> 02 | G3: ='XL-Test'!I14 -> 45506 | H3: ='XL-Test'!J14 -> 5 | I3: ='XL-Test'!K14 -> BA | J3: ='XL-Test'!L14 -> BA02-Agu-2024 | ... L3: ='XL-Test'!N14 -> B******r A****a | Q3: 3 | R3: =_xlfn.FORMULATEXT('XL-Test'!G7) -> =MID(TRIM(SUBSTITUTE(B7; CHAR(160);" "));12;2)
C4: ='XL-Test'!E20 -> Nadia Kusuma | D4: ='XL-Test'!F20 -> 2025 | E4: ='XL-Test'!G20 -> 11 | F4: ='XL-Test'!H20 -> 30 | G4: ='XL-Test'!I20 -> 45991 | H4: ='XL-Test'!J20 -> 3 | I4: ='XL-Test'!K20 -> NK | J4: ='XL-Test'!L20 -> NK30-Nov-2025 | ... L4: ='XL-Test'!N20 -> N***a K****a | Q4: 4 | R4: =_xlfn.FORMULATEXT('XL-Test'!H7) -> =RIGHT(TRIM(SUBSTITUTE(B7; CHAR(160);" "));2)
C5: ='XL-Test'!E9 -> Ma'arif Alfarizi | D5: ='XL-Test'!F9 -> 2024 | E5: ='XL-Test'!G9 -> 05 | F5: ='XL-Test'!H9 -> 21 | G5: =SUM('XL-Test'!I7:I20) -> 637323 | H5: =SUM('XL-Test'!J7:J20) -> 35 | I5: ='XL-Test'!K9 -> MA | J5: ='XL-Test'!L9 -> MA21-Mei-2024 | K5: ='XL-Test'!M9 -> Cukup | L5: ='XL-Test'!N9 -> M*****f A******i | Q5: 5 | R5: =_xlfn.FORMULATEXT('XL-Test'!I7) -> =(F7&"-"&G7&"-"&H7)*1
C6: ='XL-Test'!E18 -> Sya'ban Rizki | D6: ='XL-Test'!F18 -> 2024 | E6: ='XL-Test'!G18 -> 08 | F6: ='XL-Test'!H18 -> 29 | G6: =SUM(G1:G5) -> 819473 | H6: =SUM(H1:H5) -> 50 | I6: ='XL-Test'!K18 -> SR | J6: ='XL-Test'!L18 -> SR29-Agu-2024 | K6: ='XL-Test'!M18 -> Bagus | L6: ='XL-Test'!N18 -> S*****n R***i | Q6: 6 | R6: =_xlfn.FORMULATEXT('XL-Test'!J7) -> =LEN(C7)-LEN(SUBSTITUTE(UPPER(C7);"A";""))
Q7: 7 | R7: =_xlfn.FORMULATEXT('XL-Test'!K7) -> =LEFT(E7;1)&MID(E7;FIND(" ";E7;1)+1;1)
B8: RND | C8: 5715 | D8: 5940 | E8: 1031 | F8: 4776 | G8: 2898 | H8: 2000 | I8: 5260 | J8: 6095 | K8: 1756 | L8: 4630 | Q8: 8 | R8: =_xlfn.FORMULATEXT('XL-Test'!L7) -> =K7&TEXT(I7;"[$-id-ID]dd-mmm-yyyy")
C9: =DEC2HEX(IF(OR(C1="",C1=0),C8,CODE(LEFT(C1))+CODE(LEFT(C2))+CODE(LEFT(C3))+CODE(LEFT(C4))+CODE(LEFT(C5))+CODE(LEFT(C6)) +CODE(MID(C3,4,1)) +CODE(MID(C2,7,1)) +CODE(MID(C6,5,1)) +CODE(MID(C5,4,1)) +CODE(RIGHT(C5)) +CODE(RIGHT(C3)) ))&C14 -> 41A1 | D9: =DEC2HEX(IF(OR(D1=0,D1=""),D8,D1+D2+D3+D4+D5+D6))&D14 -> 2F701 | E9: =DEC2HEX(IF(OR(E1=0,E1=""),E8,(E6+0+E2+0+E3+0+E4+0+E5)+412))&E14 -> 1C31 | F9: =DEC2HEX(IF(OR(F1=0,F1=""),F8,(F6+0+F2+0+F3+0+F4+0+F5)+194))&F14 -> 12B1 | G9: =DEC2HEX(IF(G1=0,G8,G6))&G14 -> C81111 | H9: =DEC2HEX(IF(H1=0,H8,H6))&H14 -> 321 | I9: =DEC2HEX(IF(OR(I1=0,I1=""),I8,CODE(LEFT(I1))+CODE(LEFT(I2))+CODE(LEFT(I3))+CODE(MID(I4,2,1))+CODE(RIGHT(I5))+CODE(RIGHT(I6))))&I14 -> 1A21 | J9: =DEC2HEX(IF(OR(J1="",J1=0),J8,CODE(LEFT(J2))+CODE(LEFT(J1))+CODE(LEFT(J3))+CODE(LEFT(J4))+CODE(LEFT(J6))+CODE(LEFT(J5))+CODE(MID(J1,6,1))+CODE(MID(J2,4,1))+CODE(MID(J5,6,1))++CODE(MID(J1,2,1))+CODE(MID(J2,2,1))+CODE(MID(J6,2,1))+CODE(MID(J5,7,1))))&J14 -> 3CA1 | K9: =DEC2HEX(IF(OR(K1="",K1=0),K8,CODE(LEFT(K1))+CODE(RIGHT(K2))+CODE(LEFT(K2))+CODE(LEFT(K6))+CODE(RIGHT(K6,1))+CODE(LEFT(K5))+CODE(LEFT(K3))+CODE(LEFT(K4))))&K14 -> 26D1 | L9: =DEC2HEX(IF(L1=0,L8,CODE(MID(L1,4,1))+CODE(MID(L1,6,1))+CODE(MID(L2,3,1))+CODE(MID(L2,1,1))+CODE(MID(L3,8,1))+CODE(MID(L3,10,1))+CODE(MID(L6,1,1))+CODE(MID(L6,3,1))+CODE(MID(L5,1,1))+CODE(MID(L4,1,1))+CODE(MID(L4,7,1))))&L14 -> 33D1 | Q9: 9 | R9: =_xlfn.FORMULATEXT('XL-Test'!M7) -> =TEXT(D7;"[>80]""Bagus"";[>60]""Baik"";""Cukup""")
Q10: 10 | R10: =_xlfn.FORMULATEXT('XL-Test'!N7) -> =REPLACE(REPLACE(E7;2;FIND(" ";E7)-3;REPT("*";FIND(" ";E7)-3));FIND(" ";E7)+2;LEN(E7)-FIND(" ";E7)-2;REPT("*";LEN(E7)-FIND(" ";E7)-2))
B11: TRUE | C11: =RIGHT(C8,2)&C25 -> 151 | D11: =RIGHT(D8,2)&D25 -> 401 | E11: =RIGHT(E8,2)&E25 -> 311 | F11: =RIGHT(F8,2)&F25 -> 761 | G11: =RIGHT(G8,2)&G25 -> 981 | H11: =RIGHT(H8,2)&H25 -> 001 | I11: =RIGHT(I8,2)&I25 -> 601 | J11: =RIGHT(J8,2)&J25 -> 951 | ... L11: =RIGHT(L8,2)&L25 -> 301
B12: FALSE | C12: =LEFT(C8,2)&C25 -> 571 | D12: =LEFT(D8,2)&D25 -> 591 | E12: =LEFT(E8,2)&E25 -> 101 | F12: =LEFT(F8,2)&F25 -> 471 | G12: =LEFT(G8,2)&G25 -> 281 | H12: =LEFT(H8,2)&H25 -> 201 | I12: =LEFT(I8,2)&I25 -> 521 | J12: =LEFT(J8,2)&J25 -> 601 | ... L12: =LEFT(L8,2)&L25 -> 461
B14: Cek F | C14: =AND(ISNUMBER(FIND("=",R1)),ISNUMBER(FIND("(",R1)),ISNUMBER(FIND("7",R1)),C44)*1 -> 1 | D14: =AND(ISNUMBER(FIND("=",S1)),ISNUMBER(FIND("(",S1)),ISNUMBER(FIND("7",S1)),D44)*1 -> 1 | E14: =AND(ISNUMBER(FIND("=",T1)),ISNUMBER(FIND("(",T1)),ISNUMBER(FIND("7",T1)),E44)*1 -> 1 | F14: =AND(ISNUMBER(FIND("=",U1)),ISNUMBER(FIND("(",U1)),ISNUMBER(FIND("7",U1)),F44)*1 -> 1 | G14: =AND(ISNUMBER(FIND("=",V1)),ISNUMBER(FIND("(",V1)),ISNUMBER(FIND("7",V1)),ISERROR(FIND("DATE",V1)),G44)*1 -> 1 | H14: =AND(ISNUMBER(FIND("=",W1)),ISNUMBER(FIND("(",W1)),ISNUMBER(FIND("7",W1)),H44)*1 -> 1 | I14: =AND(ISNUMBER(FIND("=",X1)),ISNUMBER(FIND("(",X1)),ISNUMBER(FIND("7",X1)),I44)*1 -> 1 | J14: =AND(ISNUMBER(FIND("=",Y1)),ISNUMBER(FIND("(",Y1)),ISNUMBER(FIND("7",Y1)),J44)*1 -> 1 | K14: =AND(ISNUMBER(FIND("=",Z1)),ISNUMBER(FIND("(",Z1)),ISNUMBER(FIND("7",Z1)),R21,K44)*1 -> 1 | L14: =AND(ISNUMBER(FIND("=",AA1)),ISNUMBER(FIND("(",AA1)),ISNUMBER(FIND("7",AA1)),L44)*1 -> 1 | R14: 1 | S14: 2 | T14: 3 | U14: 4 | V14: 5 | W14: 6 | X14: 7 | Y14: 8 | Z14: 9 | AA14: 10
B15: Cek F | C15: =AND(ISNUMBER(FIND("PROPER",R1)),ISNUMBER(FIND("SUBS",R1)),ISNUMBER(FIND("TRIM",R1)),ISNUMBER(FIND("CHA",R1))) -> TRUE | D15: =AND(ISNUMBER(FIND("MID",S1)),ISNUMBER(FIND("SUBS",S1)),ISNUMBER(FIND("TRIM",S1)),ISNUMBER(FIND("CHA",S1))) -> TRUE | E15: =AND(ISNUMBER(FIND("MID",T1)),ISNUMBER(FIND("SUBS",T1)),ISNUMBER(FIND("TRIM",T1)),ISNUMBER(FIND("CHA",T1))) -> TRUE | F15: =AND(ISNUMBER(FIND("RIG",U1)),ISNUMBER(FIND("SUBS",U1)),ISNUMBER(FIND("TRIM",U1)),ISNUMBER(FIND("CHA",U1))) -> TRUE | G15: =OR(ISNUMBER(FIND("-",V1)),ISNUMBER(FIND("+",V1)),ISNUMBER(FIND("*",V1)),ISNUMBER(FIND("/",V1)),ISERROR(FIND("DATE",V1))) -> TRUE | H15: =AND(ISNUMBER(FIND("LEN",W1)),ISNUMBER(FIND("SUBS",W1)),OR(ISNUMBER(FIND("LOW",W1)),ISNUMBER(FIND("UP",W1)))) -> TRUE | I15: =AND(ISNUMBER(FIND("MID",X1)),ISNUMBER(FIND("LEF",X1))) -> TRUE | J15: =AND(ISNUMBER(FIND("TEXT",Y1)),OR(ISNUMBER(FIND("&",Y1)),ISNUMBER(FIND("CON",Y1)))) -> TRUE | K15: =AND(ISNUMBER(FIND("TEXT",Z1)),ISNUMBER(FIND("[",Z1))) -> TRUE | L15: =AND(ISNUMBER(FIND("REPL",AA1)),ISNUMBER(FIND("REPT",AA1))) -> TRUE
B17: V | C17: =IF(C15,C11,C12)&"-"&IFERROR(C9,"EEEE")&";" -> 151-41A1; | D17: =IF(D15,D11,D12)&"-"&IFERROR(D9,"EEEE")&";" -> 401-2F701; | E17: =IF(E15,E11,E12)&"-"&IFERROR(E9,"EEEE")&";" -> 311-1C31; | F17: =IF(F15,F11,F12)&"-"&IFERROR(F9,"EEEE")&";" -> 761-12B1; | G17: =IF(G15,G11,G12)&"-"&IFERROR(G9,"EEEE")&";" -> 981-C81111; | H17: =IF(H15,H11,H12)&"-"&IFERROR(H9,"EEEE")&";" -> 001-321; | I17: =IF(I15,I11,I12)&"-"&IFERROR(I9,"EEEE")&";" -> 601-1A21; | J17: =IF(J15,J11,J12)&"-"&IFERROR(J9,"EEEE")&";" -> 951-3CA1; | K17: =IF(K15,K11,K12)&"-"&IFERROR(K9,"EEEE")&";" -> 561-26D1; | L17: =IF(L15,L11,L12)&"-"&IFERROR(L9,"EEEE") -> 301-33D1
B19: =CODE(MID('XL-Test'!B15,4,1)) -> 160 | C19: =IF(AND(B19=160,B20=160),A2&"|"&C17&D17&E17&F17&G17&H17&I17&J17&K17&L17,"Table Berubah!Kembalikan Data Table Seperti semula") -> XF8|151-41A1;401-2F701;311-1C31;761-12B1;981-C81111;001-321;601-1A21;951-3CA1;561-26D1;301-33D1
B20: =CODE(MID('XL-Test'!C8,1,1)) -> 160 | O20: LEFT | P20: IF | Q20: =ISNUMBER(FIND(P20,Z1)) -> FALSE | R20: =OR(Q20,Q21,Q22,Q23,Q24) -> FALSE
O21: MID | P21: SWITCH | Q21: =ISNUMBER(FIND(P21,Z2)) -> FALSE | R21: =NOT(R20) -> TRUE
C22: 1 | D22: 2 | E22: 3 | F22: 4 | G22: 5 | H22: 6 | I22: 7 | J22: 8 | K22: 9 | L22: 10 | O22: RIGHT | P22: CHOOSE | Q22: =ISNUMBER(FIND(P22,Z3)) -> FALSE
B23: Banyak | C23: =LEN(R1)-LEN(SUBSTITUTE(R1,"(","")) -> 5 | D23: =LEN(S1)-LEN(SUBSTITUTE(S1,"(","")) -> 4 | E23: =LEN(T1)-LEN(SUBSTITUTE(T1,"(","")) -> 4 | F23: =LEN(U1)-LEN(SUBSTITUTE(U1,"(","")) -> 4 | G23: =LEN(V1)-LEN(SUBSTITUTE(V1,"(","")) -> 1 | H23: =LEN(W1)-LEN(SUBSTITUTE(W1,"(","")) -> 4 | I23: =LEN(X1)-LEN(SUBSTITUTE(X1,"(","")) -> 3 | J23: =LEN(Y1)-LEN(SUBSTITUTE(Y1,"(","")) -> 1 | ... L23: =LEN(AA1)-LEN(SUBSTITUTE(AA1,"(","")) -> 11 | O23: LEN | P23: VLOOKUP | Q23: =ISNUMBER(FIND(P23,Z4)) -> FALSE
C24: 6 | D24: 4 | E24: 4 | F24: 4 | G24: 1 | H24: 4 | I24: 3 | J24: 1 | K24: 1 | L24: 11 | O24: SUBSTITUTE | P24: IFS | Q24: =ISNUMBER(FIND(P24,Z5)) -> FALSE
B25: Cek Banyak | C25: =IFERROR(C23<=C24,0)+0 -> 1 | D25: =IFERROR(D23<=D24,0)+0 -> 1 | E25: =IFERROR(E23<=E24,0)+0 -> 1 | F25: =IFERROR(F23<=F24,0)+0 -> 1 | G25: =IFERROR(G23<=G24,0)+0 -> 1 | H25: =IFERROR(H23<=H24,0)+0 -> 1 | I25: =IFERROR(I23<=I24,0)+0 -> 1 | J25: =IFERROR(J23<=J24,0)+0 -> 1 | ... L25: =IFERROR(L23<=L24,0)+0 -> 1 | O25: CLEAN
O26: TRIM
O27: CODE
A28: 7 | B28: 1 | C28: =LEN(_xlfn.FORMULATEXT('XL-Test'!E7))+1 -> 66 | D28: =LEN(_xlfn.FORMULATEXT('XL-Test'!F7))+1 -> 46 | E28: =LEN(_xlfn.FORMULATEXT('XL-Test'!G7))+1 -> 47 | F28: =LEN(_xlfn.FORMULATEXT('XL-Test'!H7))+1 -> 46 | G28: =LEN(_xlfn.FORMULATEXT('XL-Test'!I7))+2 -> 23 | H28: =LEN(_xlfn.FORMULATEXT('XL-Test'!J7))+2 -> 44 | I28: =LEN(_xlfn.FORMULATEXT('XL-Test'!K7))+3 -> 41 | J28: =LEN(_xlfn.FORMULATEXT('XL-Test'!L7))+2 -> 37 | K28: =LEN(_xlfn.FORMULATEXT('XL-Test'!M7))+1 -> 51 | L28: =LEN(_xlfn.FORMULATEXT('XL-Test'!N7))+8 -> 142 | O28: CHAR
A29: 8 | B29: 2 | C29: =LEN(_xlfn.FORMULATEXT('XL-Test'!E8))+1 -> 66 | D29: =LEN(_xlfn.FORMULATEXT('XL-Test'!F8))+1 -> 46 | E29: =LEN(_xlfn.FORMULATEXT('XL-Test'!G8))+1 -> 47 | F29: =LEN(_xlfn.FORMULATEXT('XL-Test'!H8))+1 -> 46 | G29: =LEN(_xlfn.FORMULATEXT('XL-Test'!I8))+2 -> 23 | H29: =LEN(_xlfn.FORMULATEXT('XL-Test'!J8))+2 -> 44 | I29: =LEN(_xlfn.FORMULATEXT('XL-Test'!K8))+3 -> 41 | J29: =LEN(_xlfn.FORMULATEXT('XL-Test'!L8))+2 -> 37 | K29: =LEN(_xlfn.FORMULATEXT('XL-Test'!M8))+1 -> 51 | L29: =LEN(_xlfn.FORMULATEXT('XL-Test'!N8))+8 -> 142 | O29: CONCAT
A30: 9 | B30: 3 | C30: =LEN(_xlfn.FORMULATEXT('XL-Test'!E9))+1 -> 66 | D30: =LEN(_xlfn.FORMULATEXT('XL-Test'!F9))+1 -> 46 | E30: =LEN(_xlfn.FORMULATEXT('XL-Test'!G9))+1 -> 47 | F30: =LEN(_xlfn.FORMULATEXT('XL-Test'!H9))+1 -> 46 | G30: =LEN(_xlfn.FORMULATEXT('XL-Test'!I9))+2 -> 23 | H30: =LEN(_xlfn.FORMULATEXT('XL-Test'!J9))+2 -> 44 | I30: =LEN(_xlfn.FORMULATEXT('XL-Test'!K9))+3 -> 41 | J30: =LEN(_xlfn.FORMULATEXT('XL-Test'!L9))+2 -> 37 | K30: =LEN(_xlfn.FORMULATEXT('XL-Test'!M9))+1 -> 51 | L30: =LEN(_xlfn.FORMULATEXT('XL-Test'!N9))+8 -> 142 | O30: CONCATENATE
A31: 10 | B31: 4 | C31: =LEN(_xlfn.FORMULATEXT('XL-Test'!E10)) -> 66 | D31: =LEN(_xlfn.FORMULATEXT('XL-Test'!F10)) -> 46 | E31: =LEN(_xlfn.FORMULATEXT('XL-Test'!G10)) -> 47 | F31: =LEN(_xlfn.FORMULATEXT('XL-Test'!H10)) -> 46 | G31: =LEN(_xlfn.FORMULATEXT('XL-Test'!I10)) -> 24 | H31: =LEN(_xlfn.FORMULATEXT('XL-Test'!J10)) -> 44 | I31: =LEN(_xlfn.FORMULATEXT('XL-Test'!K10)) -> 41 | J31: =LEN(_xlfn.FORMULATEXT('XL-Test'!L10)) -> 37 | ... L31: =LEN(_xlfn.FORMULATEXT('XL-Test'!N10)) -> 142 | O31: SEARCH
A32: 11 | B32: 5 | C32: =LEN(_xlfn.FORMULATEXT('XL-Test'!E11)) -> 66 | D32: =LEN(_xlfn.FORMULATEXT('XL-Test'!F11)) -> 46 | E32: =LEN(_xlfn.FORMULATEXT('XL-Test'!G11)) -> 47 | F32: =LEN(_xlfn.FORMULATEXT('XL-Test'!H11)) -> 46 | G32: =LEN(_xlfn.FORMULATEXT('XL-Test'!I11)) -> 24 | H32: =LEN(_xlfn.FORMULATEXT('XL-Test'!J11)) -> 44 | I32: =LEN(_xlfn.FORMULATEXT('XL-Test'!K11)) -> 41 | J32: =LEN(_xlfn.FORMULATEXT('XL-Test'!L11)) -> 37 | ... L32: =LEN(_xlfn.FORMULATEXT('XL-Test'!N11)) -> 142 | O32: FIND
A33: 12 | B33: 6 | C33: =LEN(_xlfn.FORMULATEXT('XL-Test'!E12)) -> 66 | D33: =LEN(_xlfn.FORMULATEXT('XL-Test'!F12)) -> 46 | E33: =LEN(_xlfn.FORMULATEXT('XL-Test'!G12)) -> 47 | F33: =LEN(_xlfn.FORMULATEXT('XL-Test'!H12)) -> 46 | G33: =LEN(_xlfn.FORMULATEXT('XL-Test'!I12)) -> 24 | H33: =LEN(_xlfn.FORMULATEXT('XL-Test'!J12)) -> 44 | I33: =LEN(_xlfn.FORMULATEXT('XL-Test'!K12)) -> 41 | J33: =LEN(_xlfn.FORMULATEXT('XL-Test'!L12)) -> 37 | ... L33: =LEN(_xlfn.FORMULATEXT('XL-Test'!N12)) -> 142 | O33: LOWER
A34: 13 | B34: 7 | C34: =LEN(_xlfn.FORMULATEXT('XL-Test'!E13)) -> 66 | D34: =LEN(_xlfn.FORMULATEXT('XL-Test'!F13)) -> 46 | E34: =LEN(_xlfn.FORMULATEXT('XL-Test'!G13)) -> 47 | F34: =LEN(_xlfn.FORMULATEXT('XL-Test'!H13)) -> 46 | G34: =LEN(_xlfn.FORMULATEXT('XL-Test'!I13)) -> 24 | H34: =LEN(_xlfn.FORMULATEXT('XL-Test'!J13)) -> 44 | I34: =LEN(_xlfn.FORMULATEXT('XL-Test'!K13)) -> 41 | J34: =LEN(_xlfn.FORMULATEXT('XL-Test'!L13)) -> 37 | ... L34: =LEN(_xlfn.FORMULATEXT('XL-Test'!N13)) -> 142 | O34: UPPER
A35: 14 | B35: 8 | C35: =LEN(_xlfn.FORMULATEXT('XL-Test'!E14)) -> 66 | D35: =LEN(_xlfn.FORMULATEXT('XL-Test'!F14)) -> 46 | E35: =LEN(_xlfn.FORMULATEXT('XL-Test'!G14)) -> 47 | F35: =LEN(_xlfn.FORMULATEXT('XL-Test'!H14)) -> 46 | G35: =LEN(_xlfn.FORMULATEXT('XL-Test'!I14)) -> 24 | H35: =LEN(_xlfn.FORMULATEXT('XL-Test'!J14)) -> 44 | I35: =LEN(_xlfn.FORMULATEXT('XL-Test'!K14)) -> 41 | J35: =LEN(_xlfn.FORMULATEXT('XL-Test'!L14)) -> 37 | ... L35: =LEN(_xlfn.FORMULATEXT('XL-Test'!N14)) -> 142 | O35: PROPER
A36: 15 | B36: 9 | C36: =LEN(_xlfn.FORMULATEXT('XL-Test'!E15)) -> 66 | D36: =LEN(_xlfn.FORMULATEXT('XL-Test'!F15)) -> 46 | E36: =LEN(_xlfn.FORMULATEXT('XL-Test'!G15)) -> 47 | F36: =LEN(_xlfn.FORMULATEXT('XL-Test'!H15)) -> 46 | G36: =LEN(_xlfn.FORMULATEXT('XL-Test'!I15)) -> 24 | H36: =LEN(_xlfn.FORMULATEXT('XL-Test'!J15)) -> 44 | I36: =LEN(_xlfn.FORMULATEXT('XL-Test'!K15)) -> 41 | J36: =LEN(_xlfn.FORMULATEXT('XL-Test'!L15)) -> 37 | ... L36: =LEN(_xlfn.FORMULATEXT('XL-Test'!N15)) -> 142 | O36: TEXT
A37: 16 | B37: 10 | C37: =LEN(_xlfn.FORMULATEXT('XL-Test'!E16)) -> 66 | D37: =LEN(_xlfn.FORMULATEXT('XL-Test'!F16)) -> 46 | E37: =LEN(_xlfn.FORMULATEXT('XL-Test'!G16)) -> 47 | F37: =LEN(_xlfn.FORMULATEXT('XL-Test'!H16)) -> 46 | G37: =LEN(_xlfn.FORMULATEXT('XL-Test'!I16)) -> 24 | H37: =LEN(_xlfn.FORMULATEXT('XL-Test'!J16)) -> 44 | I37: =LEN(_xlfn.FORMULATEXT('XL-Test'!K16)) -> 41 | J37: =LEN(_xlfn.FORMULATEXT('XL-Test'!L16)) -> 37 | ... L37: =LEN(_xlfn.FORMULATEXT('XL-Test'!N16)) -> 142 | O37: REPT
A38: 17 | B38: 11 | C38: =LEN(_xlfn.FORMULATEXT('XL-Test'!E17)) -> 66 | D38: =LEN(_xlfn.FORMULATEXT('XL-Test'!F17)) -> 46 | E38: =LEN(_xlfn.FORMULATEXT('XL-Test'!G17)) -> 47 | F38: =LEN(_xlfn.FORMULATEXT('XL-Test'!H17)) -> 46 | G38: =LEN(_xlfn.FORMULATEXT('XL-Test'!I17)) -> 24 | H38: =LEN(_xlfn.FORMULATEXT('XL-Test'!J17)) -> 44 | I38: =LEN(_xlfn.FORMULATEXT('XL-Test'!K17)) -> 41 | J38: =LEN(_xlfn.FORMULATEXT('XL-Test'!L17)) -> 37 | ... L38: =LEN(_xlfn.FORMULATEXT('XL-Test'!N17)) -> 142
A39: 18 | B39: 12 | C39: =LEN(_xlfn.FORMULATEXT('XL-Test'!E18)) -> 66 | D39: =LEN(_xlfn.FORMULATEXT('XL-Test'!F18)) -> 46 | E39: =LEN(_xlfn.FORMULATEXT('XL-Test'!G18)) -> 47 | F39: =LEN(_xlfn.FORMULATEXT('XL-Test'!H18)) -> 46 | G39: =LEN(_xlfn.FORMULATEXT('XL-Test'!I18)) -> 24 | H39: =LEN(_xlfn.FORMULATEXT('XL-Test'!J18)) -> 44 | I39: =LEN(_xlfn.FORMULATEXT('XL-Test'!K18)) -> 41 | J39: =LEN(_xlfn.FORMULATEXT('XL-Test'!L18)) -> 37 | ... L39: =LEN(_xlfn.FORMULATEXT('XL-Test'!N18)) -> 142
A40: 19 | B40: 13 | C40: =LEN(_xlfn.FORMULATEXT('XL-Test'!E19)) -> 66 | D40: =LEN(_xlfn.FORMULATEXT('XL-Test'!F19)) -> 46 | E40: =LEN(_xlfn.FORMULATEXT('XL-Test'!G19)) -> 47 | F40: =LEN(_xlfn.FORMULATEXT('XL-Test'!H19)) -> 46 | G40: =LEN(_xlfn.FORMULATEXT('XL-Test'!I19)) -> 24 | H40: =LEN(_xlfn.FORMULATEXT('XL-Test'!J19)) -> 44 | I40: =LEN(_xlfn.FORMULATEXT('XL-Test'!K19)) -> 41 | J40: =LEN(_xlfn.FORMULATEXT('XL-Test'!L19)) -> 37 | ... L40: =LEN(_xlfn.FORMULATEXT('XL-Test'!N19)) -> 142
A41: 20 | B41: 14 | C41: =LEN(_xlfn.FORMULATEXT('XL-Test'!E20)) -> 66 | D41: =LEN(_xlfn.FORMULATEXT('XL-Test'!F20)) -> 46 | E41: =LEN(_xlfn.FORMULATEXT('XL-Test'!G20)) -> 47 | F41: =LEN(_xlfn.FORMULATEXT('XL-Test'!H20)) -> 46 | G41: =LEN(_xlfn.FORMULATEXT('XL-Test'!I20)) -> 24 | H41: =LEN(_xlfn.FORMULATEXT('XL-Test'!J20)) -> 44 | I41: =LEN(_xlfn.FORMULATEXT('XL-Test'!K20)) -> 41 | J41: =LEN(_xlfn.FORMULATEXT('XL-Test'!L20)) -> 37 | ... L41: =LEN(_xlfn.FORMULATEXT('XL-Test'!N20)) -> 142
C43: =AVERAGE(C31:C41) -> 66 | D43: =AVERAGE(D31:D41) -> 46 | E43: =AVERAGE(E31:E41) -> 47 | F43: =AVERAGE(F31:F41) -> 46 | G43: =AVERAGE(G31:G41) -> 24 | H43: =AVERAGE(H31:H41) -> 44 | I43: =AVERAGE(I31:I41) -> 41 | J43: =AVERAGE(J31:J41) -> 37 | ... L43: =AVERAGE(L31:L41) -> 142
C44: =IFERROR(SUM(C31:C41)/11=C41,0) -> TRUE | D44: =IFERROR(SUM(D31:D41)/11=D41,0) -> TRUE | E44: =IFERROR(SUM(E31:E41)/11=E41,0) -> TRUE | F44: =IFERROR(SUM(F31:F41)/11=F41,0) -> TRUE | G44: =IFERROR(SUM(G31:G41)/11=G41,0) -> TRUE | H44: =IFERROR(SUM(H31:H41)/11=H41,0) -> TRUE | I44: =IFERROR(SUM(I31:I41)/11=I41,0) -> TRUE | J44: =IFERROR(SUM(J31:J41)/11=J41,0) -> TRUE | ... L44: =IFERROR(SUM(L31:L41)/11=L41,0) -> TRUE
