Workbook
Name kode_jawaban: DF!$C$8

Sheet XL-Test
B2: KODE SOAL | C2: SBEX005 | D2: KODE JAWABAN | E2: =kode_jawaban -> DEF2|IH-INULUHKZMZIH01;57-35F45701;39-913951;B5-85B511
B5: No | C5: Kode Transaksi Bulan April 2025 | D5: Nama | E5: Nilai Transaksi | F5: Tanggal | G5: Kode WS
B6: 1 | C6: TRSF E-BANKING CR 0201/FTBN/WS9981 bayar-ke DINA-AYU-PRAMESWARI via toko 8412200 PPn10 tgl7 | D6: {=SUBSTITUTE(_xlfn.REGEXEXTRACT(C6,"[A-Z]{2,}(-[A-Z]+)+"),"-"," ")} -> DINA AYU PRAMESWARI | E6: {=VALUE(_xlfn.REGEXEXTRACT(C6," (\d{5,})"))} -> 8412200 | F6: =DATE(2025,4,MID(C6,FIND("tgl",C6)+3,2)*1) -> 45754 | G6: {=_xlfn.REGEXEXTRACT(C6,"WS\d+")} -> WS9981
B7: 2 | C7: TRSF E-BANKING CR WS11212/FTTT/909 KHAIRUL-ANAM 9984000 pembelian-alat tgl11 | D7: {=SUBSTITUTE(_xlfn.REGEXEXTRACT(C7,"[A-Z]{2,}(-[A-Z]+)+"),"-"," ")} -> KHAIRUL ANAM | E7: {=VALUE(_xlfn.REGEXEXTRACT(C7," (\d{5,})"))} -> 9984000 | F7: =DATE(2025,4,MID(C7,FIND("tgl",C7)+3,2)*1) -> 45758 | G7: {=_xlfn.REGEXEXTRACT(C7,"WS\d+")} -> WS11212
B8: 3 | C8: TRSF E-BANKING CR 0412/XFS/FTCN bayar-ke tgl25 ZAHRA-NUR-AINI toko 220000 WS443142/jkt-0923 | D8: {=SUBSTITUTE(_xlfn.REGEXEXTRACT(C8,"[A-Z]{2,}(-[A-Z]+)+"),"-"," ")} -> ZAHRA NUR AINI | E8: {=VALUE(_xlfn.REGEXEXTRACT(C8," (\d{5,})"))} -> 220000 | F8: =DATE(2025,4,MID(C8,FIND("tgl",C8)+3,2)*1) -> 45772 | G8: {=_xlfn.REGEXEXTRACT(C8,"WS\d+")} -> WS443142
B9: 4 | C9: TRSF E-BANKING CR tgl9 pembayaran ke-akun 783500 MILA-SAPUTRI WS7723/FTPO | D9: {=SUBSTITUTE(_xlfn.REGEXEXTRACT(C9,"[A-Z]{2,}(-[A-Z]+)+"),"-"," ")} -> MILA SAPUTRI | E9: {=VALUE(_xlfn.REGEXEXTRACT(C9," (\d{5,})"))} -> 783500 | F9: =DATE(2025,4,MID(C9,FIND("tgl",C9)+3,2)*1) -> 45756 | G9: {=_xlfn.REGEXEXTRACT(C9,"WS\d+")} -> WS7723
B10: 5 | C10: TRSF E-BANKING CR WS0012/FT76 tgl16 9840022 deposit akun ZULFIKAR-HUSNI | D10: {=SUBSTITUTE(_xlfn.REGEXEXTRACT(C10,"[A-Z]{2,}(-[A-Z]+)+"),"-"," ")} -> ZULFIKAR HUSNI | E10: {=VALUE(_xlfn.REGEXEXTRACT(C10," (\d{5,})"))} -> 9840022 | F10: =DATE(2025,4,MID(C10,FIND("tgl",C10)+3,2)*1) -> 45763 | G10: {=_xlfn.REGEXEXTRACT(C10,"WS\d+")} -> WS0012
B11: 6 | C11: TRSF E-BANKING CR WS12331/FTID/ 82100 RIO-RAMADHAN tunai kirim-unit tgl8 | D11: {=SUBSTITUTE(_xlfn.REGEXEXTRACT(C11,"[A-Z]{2,}(-[A-Z]+)+"),"-"," ")} -> RIO RAMADHAN | E11: {=VALUE(_xlfn.REGEXEXTRACT(C11," (\d{5,})"))} -> 82100 | F11: =DATE(2025,4,MID(C11,FIND("tgl",C11)+3,2)*1) -> 45755 | G11: {=_xlfn.REGEXEXTRACT(C11,"WS\d+")} -> WS12331
B12: 7 | C12: TRSF E-BANKING CR WS8821 4421200 ref pusat MARTA-INDRIANI transaksi tgl10 | D12: {=SUBSTITUTE(_xlfn.REGEXEXTRACT(C12,"[A-Z]{2,}(-[A-Z]+)+"),"-"," ")} -> MARTA INDRIANI | E12: {=VALUE(_xlfn.REGEXEXTRACT(C12," (\d{5,})"))} -> 4421200 | F12: =DATE(2025,4,MID(C12,FIND("tgl",C12)+3,2)*1) -> 45757 | G12: {=_xlfn.REGEXEXTRACT(C12,"WS\d+")} -> WS8821
B13: 8 | C13: TRSF E-BANKING CR 1293FT/WS3321 AYU-OKTAVIANI settle tgl5 toko 902100 | D13: {=SUBSTITUTE(_xlfn.REGEXEXTRACT(C13,"[A-Z]{2,}(-[A-Z]+)+"),"-"," ")} -> AYU OKTAVIANI | E13: {=VALUE(_xlfn.REGEXEXTRACT(C13," (\d{5,})"))} -> 902100 | F13: =DATE(2025,4,MID(C13,FIND("tgl",C13)+3,2)*1) -> 45752 | G13: {=_xlfn.REGEXEXTRACT(C13,"WS\d+")} -> WS3321
B14: 9 | C14: TRSF E-BANKING CR IRVAN-HAKIM 1489400 ASD1204/FTCY/WS988 byr toko sumatra tgl8 | D14: {=SUBSTITUTE(_xlfn.REGEXEXTRACT(C14,"[A-Z]{2,}(-[A-Z]+)+"),"-"," ")} -> IRVAN HAKIM | E14: {=VALUE(_xlfn.REGEXEXTRACT(C14," (\d{5,})"))} -> 1489400 | F14: =DATE(2025,4,MID(C14,FIND("tgl",C14)+3,2)*1) -> 45755 | G14: {=_xlfn.REGEXEXTRACT(C14,"WS\d+")} -> WS988
B15: 10 | C15: TRSF E-BANKING CR WS92310 pembayaran 1094300 untuk MUHAMMAD-IQBAL tgl2 sukses-ok | D15: {=SUBSTITUTE(_xlfn.REGEXEXTRACT(C15,"[A-Z]{2,}(-[A-Z]+)+"),"-"," ")} -> MUHAMMAD IQBAL | E15: {=VALUE(_xlfn.REGEXEXTRACT(C15," (\d{5,})"))} -> 1094300 | F15: =DATE(2025,4,MID(C15,FIND("tgl",C15)+3,2)*1) -> 45749 | G15: {=_xlfn.REGEXEXTRACT(C15,"WS\d+")} -> WS92310
B18: Soal | D18: Contoh Soal :
B19: 1 | C19: Isi kolom nama dengan nama yang tertera pada kode transaksi sesuai contoh | D19: TRSF E-BANKING CR WS8823/FTPO/X44321 transaksi toko SITI-NURHALIZA tgl15 ref 8744000 kode AS-02A
C20: clue: nama selalu hurup besar
D21: Nama | E21: Nilai Transaksi | F21: Tanggal | G21: Kode Transaksi (WS)
B22: 2 | C22: Isi nilai transaksi sesuai nilai yang ada pada kode transaksi sesuai contoh | D22: SITI NURHALIZA | E22: 8744000 | F22: 45762 | G22: WS8823
C23: clue: nilai hanya terdiri dari angka saja
B25: 3 | C25: isi tanggal dengan tanggal yang valid yang didapat dari kode transaksi
B26: 4 | C26: isi kode WS dari kode transaksi
C29: kirim Kode Soal dan Kode Jawaban diatas ke alamat : https://belajarexcel.id/xl-test/jawaban untuk mengecek hasil jawaban | G29: https://belajarexcel.id/xl-test/

Sheet DF
C1: V1 | D1: V2 | E1: V3 | F1: V4 | G1: V5 | H1: Cek1 | I1: Cek | J1: Value | K1: TRUE | L1: FALSE
A2: DEF | C2: =MID('XL-Test'!D6,2,2) -> IN | D2: =MID('XL-Test'!D10,2,2) -> UL | E2: =MID('XL-Test'!D15,2,2) -> UH | F2: =LEFT('XL-Test'!D7)&LEFT('XL-Test'!D8)&LEFT('XL-Test'!D9)&LEFT('XL-Test'!D10) -> KZMZ | G2: =LEFT(C2)&RIGHT(E2) -> IH | H2: =ISNUMBER(FIND("-",'XL-Test'!D6))+0 -> 0 | I2: =AND(ISNUMBER(FIND("(",R2)),ISNUMBER(FIND("C",R2)),ISNUMBER(FIND("=",R2)))+0 -> 1 | J2: =IF(OR(C2=0,C2=""),"ANSHEGAE",C2&D2&E2&F2&G2&H2&I2) -> INULUHKZMZIH01 | K2: =LEFT(RIGHT(J2,4),2) -> IH | L2: =LEFT(J2,2) -> IN | M2: =OR(AND(ISNUMBER(FIND("ERX",R2)),ISNUMBER(FIND("STI",R2)),ISNUMBER(SEARCH("slat",R2))),ISNUMBER(FIND("EGE",R2))) -> TRUE | N2: =IF(M2,K2,L2) -> IH | O2: =N2&"-"&J2&";" -> IH-INULUHKZMZIH01; | R2: =_xlfn.FORMULATEXT('XL-Test'!D6) -> =SUBSTITUTE(REGEXEXTRACT(C6;"[A-Z]{2,}(-[A-Z]+)+");"-";" ")
A3: DEF2 | C3: ='XL-Test'!E6 -> 8412200 | D3: ='XL-Test'!E10 -> 9840022 | E3: ='XL-Test'!E15 -> 1094300 | F3: =SUM('XL-Test'!E6:E15) -> 37228822 | G3: =SUM(C3:F3) -> 56575344 | I3: =AND(ISNUMBER(FIND("(",R3)),ISNUMBER(FIND("C",R3)),ISNUMBER(FIND("=",R3)))+0 -> 1 | J3: =IF(C3=0,DEC2HEX(8000),DEC2HEX(G3)&I3) -> 35F45701 | K3: =LEFT(RIGHT(J3,4),2) -> 57 | L3: =LEFT(J3,2) -> 35 | M3: =OR(AND(ISNUMBER(FIND("ERX",R3)),ISNUMBER(FIND("STI",R3)),ISNUMBER(SEARCH("umb",R3))),ISNUMBER(FIND("EGE",R3))) -> TRUE | N3: =IF(M3,K3,L3) -> 57 | O3: =N3&"-"&J3&";" -> 57-35F45701; | R3: =_xlfn.FORMULATEXT('XL-Test'!E6) -> =VALUE(REGEXEXTRACT(C6;" (\d{5,})"))
C4: ='XL-Test'!F6 -> 45754 | D4: ='XL-Test'!F10 -> 45763 | E4: ='XL-Test'!F15 -> 45749 | F4: =SUM('XL-Test'!F6:F15) -> 457571 | G4: =SUM(C4:F4) -> 594837 | I4: =AND(ISNUMBER(FIND("(",R4)),ISNUMBER(FIND("C",R4)),ISNUMBER(FIND("=",R4)))+0 -> 1 | J4: =IF(C4=0,DEC2HEX(7000),DEC2HEX(G4)&I4) -> 913951 | K4: =LEFT(RIGHT(J4,4),2) -> 39 | L4: =LEFT(J4,2) -> 91 | M4: =OR(AND(ISNUMBER(FIND("ERX",R4)),ISNUMBER(FIND("STI",R4))),ISNUMBER(FIND("EGE",R4)),AND(ISNUMBER(FIND("ATE",R4)),ISNUMBER(FIND("ID",R4)))) -> TRUE | N4: =IF(M4,K4,L4) -> 39 | O4: =N4&"-"&J4&";" -> 39-913951; | R4: =_xlfn.FORMULATEXT('XL-Test'!F6) -> =DATE(2025;4;MID(C6;FIND("tgl";C6)+3;2)*1)
C5: =IFERROR(MID('XL-Test'!G6,3,99)*1,0) -> 9981 | D5: =IFERROR(MID('XL-Test'!G8,3,99)*1,0) -> 443142 | E5: =IFERROR(MID('XL-Test'!G15,3,99)*1,0) -> 92310 | F5: =IFERROR((RIGHT('XL-Test'!G7)&RIGHT('XL-Test'!G8)&RIGHT('XL-Test'!G9)&RIGHT('XL-Test'!G10))*1,0) -> 2232 | G5: =SUM(C5:F5) -> 547665 | I5: =AND(ISNUMBER(FIND("(",R5)),ISNUMBER(FIND("C",R5)),ISNUMBER(FIND("=",R5)))+0 -> 1 | J5: =IF(C5=0,DEC2HEX(6000),DEC2HEX(G5)&I5) -> 85B511 | K5: =LEFT(RIGHT(J5,4),2) -> B5 | L5: =LEFT(J5,2) -> 85 | M5: =OR(AND(ISNUMBER(FIND("ERX",R5)),ISNUMBER(FIND("STI",R5)),ISNUMBER(SEARCH("tai",R5))),ISNUMBER(FIND("EGE",R5))) -> TRUE | N5: =IF(M5,K5,L5) -> B5 | O5: =N5&"-"&J5 -> B5-85B511 | R5: =_xlfn.FORMULATEXT('XL-Test'!G6) -> =REGEXEXTRACT(C6;"WS\d+")
C8: =A3&"|"&O2&O3&O4&O5 -> DEF2|IH-INULUHKZMZIH01;57-35F45701;39-913951;B5-85B511
